-- liquibase formatted sql
-- changeset document:init_core_document.sql
-- preconditions onFail:MARK_RAN onError:WARN
--
-- Dumping data for table core_admin_right
--
INSERT INTO core_admin_right (id_right,name,level_right,admin_url,description,is_updatable,plugin_name,id_feature_group,icon_url,documentation_url) VALUES 
('DOCUMENT_TYPES_MANAGEMENT','document.adminFeature.document_types_management.name',1,'jsp/admin/plugins/document/ManageDocumentTypes.jsp','document.adminFeature.document_types_management.description',0,'document','CONTENT','images/admin/skin/plugins/document/manage_document_types.png',NULL);
INSERT INTO core_admin_right (id_right,name,level_right,admin_url,description,is_updatable,plugin_name,id_feature_group,icon_url,documentation_url) VALUES 
('DOCUMENT_MANAGEMENT','document.adminFeature.documents_management.name',3,'jsp/admin/plugins/document/ManageDocuments.jsp','document.adminFeature.documents_management.description',0,'document','CONTENT','images/admin/skin/plugins/document/manage_documents.png',NULL);
INSERT INTO core_admin_right (id_right,name,level_right,admin_url,description,is_updatable,plugin_name,id_feature_group,icon_url,documentation_url) VALUES 
('DOCUMENT_RULES_MANAGEMENT','document.adminFeature.rules_management.name',1,'jsp/admin/plugins/document/ManageRules.jsp','document.adminFeature.rules_management.description',0,'document','CONTENT','images/admin/skin/plugins/document/manage_rules.png',NULL);
INSERT INTO core_admin_right (id_right,name,level_right,admin_url,description,is_updatable,plugin_name,id_feature_group,icon_url,documentation_url) VALUES 
('DOCUMENT_CATEGORY_MANAGEMENT','document.adminFeature.category_management.name',1,'jsp/admin/plugins/document/ManageCategory.jsp','document.adminFeature.category_management.description',0,'document','CONTENT','images/admin/skin/plugins/document/manage_category.png',NULL);

--
-- Dumping data for table core_admin_role
--
INSERT INTO core_admin_role (role_key,role_description) VALUES ('view_spaces_all','Vue sur tous les espaces');
INSERT INTO core_admin_role (role_key,role_description) VALUES ('manage_spaces','Gestion des espaces de documents');
INSERT INTO core_admin_role (role_key,role_description) VALUES ('view_space_work','Vue sur l''espace de travail');
INSERT INTO core_admin_role (role_key,role_description) VALUES ('view_spaces_multimedia','Vue sur les espaces multimedia');
INSERT INTO core_admin_role (role_key,role_description) VALUES ('content_contributor','Producteur de contenu');
INSERT INTO core_admin_role (role_key,role_description) VALUES ('content_validator','Validateur de contenu');
INSERT INTO core_admin_role (role_key,role_description) VALUES ('content_publisher','Gestionnaire de publication');
INSERT INTO core_admin_role (role_key,role_description) VALUES ('view_space_validation','Vue sur l''espace de validation');

--
-- Dumping data for table core_admin_role_resource
--
INSERT INTO core_admin_role_resource (rbac_id,role_key,resource_type,resource_id,permission) VALUES (87,'view_spaces_multimedia','DOCUMENT_SPACE','5','VIEW');
INSERT INTO core_admin_role_resource (rbac_id,role_key,resource_type,resource_id,permission) VALUES (86,'view_space_work','DOCUMENT_SPACE','2','VIEW');
INSERT INTO core_admin_role_resource (rbac_id,role_key,resource_type,resource_id,permission) VALUES (85,'manage_spaces','DOCUMENT_SPACE','*','CREATE');
INSERT INTO core_admin_role_resource (rbac_id,role_key,resource_type,resource_id,permission) VALUES (84,'manage_spaces','DOCUMENT_SPACE','*','MOVE');
INSERT INTO core_admin_role_resource (rbac_id,role_key,resource_type,resource_id,permission) VALUES (83,'manage_spaces','DOCUMENT_SPACE','*','MODIFY');
INSERT INTO core_admin_role_resource (rbac_id,role_key,resource_type,resource_id,permission) VALUES (82,'manage_spaces','DOCUMENT_SPACE','*','DELETE');
INSERT INTO core_admin_role_resource (rbac_id,role_key,resource_type,resource_id,permission) VALUES (81,'view_spaces_all','DOCUMENT_SPACE','0','VIEW');
INSERT INTO core_admin_role_resource (rbac_id,role_key,resource_type,resource_id,permission) VALUES (78,'super_admin','DOCUMENT_TYPE','*','*');
INSERT INTO core_admin_role_resource (rbac_id,role_key,resource_type,resource_id,permission) VALUES (88,'content_contributor','DOCUMENT_TYPE','*','SUBMIT');
INSERT INTO core_admin_role_resource (rbac_id,role_key,resource_type,resource_id,permission) VALUES (89,'content_contributor','DOCUMENT_TYPE','*','DELETE');
INSERT INTO core_admin_role_resource (rbac_id,role_key,resource_type,resource_id,permission) VALUES (90,'content_contributor','DOCUMENT_TYPE','*','MODIFY');
INSERT INTO core_admin_role_resource (rbac_id,role_key,resource_type,resource_id,permission) VALUES (91,'content_contributor','DOCUMENT_TYPE','*','VIEW');
INSERT INTO core_admin_role_resource (rbac_id,role_key,resource_type,resource_id,permission) VALUES (92,'content_contributor','DOCUMENT_TYPE','*','VIEW_HISTORY');
INSERT INTO core_admin_role_resource (rbac_id,role_key,resource_type,resource_id,permission) VALUES (93,'content_contributor','DOCUMENT_TYPE','*','CREATE');
INSERT INTO core_admin_role_resource (rbac_id,role_key,resource_type,resource_id,permission) VALUES (94,'content_validator','DOCUMENT_TYPE','*','VIEW');
INSERT INTO core_admin_role_resource (rbac_id,role_key,resource_type,resource_id,permission) VALUES (95,'content_validator','DOCUMENT_TYPE','*','VIEW_HISTORY');
INSERT INTO core_admin_role_resource (rbac_id,role_key,resource_type,resource_id,permission) VALUES (96,'content_validator','DOCUMENT_TYPE','*','VALIDATE');
INSERT INTO core_admin_role_resource (rbac_id,role_key,resource_type,resource_id,permission) VALUES (97,'content_publisher','DOCUMENT_TYPE','*','ARCHIVE');
INSERT INTO core_admin_role_resource (rbac_id,role_key,resource_type,resource_id,permission) VALUES (98,'content_publisher','DOCUMENT_TYPE','*','VIEW');
INSERT INTO core_admin_role_resource (rbac_id,role_key,resource_type,resource_id,permission) VALUES (99,'content_publisher','DOCUMENT_TYPE','*','VIEW_HISTORY');
INSERT INTO core_admin_role_resource (rbac_id,role_key,resource_type,resource_id,permission) VALUES (100,'content_publisher','DOCUMENT_TYPE','*','PUBLISH');
INSERT INTO core_admin_role_resource (rbac_id,role_key,resource_type,resource_id,permission) VALUES (102,'view_space_validation','DOCUMENT_SPACE','3','VIEW');
INSERT INTO core_admin_role_resource (rbac_id,role_key,resource_type,resource_id,permission) VALUES (107,'content_contributor','DOCUMENT_TYPE','*','CHANGE');
INSERT INTO core_admin_role_resource (rbac_id,role_key,resource_type,resource_id,permission) VALUES (108,'content_publisher','DOCUMENT_TYPE','*','ASSIGN');

--
-- Dumping data for table core_portlet_type
--
INSERT INTO core_portlet_type (id_portlet_type,name,url_creation,url_update,home_class,plugin_name,url_docreate,create_script,create_specific,create_specific_form,url_domodify,modify_script,modify_specific,modify_specific_form) VALUES 
('DOCUMENT_LIST_PORTLET','document.portlet.documentListPortlet.name','plugins/document/CreateDocumentListPortlet.jsp','plugins/document/ModifyDocumentListPortlet.jsp','fr.paris.lutece.plugins.document.business.portlet.DocumentListPortletHome','document','plugins/document/DoCreateDocumentListPortlet.jsp','/admin/portlet/script_create_portlet.html','/admin/plugins/document/portlet/document_list_portlet_type.html','','plugins/document/DoModifyDocumentListPortlet.jsp','/admin/portlet/script_modify_portlet.html','/admin/plugins/document/portlet/document_list_portlet_type.html','');
INSERT INTO core_portlet_type (id_portlet_type,name,url_creation,url_update,home_class,plugin_name,url_docreate,create_script,create_specific,create_specific_form,url_domodify,modify_script,modify_specific,modify_specific_form) VALUES 
('DOCUMENT_PORTLET','document.portlet.documentPortlet.name','plugins/document/CreateDocumentPortlet.jsp','plugins/document/ModifyDocumentPortlet.jsp','fr.paris.lutece.plugins.document.business.portlet.DocumentPortletHome','document','plugins/document/DoCreateDocumentPortlet.jsp','/admin/portlet/script_create_portlet.html','/admin/plugins/document/portlet/document_portlet_type.html','','plugins/document/DoModifyDocumentPortlet.jsp','/admin/portlet/script_modify_portlet.html','/admin/plugins/document/portlet/document_portlet_type.html','');


--
-- Dumping data for table `core_style`
--
-- WHERE:  id_style between 1700 and 1799
INSERT INTO core_style (id_style, description_style, id_portlet_type, id_portal_component) VALUES (1700,'Défaut','DOCUMENT_LIST_PORTLET',0);
INSERT INTO core_style (id_style, description_style, id_portlet_type, id_portal_component) VALUES (1701,'Type Actor','DOCUMENT_LIST_PORTLET',0);
INSERT INTO core_style (id_style, description_style, id_portlet_type, id_portal_component) VALUES (1702,'Type Brève','DOCUMENT_LIST_PORTLET',0);
INSERT INTO core_style (id_style, description_style, id_portlet_type, id_portal_component) VALUES (1703,'Type Article','DOCUMENT_LIST_PORTLET',0);
INSERT INTO core_style (id_style, description_style, id_portlet_type, id_portal_component) VALUES (1704,'Type Image','DOCUMENT_LIST_PORTLET',0);
INSERT INTO core_style (id_style, description_style, id_portlet_type, id_portal_component) VALUES (1705,'Type Video','DOCUMENT_LIST_PORTLET',0);
INSERT INTO core_style (id_style, description_style, id_portlet_type, id_portal_component) VALUES (1706,'Type Pdf','DOCUMENT_LIST_PORTLET',0);
INSERT INTO core_style (id_style, description_style, id_portlet_type, id_portal_component) VALUES (1707,'Type Son','DOCUMENT_LIST_PORTLET',0);
INSERT INTO core_style (id_style, description_style, id_portlet_type, id_portal_component) VALUES (1708,'Type Actor Service','DOCUMENT_LIST_PORTLET',0);
INSERT INTO core_style (id_style, description_style, id_portlet_type, id_portal_component) VALUES (1710,'Type Article Extend','DOCUMENT_LIST_PORTLET',0);
INSERT INTO core_style (id_style, description_style, id_portlet_type, id_portal_component) VALUES (1711,'Type PDF Extend','DOCUMENT_LIST_PORTLET',0);
INSERT INTO core_style (id_style, description_style, id_portlet_type, id_portal_component) VALUES (1730,'Type Actor','DOCUMENT_PORTLET',0);
INSERT INTO core_style (id_style, description_style, id_portlet_type, id_portal_component) VALUES (1731,'Type Brève','DOCUMENT_PORTLET',0);
INSERT INTO core_style (id_style, description_style, id_portlet_type, id_portal_component) VALUES (1732,'Type Article','DOCUMENT_PORTLET',0);
INSERT INTO core_style (id_style, description_style, id_portlet_type, id_portal_component) VALUES (1733,'Type Image','DOCUMENT_PORTLET',0);
INSERT INTO core_style (id_style, description_style, id_portlet_type, id_portal_component) VALUES (1734,'Type Video','DOCUMENT_PORTLET',0);
INSERT INTO core_style (id_style, description_style, id_portlet_type, id_portal_component) VALUES (1735,'Type Pdf','DOCUMENT_PORTLET',0);
INSERT INTO core_style (id_style, description_style, id_portlet_type, id_portal_component) VALUES (1736,'Type Son','DOCUMENT_PORTLET',0);
INSERT INTO core_style (id_style, description_style, id_portlet_type, id_portal_component) VALUES (1737,'Type Flash','DOCUMENT_LIST_PORTLET',0);
INSERT INTO core_style (id_style, description_style, id_portlet_type, id_portal_component) VALUES (1738,'Type Flash','DOCUMENT_PORTLET',0);
INSERT INTO core_style (id_style, description_style, id_portlet_type, id_portal_component) VALUES (1739,'Défaut Download','DOCUMENT_LIST_PORTLET',0);

--
-- Dumping data for table `core_style_mode_stylesheet`
--
-- WHERE:  id_style between 1700 and 1799
INSERT INTO core_style_mode_stylesheet (id_style, id_mode, id_stylesheet) VALUES (1700,0,298);
INSERT INTO core_style_mode_stylesheet (id_style, id_mode, id_stylesheet) VALUES (1701,0,297);
INSERT INTO core_style_mode_stylesheet (id_style, id_mode, id_stylesheet) VALUES (1702,0,299);
INSERT INTO core_style_mode_stylesheet (id_style, id_mode, id_stylesheet) VALUES (1703,0,300);
INSERT INTO core_style_mode_stylesheet (id_style, id_mode, id_stylesheet) VALUES (1704,0,304);
INSERT INTO core_style_mode_stylesheet (id_style, id_mode, id_stylesheet) VALUES (1705,0,9004);
INSERT INTO core_style_mode_stylesheet (id_style, id_mode, id_stylesheet) VALUES (1706,0,302);
INSERT INTO core_style_mode_stylesheet (id_style, id_mode, id_stylesheet) VALUES (1707,0,301);
INSERT INTO core_style_mode_stylesheet (id_style, id_mode, id_stylesheet) VALUES (1708,0,305);
INSERT INTO core_style_mode_stylesheet (id_style, id_mode, id_stylesheet) VALUES (1710,0,305);
INSERT INTO core_style_mode_stylesheet (id_style, id_mode, id_stylesheet) VALUES (1711,0,306);
INSERT INTO core_style_mode_stylesheet (id_style, id_mode, id_stylesheet) VALUES (1720,0,402);
INSERT INTO core_style_mode_stylesheet (id_style, id_mode, id_stylesheet) VALUES (1730,0,403);
INSERT INTO core_style_mode_stylesheet (id_style, id_mode, id_stylesheet) VALUES (1731,0,504);
INSERT INTO core_style_mode_stylesheet (id_style, id_mode, id_stylesheet) VALUES (1732,0,505);
INSERT INTO core_style_mode_stylesheet (id_style, id_mode, id_stylesheet) VALUES (1733,0,506);
INSERT INTO core_style_mode_stylesheet (id_style, id_mode, id_stylesheet) VALUES (1734,0,507);
INSERT INTO core_style_mode_stylesheet (id_style, id_mode, id_stylesheet) VALUES (1735,0,408);
INSERT INTO core_style_mode_stylesheet (id_style, id_mode, id_stylesheet) VALUES (1736,0,409);
INSERT INTO core_style_mode_stylesheet (id_style, id_mode, id_stylesheet) VALUES (1737,0,508);
INSERT INTO core_style_mode_stylesheet (id_style, id_mode, id_stylesheet) VALUES (1738,0,509);
INSERT INTO core_style_mode_stylesheet (id_style, id_mode, id_stylesheet) VALUES (1739,0,510);

--
-- Dumping data for table `core_stylesheet`
--
-- WHERE:  id_stylesheet in (298,297,299,300,304,9004,302,301,305,402,403,504,505,506,507,408,409,508,509,510)
INSERT INTO core_stylesheet (id_stylesheet, description, file_name, source) VALUES (297,'Rubrique Liste de Documents - Type Acteur','portlet_document_actor_list.xsl',0x3C3F786D6C2076657273696F6E3D22312E30223F3E0D0A3C78736C3A7374796C6573686565742076657273696F6E3D22312E302220786D6C6E733A78736C3D22687474703A2F2F7777772E77332E6F72672F313939392F58534C2F5472616E73666F726D223E0D0A0D0A3C78736C3A706172616D206E616D653D22736974652D70617468222073656C6563743D22736974652D7061746822202F3E0D0A3C78736C3A7661726961626C65206E616D653D22706F72746C65742D6964222073656C6563743D22706F72746C65742F706F72746C65742D696422202F3E0D0A0D0A3C78736C3A74656D706C617465206D617463683D22706F72746C6574223E0D0A093C78736C3A7661726961626C65206E616D653D226465766963655F636C617373223E0D0A093C78736C3A63686F6F73653E0D0A09093C78736C3A7768656E20746573743D22737472696E6728646973706C61792D6F6E2D736D616C6C2D646576696365293D273027223E68696464656E2D78733C2F78736C3A7768656E3E0D0A09093C78736C3A7768656E20746573743D22737472696E6728646973706C61792D6F6E2D6E6F726D616C2D646576696365293D273027223E68696464656E2D736D3C2F78736C3A7768656E3E0D0A09093C78736C3A7768656E20746573743D22737472696E6728646973706C61792D6F6E2D6C617267652D646576696365293D273027223E68696464656E2D6D643C2F78736C3A7768656E3E0D0A09093C78736C3A7768656E20746573743D22737472696E6728646973706C61792D6F6E2D786C617267652D646576696365293D273027223E68696464656E2D6C673C2F78736C3A7768656E3E0D0A09093C78736C3A6F74686572776973653E3C2F78736C3A6F74686572776973653E0D0A093C2F78736C3A63686F6F73653E0D0A093C2F78736C3A7661726961626C653E0D0A093C64697620636C6173733D227B246465766963655F636C6173737D22203E0D0A20202020202020203C78736C3A696620746573743D226E6F7428737472696E6728646973706C61792D706F72746C65742D7469746C65293D27312729223E0D0A0909093C683320636C6173733D22223E0D0A090909093C78736C3A76616C75652D6F662064697361626C652D6F75747075742D6573636170696E673D22796573222073656C6563743D22706F72746C65742D6E616D6522202F3E0D0A0909093C2F68333E0D0A20202020202020203C2F78736C3A69663E0D0A09093C64697620636C6173733D2222203E0D0A090920202020203C756C3E20202020202020200D0A20202020202020202020202020202020203C78736C3A6170706C792D74656D706C617465732073656C6563743D22646F63756D656E742D6C6973742D706F72746C65742F646F63756D656E7422202F3E090D0A2020202020202020202020203C2F756C3E20200D0A09093C2F6469763E202020202020202020202020090D0A093C2F6469763E0D0A3C2F78736C3A74656D706C6174653E0D0A0D0A0D0A3C78736C3A74656D706C617465206D617463683D22646F63756D656E74223E2020202020200D0A202020203C6C69207374796C653D226C6973742D7374796C653A6E6F6E653B223E200D0A20202020202020203C78736C3A696620746573743D226E6F7428737472696E6728646F63756D656E742D786D6C2D636F6E74656E74293D276E756C6C2729223E0D0A202020202020202020202020203C7461626C652077696474683D22393025222073756D6D6172793D22646F63756D656E74223E200D0A20202020202020202020202020202020203C74723E0D0A2020202020202020202020202020202020202020203C7464202077696474683D22363525223E2020200D0A202020202020202020202020202020202020202020202020203C6120687265663D227B24736974652D706174687D3F646F63756D656E745F69643D7B646F63756D656E742D69647D262333383B706F72746C65745F69643D7B24706F72746C65742D69647D22207461726765743D225F746F70223E2020202020200D0A20202020202020202020202020202020202020202020202020202020203C78736C3A76616C75652D6F662064697361626C652D6F75747075742D6573636170696E673D22796573222073656C6563743D22646F63756D656E742D786D6C2D636F6E74656E742F6163746F722F6163746F722D66697273746E616D6522202F3E26233136303B3C78736C3A76616C75652D6F662064697361626C652D6F75747075742D6573636170696E673D22796573222073656C6563743D22646F63756D656E742D786D6C2D636F6E74656E742F6163746F722F6163746F722D6C6173746E616D6522202F3E0D0A0D0A202020202020202020202020202020202020202020202020203C2F613E0D0A0909090909093C78736C3A696620746573743D2228737472696E67287265736F757263652D69732D766F7461626C65293D27312729223E0D0A090909090909093C6272202F3E0D0A090909092020202020202020093C78736C3A7661726961626C65206E616D653D227265736F757263652D73636F7265222073656C6563743D227265736F757263652D73636F726522202F3E0D0A092020202020202020090909093C696D67207372633D22696D616765732F6C6F63616C2F736B696E2F706C7567696E732F726174696E672F73746172735F7B247265736F757263652D73636F72657D2E706E672220616C743D2253636F726522207469746C653D2253636F726522202F3E0D0A0909090920202020202020203C2F78736C3A69663E2020200D0A202020202020202020202020202020202020202020202020203C78736C3A696620746573743D2228737472696E672869732D646F776E6C6F61642D73746174293D27312729223E0D0A090909090909093C6272202F3E0D0A09090909090909236931386E7B726174696E672E7265736F757263655F766F74652E6C6162656C446F776E6C6F6164436F756E747D203A203C78736C3A76616C75652D6F662073656C6563743D227265736F757263652D646F776E6C6F61642D7374617422202F3E0D0A090909090909203C2F78736C3A69663E0D0A20202020202020202020202020202020202020203C2F74643E0D0A20202020202020202020202020202020202020203C7464202077696474683D22333525223E0D0A2020202020202020202020202020202020202020202020203C78736C3A6170706C792D74656D706C617465732073656C6563743D22646F63756D656E742D786D6C2D636F6E74656E742F6163746F722F6163746F722D70686F746F2F66696C652D7265736F7572636522202F3E0D0A202020202020202020202020202020202020203C2F74643E0D0A202020202020202020202020202020203C2F74723E202020200D0A2020202020202020202020203C2F7461626C653E200D0A20202020202020203C2F78736C3A69663E0D0A202020203C2F6C693E20202020202020200D0A3C2F78736C3A74656D706C6174653E20202020202020202020202020200D0A090D0A0D0A3C78736C3A74656D706C617465206D617463683D2266696C652D7265736F75726365223E0D0A093C78736C3A63686F6F73653E0D0A09093C78736C3A7768656E20746573743D22287265736F757263652D636F6E74656E742D747970653D27696D6167652F6A70656727206F72207265736F757263652D636F6E74656E742D747970653D27696D6167652F6A706727206F7220207265736F757263652D636F6E74656E742D747970653D27696D6167652F706A70656727206F72207265736F757263652D636F6E74656E742D747970653D27696D6167652F67696627206F72207265736F757263652D636F6E74656E742D747970653D27696D6167652F706E67272922203E0D0A0909093C696D67207372633D22736572766C65742F706C7567696E732F646F63756D656E742F7265736F757263653F69643D7B7265736F757263652D646F63756D656E742D69647D26616D703B69645F6174747269627574653D7B7265736F757263652D6174747269627574652D69647D2220616C743D222220616C69676E3D227269676874222077696474683D22343022206865696768743D223430222F3E0D0A09093C2F78736C3A7768656E3E0D0A09093C78736C3A6F74686572776973653E0D0A202020202020202020202020203C6120687265663D22736572766C65742F706C7567696E732F646F63756D656E742F7265736F757263653F69643D7B7265736F757263652D646F63756D656E742D69647D26616D703B69645F6174747269627574653D7B7265736F757263652D6174747269627574652D69647D223E200D0A0909092020203C696D67207372633D22696D616765732F6C6F63616C2F736B696E2F706C7567696E732F646F63756D656E742F66696C6574797065732F66696C652E706E672220626F726465723D22302220616C743D222220616C69676E3D227269676874222077696474683D22343022206865696768743D223430222F3E0D0A202020202020202020202020203C2F613E0D0A09093C2F78736C3A6F74686572776973653E20202020202020200D0A093C2F78736C3A63686F6F73653E0D0A3C2F78736C3A74656D706C6174653E0D0A0D0A3C2F78736C3A7374796C6573686565743E0D0A);
INSERT INTO core_stylesheet (id_stylesheet, description, file_name, source) VALUES (298,'Rubrique Liste de Documents - Défaut','portlet_document_list.xsl',0x3C3F786D6C2076657273696F6E3D22312E30223F3E0D0A3C78736C3A7374796C6573686565742076657273696F6E3D22312E302220786D6C6E733A78736C3D22687474703A2F2F7777772E77332E6F72672F313939392F58534C2F5472616E73666F726D223E0D0A0D0A3C78736C3A706172616D206E616D653D22736974652D70617468222073656C6563743D22736974652D7061746822202F3E0D0A3C78736C3A7661726961626C65206E616D653D22706F72746C65742D6964222073656C6563743D22706F72746C65742F706F72746C65742D696422202F3E0D0A202020200D0A3C78736C3A74656D706C617465206D617463683D22706F72746C6574223E0D0A0D0A093C78736C3A7661726961626C65206E616D653D226465766963655F636C617373223E0D0A093C78736C3A63686F6F73653E0D0A09093C78736C3A7768656E20746573743D22737472696E6728646973706C61792D6F6E2D736D616C6C2D646576696365293D273027223E68696464656E2D78733C2F78736C3A7768656E3E0D0A09093C78736C3A7768656E20746573743D22737472696E6728646973706C61792D6F6E2D6E6F726D616C2D646576696365293D273027223E68696464656E2D736D3C2F78736C3A7768656E3E0D0A09093C78736C3A7768656E20746573743D22737472696E6728646973706C61792D6F6E2D6C617267652D646576696365293D273027223E68696464656E2D6D643C2F78736C3A7768656E3E0D0A09093C78736C3A7768656E20746573743D22737472696E6728646973706C61792D6F6E2D786C617267652D646576696365293D273027223E68696464656E2D6C673C2F78736C3A7768656E3E0D0A09093C78736C3A6F74686572776973653E3C2F78736C3A6F74686572776973653E0D0A093C2F78736C3A63686F6F73653E0D0A093C2F78736C3A7661726961626C653E0D0A0D0A202020203C64697620636C6173733D22706F72746C6574207B246465766963655F636C6173737D223E0D0A20202020202020203C78736C3A696620746573743D226E6F7428737472696E6728646973706C61792D706F72746C65742D7469746C65293D27312729223E0D0A2020202020202020202020203C68333E0D0A202020202020202020202020202020203C78736C3A76616C75652D6F662064697361626C652D6F75747075742D6573636170696E673D22796573222073656C6563743D22706F72746C65742D6E616D6522202F3E0D0A2020202020202020202020203C2F68333E0D0A20202020202020203C2F78736C3A69663E0D0A09093C6469763E0D0A2020202020202020202020203C78736C3A6170706C792D74656D706C617465732073656C6563743D22646F63756D656E742D6C6973742D706F72746C657422202F3E0D0A09093C2F6469763E0D0A202020203C2F6469763E0D0A3C2F78736C3A74656D706C6174653E0D0A0D0A3C78736C3A74656D706C617465206D617463683D22646F63756D656E742D6C6973742D706F72746C6574223E0D0A202020203C756C3E0D0A20202020202020203C78736C3A6170706C792D74656D706C617465732073656C6563743D22646F63756D656E7422202F3E0D0A202020203C2F756C3E0D0A3C2F78736C3A74656D706C6174653E0D0A0D0A0D0A3C78736C3A74656D706C617465206D617463683D22646F63756D656E74223E0D0A202020203C6C693E0D0A20202020202020203C6120687265663D227B24736974652D706174687D3F646F63756D656E745F69643D7B646F63756D656E742D69647D262333383B706F72746C65745F69643D7B24706F72746C65742D69647D22207461726765743D225F746F70223E0D0A2020202020202020202020203C78736C3A666F722D656163682073656C6563743D2264657363656E64616E743A3A2A223E0D0A202020202020202020202020202020203C78736C3A76616C75652D6F662073656C6563743D22646F63756D656E742D7469746C6522202F3E0D0A20202020202020202020203C2F78736C3A666F722D656163683E0D0A09093C2F613E202020202020202020200D0A09093C78736C3A696620746573743D2228737472696E67287265736F757263652D69732D766F7461626C65293D27312729223E0D0A0909093C6272202F3E0D0A2020202020202020093C78736C3A7661726961626C65206E616D653D227265736F757263652D73636F7265222073656C6563743D227265736F757263652D73636F726522202F3E0D0A0920202020202020203C696D67207372633D22696D616765732F6C6F63616C2F736B696E2F706C7567696E732F726174696E672F73746172735F7B247265736F757263652D73636F72657D2E706E672220616C743D2253636F726522207469746C653D2253636F726522202F3E0D0A20202020202020203C2F78736C3A69663E2020200D0A20202020202020202020203C6272202F3E0D0A2020202020202020202020203C78736C3A666F722D656163682073656C6563743D2264657363656E64616E743A3A2A223E0D0A202020202020202020202020202020203C78736C3A76616C75652D6F662073656C6563743D22646F63756D656E742D73756D6D61727922202F3E0D0A2020202020202020202020203C2F78736C3A666F722D656163683E0D0A2020202020202020202020203C6272202F3E0D0A2020202020202020202020203C78736C3A696620746573743D2228737472696E6728646F63756D656E742D69732D636F6D6D656E7461626C65293D27312729223E0D0A202020202020202020202020202020203C696D67207372633D22696D616765732F6C6F63616C2F736B696E2F706C7567696E732F646F63756D656E742F6E625F636F6D6D656E74732E706E672220616C743D224E6F6D62726520646520636F6D6D656E74616972657322207469746C653D224E6F6D62726520646520636F6D6D656E7461697265732220616C69676E3D226D6964646C65222F3E26233136303B3C78736C3A76616C75652D6F662073656C6563743D22646F63756D656E742D636F6D6D656E742D6E6222202F3E2020202020200D0A2020202020202020202020203C2F78736C3A69663E2020200D0A202020203C2F6C693E0D0A3C2F78736C3A74656D706C6174653E0D0A0D0A0D0A3C2F78736C3A7374796C6573686565743E0D0A0D0A);
INSERT INTO core_stylesheet (id_stylesheet, description, file_name, source) VALUES (299,'Rubrique Liste de Documents - Type Brève','portlet_document_shortarticle_list.xsl',0x3C3F786D6C2076657273696F6E3D22312E30223F3E0D0A3C78736C3A7374796C6573686565742076657273696F6E3D22312E30220D0A09786D6C6E733A78736C3D22687474703A2F2F7777772E77332E6F72672F313939392F58534C2F5472616E73666F726D223E0D0A0D0A093C78736C3A706172616D206E616D653D22736974652D70617468222073656C6563743D22736974652D7061746822202F3E0D0A093C78736C3A706172616D206E616D653D22706167652D6964222073656C6563743D22706167652D696422202F3E0D0A093C78736C3A7661726961626C65206E616D653D22706F72746C65742D6964222073656C6563743D22706F72746C65742F706F72746C65742D696422202F3E0D0A0D0A093C78736C3A74656D706C617465206D617463683D22706F72746C6574223E0D0A090D0A093C78736C3A7661726961626C65206E616D653D226465766963655F636C617373223E0D0A093C78736C3A63686F6F73653E0D0A09093C78736C3A7768656E20746573743D22737472696E6728646973706C61792D6F6E2D736D616C6C2D646576696365293D273027223E68696464656E2D78733C2F78736C3A7768656E3E0D0A09093C78736C3A7768656E20746573743D22737472696E6728646973706C61792D6F6E2D6E6F726D616C2D646576696365293D273027223E68696464656E2D736D3C2F78736C3A7768656E3E0D0A09093C78736C3A7768656E20746573743D22737472696E6728646973706C61792D6F6E2D6C617267652D646576696365293D273027223E68696464656E2D6D643C2F78736C3A7768656E3E0D0A09093C78736C3A7768656E20746573743D22737472696E6728646973706C61792D6F6E2D786C617267652D646576696365293D273027223E68696464656E2D6C673C2F78736C3A7768656E3E0D0A09093C78736C3A6F74686572776973653E3C2F78736C3A6F74686572776973653E0D0A093C2F78736C3A63686F6F73653E0D0A093C2F78736C3A7661726961626C653E0D0A090D0A09093C64697620636C6173733D22706F72746C6574207B246465766963655F636C6173737D223E0D0A0909093C78736C3A696620746573743D226E6F7428737472696E6728646973706C61792D706F72746C65742D7469746C65293D27312729223E0D0A090909093C68332069643D2261727469636C655F7B24706F72746C65742D69647D223E0D0A09090909093C78736C3A76616C75652D6F662064697361626C652D6F75747075742D6573636170696E673D22796573222073656C6563743D22706F72746C65742D6E616D6522202F3E0D0A090909093C2F68333E0D0A090909093C6272202F3E0D0A0909093C2F78736C3A69663E0D0A0909093C78736C3A6170706C792D74656D706C617465732073656C6563743D22646F63756D656E742D6C6973742D706F72746C65742F646F63756D656E7422202F3E0D0A0909093C78736C3A746578742064697361626C652D6F75747075742D6573636170696E673D22796573223E0D0A090909093C215B43444154415B3C64697620636C6173733D22636C656172223E26233136303B3C2F6469763E5D5D3E0D0A0909093C2F78736C3A746578743E0D0A09093C2F6469763E0D0A093C2F78736C3A74656D706C6174653E0D0A0D0A093C78736C3A74656D706C617465206D617463683D22646F63756D656E74223E0D0A09093C78736C3A696620746573743D226E6F7428737472696E6728646F63756D656E742D786D6C2D636F6E74656E74293D276E756C6C2729223E0D0A0909093C64697620636C6173733D22636F6C2D6D642D36223E0D0A090909093C610D0A0909090909687265663D227B24736974652D706174687D3F646F63756D656E745F69643D7B646F63756D656E742D69647D262333383B706F72746C65745F69643D7B24706F72746C65742D69647D220D0A09090909097461726765743D225F746F70223E0D0A09090909093C78736C3A666F722D656163682073656C6563743D2264657363656E64616E743A3A2A223E0D0A0909090909093C78736C3A76616C75652D6F662073656C6563743D22646F63756D656E742D7469746C6522202F3E0D0A09090909093C2F78736C3A666F722D656163683E0D0A090909093C2F613E0D0A090909093C78736C3A696620746573743D2228737472696E67287265736F757263652D69732D766F7461626C65293D27312729223E0D0A09090909093C6272202F3E0D0A09092020202020202020093C78736C3A7661726961626C65206E616D653D227265736F757263652D73636F7265222073656C6563743D227265736F757263652D73636F726522202F3E0D0A09202020202020202009093C696D67207372633D22696D616765732F6C6F63616C2F736B696E2F706C7567696E732F726174696E672F73746172735F7B247265736F757263652D73636F72657D2E706E672220616C743D2253636F726522207469746C653D2253636F726522202F3E0D0A090920202020202020203C2F78736C3A69663E2020200D0A090909093C78736C3A696620746573743D2228737472696E672869732D646F776E6C6F61642D73746174293D27312729223E0D0A09090909093C6272202F3E0D0A0909090909236931386E7B726174696E672E7265736F757263655F766F74652E6C6162656C446F776E6C6F6164436F756E747D203A203C78736C3A76616C75652D6F662073656C6563743D227265736F757263652D646F776E6C6F61642D7374617422202F3E0D0A090909093C2F78736C3A69663E0D0A090909093C6272202F3E0D0A090909093C78736C3A666F722D656163682073656C6563743D2264657363656E64616E743A3A2A223E0D0A09090909093C78736C3A76616C75652D6F662073656C6563743D22646F63756D656E742D73756D6D61727922202F3E0D0A090909093C2F78736C3A666F722D656163683E0D0A0909093C2F6469763E0D0A09093C2F78736C3A69663E0D0A093C2F78736C3A74656D706C6174653E0D0A090D0A3C2F78736C3A7374796C6573686565743E0D0A);
INSERT INTO core_stylesheet (id_stylesheet, description, file_name, source) VALUES (300,'Rubrique Liste de Documents - Type Article','portlet_document_article_list.xsl',0x3C3F786D6C2076657273696F6E3D22312E30223F3E0D0A3C78736C3A7374796C6573686565742076657273696F6E3D22312E30220D0A09786D6C6E733A78736C3D22687474703A2F2F7777772E77332E6F72672F313939392F58534C2F5472616E73666F726D223E0D0A0D0A093C78736C3A706172616D206E616D653D22736974652D70617468222073656C6563743D22736974652D7061746822202F3E0D0A093C78736C3A706172616D206E616D653D22746172676574222073656C6563743D2274617267657422202F3E0D0A093C78736C3A706172616D206E616D653D22706167652D6964222073656C6563743D22706167652D696422202F3E0D0A093C78736C3A7661726961626C65206E616D653D22706F72746C65742D6964222073656C6563743D22706F72746C65742F706F72746C65742D696422202F3E0D0A0D0A093C78736C3A74656D706C617465206D617463683D22706F72746C6574223E0D0A09093C78736C3A7661726961626C65206E616D653D226465766963655F636C617373223E0D0A09093C78736C3A63686F6F73653E0D0A0909093C78736C3A7768656E20746573743D22737472696E6728646973706C61792D6F6E2D736D616C6C2D646576696365293D273027223E68696464656E2D78733C2F78736C3A7768656E3E0D0A09093C78736C3A7768656E20746573743D22737472696E6728646973706C61792D6F6E2D6E6F726D616C2D646576696365293D273027223E68696464656E2D736D3C2F78736C3A7768656E3E0D0A09093C78736C3A7768656E20746573743D22737472696E6728646973706C61792D6F6E2D6C617267652D646576696365293D273027223E68696464656E2D6D643C2F78736C3A7768656E3E0D0A09093C78736C3A7768656E20746573743D22737472696E6728646973706C61792D6F6E2D786C617267652D646576696365293D273027223E68696464656E2D6C673C2F78736C3A7768656E3E0D0A0909093C78736C3A6F74686572776973653E3C2F78736C3A6F74686572776973653E0D0A09093C2F78736C3A63686F6F73653E0D0A09093C2F78736C3A7661726961626C653E0D0A090D0A09093C64697620636C6173733D22706F72746C6574207B246465766963655F636C6173737D223E0D0A0909093C78736C3A696620746573743D226E6F7428737472696E6728646973706C61792D706F72746C65742D7469746C65293D27312729223E0D0A090909093C68332069643D2261727469636C655F7B24706F72746C65742D69647D223E3C78736C3A76616C75652D6F662064697361626C652D6F75747075742D6573636170696E673D22796573222073656C6563743D22706F72746C65742D6E616D6522202F3E3C2F68333E0D0A0909093C2F78736C3A69663E0D0A0909093C78736C3A6170706C792D74656D706C617465732073656C6563743D22646F63756D656E742D6C6973742D706F72746C65742F646F63756D656E7422202F3E0D0A0909093C78736C3A746578742064697361626C652D6F75747075742D6573636170696E673D22796573223E0D0A090909093C215B43444154415B3C64697620636C6173733D22636C656172666978223E26233136303B3C2F6469763E5D5D3E0D0A0909093C2F78736C3A746578743E0D0A09093C2F6469763E0D0A093C2F78736C3A74656D706C6174653E0D0A0D0A093C78736C3A74656D706C617465206D617463683D22646F63756D656E74223E0D0A09093C78736C3A696620746573743D226E6F7428737472696E6728646F63756D656E742D786D6C2D636F6E74656E74293D276E756C6C2729223E0D0A0909093C64697620636C6173733D22636F6C2D6D642D36223E0D0A090909093C6120687265663D227B24736974652D706174687D3F646F63756D656E745F69643D7B646F63756D656E742D69647D262333383B706F72746C65745F69643D7B24706F72746C65742D69647D207B247461726765747D223E0D0A09090909093C78736C3A666F722D656163682073656C6563743D2264657363656E64616E743A3A2A223E0D0A0909090909093C78736C3A76616C75652D6F662073656C6563743D22646F63756D656E742D7469746C6522202F3E0D0A09090909093C2F78736C3A666F722D656163683E0D0A090909093C2F613E0D0A090909093C78736C3A696620746573743D2228737472696E67287265736F757263652D69732D766F7461626C65293D27312729223E0D0A09090909093C6272202F3E0D0A09202020202020202009093C78736C3A7661726961626C65206E616D653D227265736F757263652D73636F7265222073656C6563743D227265736F757263652D73636F726522202F3E0D0A09202020202020202009093C696D67207372633D22696D616765732F6C6F63616C2F736B696E2F706C7567696E732F726174696E672F73746172735F7B247265736F757263652D73636F72657D2E706E672220616C743D2253636F726522207469746C653D2253636F726522202F3E0D0A090920202020202020203C2F78736C3A69663E2020200D0A090909093C78736C3A696620746573743D2228737472696E672869732D646F776E6C6F61642D73746174293D27312729223E0D0A09090909093C6272202F3E0D0A0909090909236931386E7B726174696E672E7265736F757263655F766F74652E6C6162656C446F776E6C6F6164436F756E747D203A203C78736C3A76616C75652D6F662073656C6563743D227265736F757263652D646F776E6C6F61642D7374617422202F3E0D0A090909093C2F78736C3A69663E0D0A090909093C6272202F3E0D0A090909093C78736C3A666F722D656163682073656C6563743D2264657363656E64616E743A3A2A223E0D0A09090909093C78736C3A76616C75652D6F662073656C6563743D22646F63756D656E742D73756D6D61727922202F3E0D0A090909093C2F78736C3A666F722D656163683E0D0A0909093C2F6469763E0D0A09093C2F78736C3A69663E0D0A093C2F78736C3A74656D706C6174653E0D0A090D0A3C2F78736C3A7374796C6573686565743E0D0A);
INSERT INTO core_stylesheet (id_stylesheet, description, file_name, source) VALUES (301,'Rubrique Liste de Documents - Type Son','portlet_document_sound_list.xsl',0x3C3F786D6C2076657273696F6E3D22312E30223F3E0D0A3C78736C3A7374796C6573686565742076657273696F6E3D22312E302220786D6C6E733A78736C3D22687474703A2F2F7777772E77332E6F72672F313939392F58534C2F5472616E73666F726D223E0D0A0D0A3C78736C3A706172616D206E616D653D22736974652D70617468222073656C6563743D22736974652D7061746822202F3E0D0A3C78736C3A7661726961626C65206E616D653D22706F72746C65742D6964222073656C6563743D22706F72746C65742F706F72746C65742D696422202F3E0D0A0D0A3C78736C3A74656D706C617465206D617463683D22706F72746C6574223E0D0A0D0A093C78736C3A7661726961626C65206E616D653D226465766963655F636C617373223E0D0A093C78736C3A63686F6F73653E0D0A09093C78736C3A7768656E20746573743D22737472696E6728646973706C61792D6F6E2D736D616C6C2D646576696365293D273027223E68696464656E2D78733C2F78736C3A7768656E3E0D0A09093C78736C3A7768656E20746573743D22737472696E6728646973706C61792D6F6E2D6E6F726D616C2D646576696365293D273027223E68696464656E2D736D3C2F78736C3A7768656E3E0D0A09093C78736C3A7768656E20746573743D22737472696E6728646973706C61792D6F6E2D6C617267652D646576696365293D273027223E68696464656E2D6D643C2F78736C3A7768656E3E0D0A09093C78736C3A7768656E20746573743D22737472696E6728646973706C61792D6F6E2D786C617267652D646576696365293D273027223E68696464656E2D6C673C2F78736C3A7768656E3E0D0A09093C78736C3A6F74686572776973653E3C2F78736C3A6F74686572776973653E0D0A093C2F78736C3A63686F6F73653E0D0A093C2F78736C3A7661726961626C653E0D0A0D0A093C64697620636C6173733D22706F72746C6574207B246465766963655F636C6173737D223E0D0A20202020202020203C78736C3A696620746573743D226E6F7428737472696E6728646973706C61792D706F72746C65742D7469746C65293D27312729223E0D0A0909093C68333E3C78736C3A76616C75652D6F662064697361626C652D6F75747075742D6573636170696E673D22796573222073656C6563743D22706F72746C65742D6E616D6522202F3E3C2F68333E0D0A20202020202020203C2F78736C3A69663E0D0A09093C756C3E0D0A202020202009202020203C78736C3A6170706C792D74656D706C617465732073656C6563743D22646F63756D656E742D6C6973742D706F72746C65742F646F63756D656E7422202F3E0D0A2020202020093C2F756C3E20200D0A093C2F6469763E0D0A3C2F78736C3A74656D706C6174653E0D0A0D0A3C78736C3A74656D706C617465206D617463683D22646F63756D656E74223E2020202020200D0A3C78736C3A696620746573743D226E6F7428737472696E6728646F63756D656E742D786D6C2D636F6E74656E74293D276E756C6C2729223E0D0A202020203C6C693E0D0A20202020202020203C6120687265663D227B24736974652D706174687D3F646F63756D656E745F69643D7B646F63756D656E742D69647D26616D703B706F72746C65745F69643D7B24706F72746C65742D69647D22207461726765743D225F746F70223E2020202020200D0A202020202020202020202020203C78736C3A76616C75652D6F662073656C6563743D22646F63756D656E742D786D6C2D636F6E74656E742F736F756E642F736F756E642D7469746C6522202F3E2020200D0A202020202020203C2F613E0D0A20202020202020093C78736C3A696620746573743D2228737472696E67287265736F757263652D69732D766F7461626C65293D27312729223E0D0A0909093C6272202F3E0D0A2020202020202020093C78736C3A7661726961626C65206E616D653D227265736F757263652D73636F7265222073656C6563743D227265736F757263652D73636F726522202F3E0D0A0920202020202020203C696D67207372633D22696D616765732F6C6F63616C2F736B696E2F706C7567696E732F726174696E672F73746172735F7B247265736F757263652D73636F72657D2E706E672220616C743D2253636F726522207469746C653D2253636F726522202F3E0D0A20202020202020203C2F78736C3A69663E2020200D0A09093C78736C3A696620746573743D2228737472696E672869732D646F776E6C6F61642D73746174293D27312729223E0D0A0909093C6272202F3E0D0A090909236931386E7B726174696E672E7265736F757263655F766F74652E6C6162656C446F776E6C6F6164436F756E747D203A203C78736C3A76616C75652D6F662073656C6563743D227265736F757263652D646F776E6C6F61642D7374617422202F3E0D0A09093C2F78736C3A69663E0D0A202020202020203C6272202F3E0D0A202020202020202020203C78736C3A76616C75652D6F662073656C6563743D22646F63756D656E742D786D6C2D636F6E74656E742F736F756E642F736F756E642D66696C6522202F3E0D0A202020202020203C6272202F3E0D0A202020202020202020203C78736C3A76616C75652D6F662073656C6563743D22646F63756D656E742D786D6C2D636F6E74656E742F736F756E642F736F756E642D617574686F7222202F3E0D0A2020203C2F6C693E202020202020200D0A3C2F78736C3A69663E0D0A3C2F78736C3A74656D706C6174653E0D0A0D0A3C2F78736C3A7374796C6573686565743E0D0A0D0A0D0A);
INSERT INTO core_stylesheet (id_stylesheet, description, file_name, source) VALUES (304,'Rubrique Liste de Documents - Type Image','portlet_document_image_list.xsl',0x3C3F786D6C2076657273696F6E3D22312E30223F3E0D0A3C78736C3A7374796C6573686565742076657273696F6E3D22312E302220786D6C6E733A78736C3D22687474703A2F2F7777772E77332E6F72672F313939392F58534C2F5472616E73666F726D223E0D0A0D0A3C78736C3A706172616D206E616D653D22736974652D70617468222073656C6563743D22736974652D7061746822202F3E0D0A3C78736C3A7661726961626C65206E616D653D22706F72746C65742D6964222073656C6563743D22706F72746C65742F706F72746C65742D696422202F3E0D0A0D0A3C78736C3A74656D706C617465206D617463683D22706F72746C6574223E0D0A093C78736C3A7661726961626C65206E616D653D226465766963655F636C617373223E0D0A093C78736C3A63686F6F73653E0D0A09093C78736C3A7768656E20746573743D22737472696E6728646973706C61792D6F6E2D736D616C6C2D646576696365293D273027223E68696464656E2D78733C2F78736C3A7768656E3E0D0A09093C78736C3A7768656E20746573743D22737472696E6728646973706C61792D6F6E2D6E6F726D616C2D646576696365293D273027223E68696464656E2D736D3C2F78736C3A7768656E3E0D0A09093C78736C3A7768656E20746573743D22737472696E6728646973706C61792D6F6E2D6C617267652D646576696365293D273027223E68696464656E2D6D643C2F78736C3A7768656E3E0D0A09093C78736C3A7768656E20746573743D22737472696E6728646973706C61792D6F6E2D786C617267652D646576696365293D273027223E68696464656E2D6C673C2F78736C3A7768656E3E0D0A09093C78736C3A6F74686572776973653E3C2F78736C3A6F74686572776973653E0D0A093C2F78736C3A63686F6F73653E0D0A093C2F78736C3A7661726961626C653E0D0A0D0A093C64697620636C6173733D22706F72746C6574207B246465766963655F636C6173737D223E0D0A20202020202020203C78736C3A696620746573743D226E6F7428737472696E6728646973706C61792D706F72746C65742D7469746C65293D27312729223E0D0A0909093C68333E0D0A090909093C78736C3A76616C75652D6F662064697361626C652D6F75747075742D6573636170696E673D22796573222073656C6563743D22706F72746C65742D6E616D6522202F3E0D0A0909093C2F68333E0D0A20202020202020203C2F78736C3A69663E0D0A09093C6469763E0D0A090920202020203C756C20636C6173733D22756E7374796C6564223E20202020202020200D0A20202020202020202020202020202020203C78736C3A6170706C792D74656D706C617465732073656C6563743D22646F63756D656E742D6C6973742D706F72746C65742F646F63756D656E7422202F3E090D0A2020202020202020202020203C2F756C3E20200D0A09093C2F6469763E202020202020202020202020090D0A093C2F6469763E0D0A3C2F78736C3A74656D706C6174653E0D0A0D0A0D0A3C78736C3A74656D706C617465206D617463683D22646F63756D656E74223E2020202020200D0A202020203C6C693E200D0A20202020202020203C78736C3A696620746573743D226E6F7428737472696E6728646F63756D656E742D786D6C2D636F6E74656E74293D276E756C6C2729223E0D0A2020202020202020202020203C6120687265663D227B24736974652D706174687D3F646F63756D656E745F69643D7B646F63756D656E742D69647D262333383B706F72746C65745F69643D7B24706F72746C65742D69647D22207461726765743D225F746F70223E2020202020200D0A202020202020202020202020202020203C78736C3A6170706C792D74656D706C617465732073656C6563743D22646F63756D656E742D786D6C2D636F6E74656E742F696D6167652F696D6167652D66696C652F66696C652D7265736F7572636522202F3E0D0A2020202020202020202020203C2F613E0D0A2020202020202020202020203C78736C3A696620746573743D2228737472696E67287265736F757263652D69732D766F7461626C65293D27312729223E0D0A090909093C6272202F3E0D0A092020202020202020093C78736C3A7661726961626C65206E616D653D227265736F757263652D73636F7265222073656C6563743D227265736F757263652D73636F726522202F3E0D0A092020202020202020093C696D67207372633D22696D616765732F6C6F63616C2F736B696E2F706C7567696E732F726174696E672F73746172735F7B247265736F757263652D73636F72657D2E706E672220616C743D2253636F726522207469746C653D2253636F726522202F3E0D0A2020202020202020093C2F78736C3A69663E2020200D0A2020202020202020202020203C78736C3A696620746573743D2228737472696E672869732D646F776E6C6F61642D73746174293D27312729223E0D0A090909093C6272202F3E0D0A09090909236931386E7B726174696E672E7265736F757263655F766F74652E6C6162656C446F776E6C6F6164436F756E747D203A203C78736C3A76616C75652D6F662073656C6563743D227265736F757263652D646F776E6C6F61642D7374617422202F3E0D0A0909093C2F78736C3A69663E0D0A2020202020202020202020203C6272202F3E20202020202020202020200D0A202020202020202020202020202020203C78736C3A76616C75652D6F662064697361626C652D6F75747075742D6573636170696E673D22796573222073656C6563743D22646F63756D656E742D786D6C2D636F6E74656E742F696D6167652F696D6167652D6465736372697074696F6E22202F3E0D0A2020202020202020202020203C6272202F3E0D0A202020202020202020202020202020203C78736C3A76616C75652D6F662064697361626C652D6F75747075742D6573636170696E673D22796573222073656C6563743D22646F63756D656E742D786D6C2D636F6E74656E742F696D6167652F696D6167652D6372656469747322202F3E0D0A2020202020202020202020203C6272202F3E0D0A20202020202020203C2F78736C3A69663E0D0A202020203C2F6C693E20202020202020200D0A3C2F78736C3A74656D706C6174653E20202020202020202020202020200D0A090D0A0D0A3C78736C3A74656D706C617465206D617463683D2266696C652D7265736F75726365223E0D0A093C78736C3A63686F6F73653E0D0A09093C78736C3A7768656E20746573743D22287265736F757263652D636F6E74656E742D747970653D27696D6167652F6A70656727206F72207265736F757263652D636F6E74656E742D747970653D27696D6167652F6A706727206F7220207265736F757263652D636F6E74656E742D747970653D27696D6167652F706A70656727206F72207265736F757263652D636F6E74656E742D747970653D27696D6167652F67696627206F72207265736F757263652D636F6E74656E742D747970653D27696D6167652F706E672729223E0D0A0909093C696D67207372633D22736572766C65742F706C7567696E732F646F63756D656E742F7265736F757263653F69643D7B7265736F757263652D646F63756D656E742D69647D26616D703B69645F6174747269627574653D7B7265736F757263652D6174747269627574652D69647D2220616C743D222220636C6173733D22696D672D726F756E646564222077696474683D2231323022206865696768743D22313230222F3E0D0A09093C2F78736C3A7768656E3E0D0A09093C78736C3A6F74686572776973653E0D0A202020202020202020202020203C6120687265663D22736572766C65742F706C7567696E732F646F63756D656E742F7265736F757263653F69643D7B7265736F757263652D646F63756D656E742D69647D26616D703B69645F6174747269627574653D7B7265736F757263652D6174747269627574652D69647D223E200D0A0909092020203C696D67207372633D22696D616765732F6C6F63616C2F736B696E2F706C7567696E732F646F63756D656E742F66696C6574797065732F66696C652E706E672220636C6173733D22696D672D726F756E6465642220616C743D22222077696474683D2231323022206865696768743D22313230222F3E0D0A202020202020202020202020203C2F613E0D0A09093C2F78736C3A6F74686572776973653E20202020202020200D0A093C2F78736C3A63686F6F73653E0D0A3C2F78736C3A74656D706C6174653E0D0A0D0A3C2F78736C3A7374796C6573686565743E0D0A);
INSERT INTO core_stylesheet (id_stylesheet, description, file_name, source) VALUES (305,'Rubrique Liste de Documents - Type Article Extend','portlet_document_article_list_extend.xsl',0x3C3F786D6C2076657273696F6E3D22312E30223F3E0D0A3C78736C3A7374796C6573686565742076657273696F6E3D22312E30220D0A09786D6C6E733A78736C3D22687474703A2F2F7777772E77332E6F72672F313939392F58534C2F5472616E73666F726D223E0D0A0D0A093C78736C3A706172616D206E616D653D22736974652D70617468222073656C6563743D22736974652D7061746822202F3E0D0A093C78736C3A706172616D206E616D653D22746172676574222073656C6563743D2274617267657422202F3E0D0A093C78736C3A706172616D206E616D653D22706167652D6964222073656C6563743D22706167652D696422202F3E0D0A093C78736C3A7661726961626C65206E616D653D22706F72746C65742D6964222073656C6563743D22706F72746C65742F706F72746C65742D696422202F3E0D0A0D0A093C78736C3A74656D706C617465206D617463683D22706F72746C6574223E0D0A093C78736C3A7661726961626C65206E616D653D226465766963655F636C617373223E0D0A093C78736C3A63686F6F73653E0D0A09093C78736C3A7768656E20746573743D22737472696E6728646973706C61792D6F6E2D736D616C6C2D646576696365293D273027223E68696464656E2D78733C2F78736C3A7768656E3E0D0A09093C78736C3A7768656E20746573743D22737472696E6728646973706C61792D6F6E2D6E6F726D616C2D646576696365293D273027223E68696464656E2D736D3C2F78736C3A7768656E3E0D0A09093C78736C3A7768656E20746573743D22737472696E6728646973706C61792D6F6E2D6C617267652D646576696365293D273027223E68696464656E2D6D643C2F78736C3A7768656E3E0D0A09093C78736C3A7768656E20746573743D22737472696E6728646973706C61792D6F6E2D786C617267652D646576696365293D273027223E68696464656E2D6C673C2F78736C3A7768656E3E0D0A09093C78736C3A6F74686572776973653E3C2F78736C3A6F74686572776973653E0D0A093C2F78736C3A63686F6F73653E0D0A093C2F78736C3A7661726961626C653E0D0A090D0A09093C64697620636C6173733D22706F72746C6574207B246465766963655F636C6173737D223E0D0A0909093C78736C3A696620746573743D226E6F7428737472696E6728646973706C61792D706F72746C65742D7469746C65293D27312729223E0D0A090909093C68332069643D2261727469636C655F7B24706F72746C65742D69647D223E0D0A09090909093C78736C3A76616C75652D6F662064697361626C652D6F75747075742D6573636170696E673D22796573222073656C6563743D22706F72746C65742D6E616D6522202F3E0D0A090909093C2F68333E3C6272202F3E0D0A0909093C2F78736C3A69663E0D0A0909093C78736C3A6170706C792D74656D706C617465732073656C6563743D22646F63756D656E742D6C6973742D706F72746C65742F646F63756D656E7422202F3E0D0A0909093C78736C3A746578742064697361626C652D6F75747075742D6573636170696E673D22796573223E0D0A090909093C215B43444154415B3C64697620636C6173733D22636C656172223E26233136303B3C2F6469763E5D5D3E0D0A0909093C2F78736C3A746578743E0D0A09093C2F6469763E0D0A093C2F78736C3A74656D706C6174653E0D0A0D0A093C78736C3A74656D706C617465206D617463683D22646F63756D656E74223E0D0A09093C78736C3A696620746573743D226E6F7428737472696E6728646F63756D656E742D786D6C2D636F6E74656E74293D276E756C6C2729223E0D0A0909093C64697620636C6173733D22636F6C2D6D642D3620706F72746C6574223E0D0A090909093C610D0A0909090909687265663D227B24736974652D706174687D3F646F63756D656E745F69643D7B646F63756D656E742D69647D262333383B706F72746C65745F69643D7B24706F72746C65742D69647D207B247461726765747D223E0D0A09090909093C78736C3A666F722D656163682073656C6563743D2264657363656E64616E743A3A2A223E0D0A0909090909093C78736C3A76616C75652D6F662073656C6563743D22646F63756D656E742D7469746C6522202F3E0D0A09090909093C2F78736C3A666F722D656163683E0D0A090909093C2F613E0D0A202020202020202020202020202020203C6272202F3E0D0A202020202020202020202020202020203C78736C3A666F722D656163682073656C6563743D2264657363656E64616E743A3A2A223E0D0A20202020202020202020202020202020202020203C78736C3A76616C75652D6F662073656C6563743D22646F63756D656E742D73756D6D61727922202F3E0D0A202020202020202020202020202020203C2F78736C3A666F722D656163683E0D0A090909093C78736C3A696620746573743D22646F63756D656E742D726174696E67223E0D0A09090909093C6272202F3E0D0A09202020202020202009093C696D67207372633D22696D616765732F6C6F63616C2F736B696E2F706C7567696E732F657874656E642F6D6F64756C65732F726174696E672F73746172735F7B646F63756D656E742D726174696E677D2E706E672220616C743D2253636F726522207469746C653D2253636F726522202F3E0D0A0920202020202020200909283C78736C3A76616C75652D6F662073656C6563743D22646F63756D656E742D6E756D6265722D726174696E6722202F3E290D0A090920202020202020203C2F78736C3A69663E2020200D0A202020202020202020202020202020203C78736C3A696620746573743D22646F63756D656E742D6E756D6265722D636F6D6D656E74223E0D0A20202020202020202020202020202020202020203C6272202F3E0D0A20202020202020202020202020202020202020203C78736C3A76616C75652D6F662073656C6563743D22646F63756D656E742D6E756D6265722D636F6D6D656E7422202F3E20636F6D6D656E7461697265730D0A202020202020202020202020202020203C2F78736C3A69663E2020200D0A090909093C78736C3A696620746573743D22646F63756D656E742D6E756D6265722D68697473223E0D0A09090909093C6272202F3E0D0A20202020202020202020202020202020202020203C78736C3A76616C75652D6F662073656C6563743D22646F63756D656E742D6E756D6265722D6869747322202F3E20767565730D0A090909093C2F78736C3A69663E0D0A0909093C2F6469763E0D0A09093C2F78736C3A69663E0D0A093C2F78736C3A74656D706C6174653E0D0A090D0A3C2F78736C3A7374796C6573686565743E0D0A);
INSERT INTO core_stylesheet (id_stylesheet, description, file_name, source) VALUES (306,'Rubrique Liste de Documents - Type PDF Extend','portlet_document_pdf_list_extend.xsl',0x3C3F786D6C2076657273696F6E3D22312E30223F3E0D0A3C78736C3A7374796C6573686565742076657273696F6E3D22312E302220786D6C6E733A78736C3D22687474703A2F2F7777772E77332E6F72672F313939392F58534C2F5472616E73666F726D223E0D0A0D0A3C78736C3A706172616D206E616D653D22736974652D70617468222073656C6563743D22736974652D7061746822202F3E0D0A3C78736C3A7661726961626C65206E616D653D22706F72746C65742D6964222073656C6563743D22706F72746C65742F706F72746C65742D696422202F3E0D0A0D0A3C78736C3A74656D706C617465206D617463683D22706F72746C6574223E0D0A0D0A093C78736C3A7661726961626C65206E616D653D226465766963655F636C617373223E0D0A093C78736C3A63686F6F73653E0D0A09093C78736C3A7768656E20746573743D22737472696E6728646973706C61792D6F6E2D736D616C6C2D646576696365293D273027223E68696464656E2D78733C2F78736C3A7768656E3E0D0A09093C78736C3A7768656E20746573743D22737472696E6728646973706C61792D6F6E2D6E6F726D616C2D646576696365293D273027223E68696464656E2D736D3C2F78736C3A7768656E3E0D0A09093C78736C3A7768656E20746573743D22737472696E6728646973706C61792D6F6E2D6C617267652D646576696365293D273027223E68696464656E2D6D643C2F78736C3A7768656E3E0D0A09093C78736C3A7768656E20746573743D22737472696E6728646973706C61792D6F6E2D786C617267652D646576696365293D273027223E68696464656E2D6C673C2F78736C3A7768656E3E0D0A09093C78736C3A6F74686572776973653E3C2F78736C3A6F74686572776973653E0D0A093C2F78736C3A63686F6F73653E0D0A093C2F78736C3A7661726961626C653E0D0A0D0A093C64697620636C6173733D227B246465766963655F636C6173737D22203E0D0A20202020202020203C78736C3A696620746573743D226E6F7428737472696E6728646973706C61792D706F72746C65742D7469746C65293D27312729223E0D0A0909093C683320636C6173733D22223E0D0A090909093C78736C3A76616C75652D6F662064697361626C652D6F75747075742D6573636170696E673D22796573222073656C6563743D22706F72746C65742D6E616D6522202F3E0D0A0909093C2F68333E0D0A20202020202020203C2F78736C3A69663E0D0A09093C64697620636C6173733D2222203E0D0A090920202020203C756C3E0D0A20202020202020202009202020203C78736C3A6170706C792D74656D706C617465732073656C6563743D22646F63756D656E742D6C6973742D706F72746C65742F646F63756D656E7422202F3E0D0A202020202020202020202020203C2F756C3E20200D0A09093C2F6469763E0D0A093C2F6469763E0D0A3C2F78736C3A74656D706C6174653E0D0A0D0A0D0A3C78736C3A74656D706C617465206D617463683D22646F63756D656E74223E2020202020200D0A3C78736C3A696620746573743D226E6F7428737472696E6728646F63756D656E742D786D6C2D636F6E74656E74293D276E756C6C2729223E0D0A202020203C6C693E0D0A20202020202020203C6120687265663D22736572766C65742F706C7567696E732F646F63756D656E742F7265736F757263653F69643D7B646F63756D656E742D69647D26616D703B69645F6174747269627574653D343822207461726765743D225F626C616E6B223E2020202020200D0A2020202020202020093C78736C3A666F722D656163682073656C6563743D2264657363656E64616E743A3A2A223E0D0A202020202020202020202020202020203C78736C3A6170706C792D74656D706C617465732073656C6563743D2266696C652D7265736F7572636522202F3E0D0A20202020202020202020203C2F78736C3A666F722D656163683E20200D0A20202020202020202020093C78736C3A666F722D656163682073656C6563743D2264657363656E64616E743A3A2A223E0D0A202020202020202020202020202020203C78736C3A76616C75652D6F662073656C6563743D22646F63756D656E742D7469746C6522202F3E0D0A20202020202020202020203C2F78736C3A666F722D656163683E20200D0A20202020202020203C2F613E0D0A20202020202020203C6272202F3E0D0A20202020202020203C78736C3A666F722D656163682073656C6563743D2264657363656E64616E743A3A2A223E0D0A2020202020202020202020203C78736C3A76616C75652D6F662073656C6563743D22646F63756D656E742D73756D6D61727922202F3E0D0A20202020202020203C2F78736C3A666F722D656163683E0D0A202020202020202020202020202020203C78736C3A696620746573743D22646F63756D656E742D726174696E67223E0D0A20202020202020202020202020202020202020203C6272202F3E0D0A20202020202020202020202020202020202020203C696D67207372633D22696D616765732F6C6F63616C2F736B696E2F706C7567696E732F657874656E642F6D6F64756C65732F726174696E672F73746172735F7B646F63756D656E742D726174696E677D2E706E672220616C743D2253636F726522207469746C653D2253636F726522202F3E0D0A2020202020202020202020202020202020202020283C78736C3A76616C75652D6F662073656C6563743D22646F63756D656E742D6E756D6265722D726174696E6722202F3E290D0A202020202020202020202020202020203C2F78736C3A69663E2020200D0A202020202020202020202020202020203C78736C3A696620746573743D22646F63756D656E742D6E756D6265722D636F6D6D656E74223E0D0A20202020202020202020202020202020202020203C6272202F3E0D0A20202020202020202020202020202020202020203C78736C3A76616C75652D6F662073656C6563743D22646F63756D656E742D6E756D6265722D636F6D6D656E7422202F3E20636F6D6D656E7461697265730D0A202020202020202020202020202020203C2F78736C3A69663E2020200D0A202020202020202020202020202020203C78736C3A696620746573743D22646F63756D656E742D6E756D6265722D68697473223E0D0A20202020202020202020202020202020202020203C6272202F3E0D0A20202020202020202020202020202020202020203C78736C3A76616C75652D6F662073656C6563743D22646F63756D656E742D6E756D6265722D6869747322202F3E20767565730D0A202020202020202020202020202020203C2F78736C3A69663E0D0A202020203C2F6C693E090D0A3C2F78736C3A69663E0D0A3C2F78736C3A74656D706C6174653E20202020202020202020202020200D0A0D0A3C78736C3A74656D706C617465206D617463683D2266696C652D7265736F75726365223E0D0A093C78736C3A63686F6F73653E0D0A09093C78736C3A7768656E20746573743D22287265736F757263652D636F6E74656E742D747970653D276170706C69636174696F6E2F706466272922203E0D0A0909093C696D67207372633D22696D616765732F6C6F63616C2F736B696E2F706C7567696E732F646F63756D656E742F66696C6574797065732F7064662E706E672220626F726465723D22302220616C743D22222077696474683D22333222206865696768743D22333222202F3E0D0A09093C2F78736C3A7768656E3E0D0A0D0A09093C78736C3A6F74686572776973653E0D0A09092020203C696D67207372633D22696D616765732F6C6F63616C2F736B696E2F706C7567696E732F646F63756D656E742F66696C6574797065732F66696C652E706E672220626F726465723D22302220616C743D22222077696474683D22333222206865696768743D223332222F3E0D0A09093C2F78736C3A6F74686572776973653E20202020202020200D0A093C2F78736C3A63686F6F73653E0D0A093C2F78736C3A74656D706C6174653E0D0A3C2F78736C3A7374796C6573686565743E0D0A0D0A);
INSERT INTO core_stylesheet (id_stylesheet, description, file_name, source) VALUES (403,'Rubrique Document simple - Type Acteur','portlet_document_actor.xsl',0x3C3F786D6C2076657273696F6E3D22312E30223F3E0D0A3C78736C3A7374796C6573686565742076657273696F6E3D22312E302220786D6C6E733A78736C3D22687474703A2F2F7777772E77332E6F72672F313939392F58534C2F5472616E73666F726D223E0D0A0D0A3C78736C3A706172616D206E616D653D22736974652D70617468222073656C6563743D22736974652D7061746822202F3E0D0A3C78736C3A7661726961626C65206E616D653D22706F72746C65742D6964222073656C6563743D22706F72746C65742F706F72746C65742D696422202F3E0D0A0D0A3C78736C3A74656D706C617465206D617463683D22706F72746C6574223E0D0A0D0A093C78736C3A7661726961626C65206E616D653D226465766963655F636C617373223E0D0A093C78736C3A63686F6F73653E0D0A09093C78736C3A7768656E20746573743D22737472696E6728646973706C61792D6F6E2D736D616C6C2D646576696365293D273027223E68696464656E2D78733C2F78736C3A7768656E3E0D0A09093C78736C3A7768656E20746573743D22737472696E6728646973706C61792D6F6E2D6E6F726D616C2D646576696365293D273027223E68696464656E2D736D3C2F78736C3A7768656E3E0D0A09093C78736C3A7768656E20746573743D22737472696E6728646973706C61792D6F6E2D6C617267652D646576696365293D273027223E68696464656E2D6D643C2F78736C3A7768656E3E0D0A09093C78736C3A7768656E20746573743D22737472696E6728646973706C61792D6F6E2D786C617267652D646576696365293D273027223E68696464656E2D6C673C2F78736C3A7768656E3E0D0A09093C78736C3A6F74686572776973653E3C2F78736C3A6F74686572776973653E0D0A093C2F78736C3A63686F6F73653E0D0A093C2F78736C3A7661726961626C653E0D0A0D0A093C64697620636C6173733D22706F72746C6574207B246465766963655F636C6173737D223E0D0A20202020202020203C78736C3A696620746573743D226E6F7428737472696E6728646973706C61792D706F72746C65742D7469746C65293D27312729223E0D0A0909093C68333E0D0A090909093C78736C3A76616C75652D6F662064697361626C652D6F75747075742D6573636170696E673D22796573222073656C6563743D22706F72746C65742D6E616D6522202F3E0D0A0909093C2F68333E0D0A20202020202020203C2F78736C3A69663E0D0A09093C6469763E0D0A090920202020203C756C3E20202020202020200D0A20202020202020202020202020202020203C78736C3A6170706C792D74656D706C617465732073656C6563743D22646F63756D656E742D706F72746C65742F646F63756D656E7422202F3E090D0A2020202020202020202020203C2F756C3E20200D0A09093C2F6469763E202020202020202020202020090D0A093C2F6469763E0D0A3C2F78736C3A74656D706C6174653E0D0A0D0A0D0A3C78736C3A74656D706C617465206D617463683D22646F63756D656E74223E2020202020200D0A202020203C6C69207374796C653D226C6973742D7374796C653A6E6F6E653B223E200D0A20202020202020203C78736C3A696620746573743D226E6F7428737472696E6728646F63756D656E742D786D6C2D636F6E74656E74293D276E756C6C2729223E0D0A202020202020202020202020203C7461626C652077696474683D22393025222073756D6D6172793D22646F63756D656E74223E200D0A20202020202020202020202020202020203C74723E0D0A2020202020202020202020202020202020202020203C7464202077696474683D22363525223E2020200D0A202020202020202020202020202020202020202020202020203C6120687265663D227B24736974652D706174687D3F646F63756D656E745F69643D7B646F63756D656E742D69647D262333383B706F72746C65745F69643D7B24706F72746C65742D69647D22207461726765743D225F746F70223E2020202020200D0A20202020202020202020202020202020202020202020202020202020203C78736C3A76616C75652D6F662064697361626C652D6F75747075742D6573636170696E673D22796573222073656C6563743D22646F63756D656E742D786D6C2D636F6E74656E742F6163746F722F6163746F722D66697273746E616D6522202F3E26233136303B3C78736C3A76616C75652D6F662064697361626C652D6F75747075742D6573636170696E673D22796573222073656C6563743D22646F63756D656E742D786D6C2D636F6E74656E742F6163746F722F6163746F722D6C6173746E616D6522202F3E0D0A0D0A202020202020202020202020202020202020202020202020203C2F613E0D0A0909090909093C78736C3A696620746573743D2228737472696E67287265736F757263652D69732D766F7461626C65293D27312729223E0D0A090909090909093C6272202F3E0D0A090909092020202020202020093C78736C3A7661726961626C65206E616D653D227265736F757263652D73636F7265222073656C6563743D227265736F757263652D73636F726522202F3E0D0A092020202020202020090909093C696D67207372633D22696D616765732F6C6F63616C2F736B696E2F706C7567696E732F726174696E672F73746172735F7B247265736F757263652D73636F72657D2E706E672220616C743D2253636F726522207469746C653D2253636F726522202F3E0D0A0909090920202020202020203C2F78736C3A69663E2020200D0A202020202020202020202020202020202020202020202020203C78736C3A696620746573743D2228737472696E672869732D646F776E6C6F61642D73746174293D27312729223E0D0A090909090909093C6272202F3E0D0A09090909090909236931386E7B726174696E672E7265736F757263655F766F74652E6C6162656C446F776E6C6F6164436F756E747D203A203C78736C3A76616C75652D6F662073656C6563743D227265736F757263652D646F776E6C6F61642D7374617422202F3E0D0A090909090909203C2F78736C3A69663E0D0A20202020202020202020202020202020202020203C2F74643E0D0A20202020202020202020202020202020202020203C7464202077696474683D22333525223E0D0A2020202020202020202020202020202020202020202020203C78736C3A6170706C792D74656D706C617465732073656C6563743D22646F63756D656E742D786D6C2D636F6E74656E742F6163746F722F6163746F722D70686F746F2F66696C652D7265736F7572636522202F3E0D0A202020202020202020202020202020202020203C2F74643E0D0A202020202020202020202020202020203C2F74723E202020200D0A2020202020202020202020203C2F7461626C653E200D0A20202020202020203C2F78736C3A69663E0D0A202020203C2F6C693E20202020202020200D0A3C2F78736C3A74656D706C6174653E20202020202020202020202020200D0A090D0A0D0A3C78736C3A74656D706C617465206D617463683D2266696C652D7265736F75726365223E0D0A093C78736C3A63686F6F73653E0D0A09093C78736C3A7768656E20746573743D22287265736F757263652D636F6E74656E742D747970653D27696D6167652F6A70656727206F72207265736F757263652D636F6E74656E742D747970653D27696D6167652F6A706727206F7220207265736F757263652D636F6E74656E742D747970653D27696D6167652F706A70656727206F72207265736F757263652D636F6E74656E742D747970653D27696D6167652F67696627206F72207265736F757263652D636F6E74656E742D747970653D27696D6167652F706E672729223E0D0A0909093C696D67207372633D22736572766C65742F706C7567696E732F646F63756D656E742F7265736F757263653F69643D7B7265736F757263652D646F63756D656E742D69647D26616D703B69645F6174747269627574653D7B7265736F757263652D6174747269627574652D69647D2220616C743D222220616C69676E3D227269676874222077696474683D22343022206865696768743D223430222F3E0D0A09093C2F78736C3A7768656E3E0D0A09093C78736C3A6F74686572776973653E0D0A202020202020202020202020203C6120687265663D22736572766C65742F706C7567696E732F646F63756D656E742F7265736F757263653F69643D7B7265736F757263652D646F63756D656E742D69647D26616D703B69645F6174747269627574653D7B7265736F757263652D6174747269627574652D69647D223E200D0A0909092020203C696D67207372633D22696D616765732F6C6F63616C2F736B696E2F706C7567696E732F646F63756D656E742F66696C6574797065732F66696C652E706E672220626F726465723D22302220616C743D222220616C69676E3D227269676874222077696474683D22343022206865696768743D223430222F3E0D0A202020202020202020202020203C2F613E0D0A09093C2F78736C3A6F74686572776973653E20202020202020200D0A093C2F78736C3A63686F6F73653E0D0A3C2F78736C3A74656D706C6174653E0D0A0D0A3C2F78736C3A7374796C6573686565743E0D0A);
INSERT INTO core_stylesheet (id_stylesheet, description, file_name, source) VALUES (504,'Rubrique Document simple - Type Brève','portlet_document_shortarticle.xsl',0x3C3F786D6C2076657273696F6E3D22312E30223F3E0D0A3C78736C3A7374796C6573686565742076657273696F6E3D22312E302220786D6C6E733A78736C3D22687474703A2F2F7777772E77332E6F72672F313939392F58534C2F5472616E73666F726D223E0D0A0D0A093C78736C3A706172616D206E616D653D22736974652D70617468222073656C6563743D22736974652D7061746822202F3E0D0A093C78736C3A7661726961626C65206E616D653D22706F72746C65742D6964222073656C6563743D22706F72746C65742F706F72746C65742D696422202F3E0D0A0D0A093C78736C3A74656D706C617465206D617463683D22706F72746C6574223E0D0A090D0A09093C78736C3A7661726961626C65206E616D653D226465766963655F636C617373223E0D0A09093C78736C3A63686F6F73653E0D0A0909093C78736C3A7768656E20746573743D22737472696E6728646973706C61792D6F6E2D736D616C6C2D646576696365293D273027223E68696464656E2D78733C2F78736C3A7768656E3E0D0A0909093C78736C3A7768656E20746573743D22737472696E6728646973706C61792D6F6E2D6E6F726D616C2D646576696365293D273027223E68696464656E2D736D3C2F78736C3A7768656E3E0D0A0909093C78736C3A7768656E20746573743D22737472696E6728646973706C61792D6F6E2D6C617267652D646576696365293D273027223E68696464656E2D6D643C2F78736C3A7768656E3E0D0A0909093C78736C3A7768656E20746573743D22737472696E6728646973706C61792D6F6E2D786C617267652D646576696365293D273027223E68696464656E2D6C673C2F78736C3A7768656E3E0D0A0909093C78736C3A6F74686572776973653E3C2F78736C3A6F74686572776973653E0D0A09093C2F78736C3A63686F6F73653E0D0A09093C2F78736C3A7661726961626C653E0D0A0D0A09093C64697620636C6173733D22706F72746C6574207B246465766963655F636C6173737D223E0D0A0909093C78736C3A696620746573743D226E6F7428737472696E6728646973706C61792D706F72746C65742D7469746C65293D27312729223E0D0A090909093C68333E0D0A09090909093C78736C3A76616C75652D6F662064697361626C652D6F75747075742D6573636170696E673D22796573220D0A09090909090973656C6563743D22706F72746C65742D6E616D6522202F3E0D0A090909093C2F68333E0D0A0909093C2F78736C3A69663E0D0A0D0A0909093C78736C3A6170706C792D74656D706C617465732073656C6563743D22646F63756D656E742D706F72746C65742F646F63756D656E7422202F3E0D0A0909093C78736C3A696620746573743D22737472696E6728646F63756D656E742D706F72746C65742F646F63756D656E74293D2727223E0D0A090909093C78736C3A746578742064697361626C652D6F75747075742D6573636170696E673D22796573223E0D0A090909090926616D703B6E6273703B0D0A090909093C2F78736C3A746578743E0D0A0909093C2F78736C3A69663E0D0A09093C2F6469763E0D0A093C2F78736C3A74656D706C6174653E0D0A0D0A093C78736C3A74656D706C617465206D617463683D22646F63756D656E74223E0D0A09093C78736C3A6F7574707574206D6574686F643D2268746D6C2220696E64656E743D2279657322202F3E0D0A09093C78736C3A696620746573743D226E6F7428737472696E6728646F63756D656E742D786D6C2D636F6E74656E74293D276E756C6C2729223E0D0A0909093C78736C3A6170706C792D74656D706C617465732073656C6563743D22646F63756D656E742D786D6C2D636F6E74656E742F73686F727461727469636C6522202F3E0D0A09093C2F78736C3A69663E0D0A093C2F78736C3A74656D706C6174653E0D0A0D0A093C78736C3A74656D706C617465206D617463683D2273686F727461727469636C65223E0D0A09093C703E3C7374726F6E673E3C78736C3A76616C75652D6F662073656C6563743D22646F63756D656E742D7469746C6522202F3E3C2F7374726F6E673E3C2F703E0D0A09093C703E3C78736C3A76616C75652D6F662064697361626C652D6F75747075742D6573636170696E673D22796573220973656C6563743D22646F63756D656E742D73756D6D61727922202F3E3C2F703E0D0A093C2F78736C3A74656D706C6174653E0D0A3C2F78736C3A7374796C6573686565743E0D0A0D0A);
INSERT INTO core_stylesheet (id_stylesheet, description, file_name, source) VALUES (505,'Rubrique Document simple - Type Article','portlet_document_article.xsl',0x3C3F786D6C2076657273696F6E3D22312E30223F3E0D0A3C78736C3A7374796C6573686565742076657273696F6E3D22312E30220D0A09786D6C6E733A78736C3D22687474703A2F2F7777772E77332E6F72672F313939392F58534C2F5472616E73666F726D223E0D0A0D0A093C78736C3A706172616D206E616D653D22736974652D70617468222073656C6563743D22736974652D7061746822202F3E0D0A093C78736C3A7661726961626C65206E616D653D22706F72746C65742D6964222073656C6563743D22706F72746C65742F706F72746C65742D696422202F3E0D0A0D0A093C78736C3A74656D706C617465206D617463683D22706F72746C6574223E0D0A093C78736C3A7661726961626C65206E616D653D226465766963655F636C617373223E0D0A093C78736C3A63686F6F73653E0D0A09093C78736C3A7768656E20746573743D22737472696E6728646973706C61792D6F6E2D736D616C6C2D646576696365293D273027223E68696464656E2D78733C2F78736C3A7768656E3E0D0A09093C78736C3A7768656E20746573743D22737472696E6728646973706C61792D6F6E2D6E6F726D616C2D646576696365293D273027223E68696464656E2D736D3C2F78736C3A7768656E3E0D0A09093C78736C3A7768656E20746573743D22737472696E6728646973706C61792D6F6E2D6C617267652D646576696365293D273027223E68696464656E2D6D643C2F78736C3A7768656E3E0D0A09093C78736C3A7768656E20746573743D22737472696E6728646973706C61792D6F6E2D786C617267652D646576696365293D273027223E68696464656E2D6C673C2F78736C3A7768656E3E0D0A09093C78736C3A6F74686572776973653E3C2F78736C3A6F74686572776973653E0D0A093C2F78736C3A63686F6F73653E0D0A093C2F78736C3A7661726961626C653E0D0A0D0A09093C64697620636C6173733D227B246465766963655F636C6173737D223E0D0A0909093C78736C3A696620746573743D226E6F7428737472696E6728646973706C61792D706F72746C65742D7469746C65293D27312729223E0D0A090909093C683320636C6173733D22223E0D0A09090909093C78736C3A76616C75652D6F662064697361626C652D6F75747075742D6573636170696E673D22796573222073656C6563743D22706F72746C65742D6E616D6522202F3E0D0A090909093C2F68333E0D0A0909093C2F78736C3A69663E0D0A0D0A0909093C64697620636C6173733D22706F72746C65742D636F6E74656E74223E0D0A090909093C78736C3A6170706C792D74656D706C617465732073656C6563743D22646F63756D656E742D706F72746C65742F646F63756D656E742F646F63756D656E742D786D6C2D636F6E74656E742F61727469636C6522202F3E0D0A0909093C2F6469763E0D0A0D0A09093C2F6469763E0D0A093C2F78736C3A74656D706C6174653E0D0A0D0A093C78736C3A74656D706C617465206D617463683D2261727469636C65223E0D0A09093C703E0D0A0909093C7374726F6E673E0D0A090909093C78736C3A76616C75652D6F662073656C6563743D22646F63756D656E742D7469746C6522202F3E0D0A0909093C2F7374726F6E673E0D0A09093C2F703E0D0A09093C703E0D0A0909093C78736C3A63686F6F73653E0D0A090909093C78736C3A7768656E20746573743D2261727469636C652D6174746163686D656E742F66696C652D7265736F75726365213D2727223E0D0A09090909093C78736C3A6170706C792D74656D706C617465732073656C6563743D2261727469636C652D6174746163686D656E742F66696C652D7265736F7572636522202F3E0D0A090909093C2F78736C3A7768656E3E0D0A090909093C78736C3A6F74686572776973653E3C2F78736C3A6F74686572776973653E0D0A0909093C2F78736C3A63686F6F73653E0D0A09093C2F703E0D0A09093C703E0D0A0909093C78736C3A76616C75652D6F662064697361626C652D6F75747075742D6573636170696E673D22796573222073656C6563743D2261727469636C652D626F647922202F3E0D0A09093C2F703E0D0A093C2F78736C3A74656D706C6174653E0D0A0D0A093C78736C3A74656D706C617465206D617463683D2266696C652D7265736F75726365223E0D0A09093C78736C3A63686F6F73653E0D0A0909093C78736C3A7768656E0D0A09090909746573743D22287265736F757263652D636F6E74656E742D747970653D27696D6167652F6A70656727206F72207265736F757263652D636F6E74656E742D747970653D27696D6167652F6A706727206F7220207265736F757263652D636F6E74656E742D747970653D27696D6167652F706A70656727206F72207265736F757263652D636F6E74656E742D747970653D27696D6167652F67696627206F72207265736F757263652D636F6E74656E742D747970653D27696D6167652F706E672729223E0D0A090909093C696D670D0A09090909097372633D22736572766C65742F706C7567696E732F646F63756D656E742F7265736F757263653F69643D7B7265736F757263652D646F63756D656E742D69647D26616D703B69645F6174747269627574653D7B7265736F757263652D6174747269627574652D69647D220D0A0909090909616C69676E3D22726967687422202F3E0D0A0909093C2F78736C3A7768656E3E0D0A0909093C78736C3A6F74686572776973653E0D0A090909093C610D0A0909090909687265663D22736572766C65742F706C7567696E732F646F63756D656E742F7265736F757263653F69643D7B7265736F757263652D646F63756D656E742D69647D26616D703B69645F6174747269627574653D7B7265736F757263652D6174747269627574652D69647D223E0D0A09090909093C696D670D0A0909090909097372633D22696D616765732F6C6F63616C2F736B696E2F706C7567696E732F646F63756D656E742F66696C6574797065732F66696C652E706E67220D0A090909090909626F726465723D223022202F3E0D0A090909093C2F613E0D0A0909093C2F78736C3A6F74686572776973653E0D0A09093C2F78736C3A63686F6F73653E0D0A093C2F78736C3A74656D706C6174653E0D0A3C2F78736C3A7374796C6573686565743E0D0A);
INSERT INTO core_stylesheet (id_stylesheet, description, file_name, source) VALUES (506,'Rubrique Document simple - Type Image','portlet_document_image.xsl',0x3C3F786D6C2076657273696F6E3D22312E30223F3E0D0A3C78736C3A7374796C6573686565742076657273696F6E3D22312E30220D0A09786D6C6E733A78736C3D22687474703A2F2F7777772E77332E6F72672F313939392F58534C2F5472616E73666F726D223E0D0A0D0A093C78736C3A706172616D206E616D653D22736974652D70617468222073656C6563743D22736974652D7061746822202F3E0D0A093C78736C3A7661726961626C65206E616D653D22706F72746C65742D6964222073656C6563743D22706F72746C65742F706F72746C65742D696422202F3E0D0A0D0A093C78736C3A74656D706C617465206D617463683D22706F72746C6574223E0D0A093C78736C3A7661726961626C65206E616D653D226465766963655F636C617373223E0D0A093C78736C3A63686F6F73653E0D0A09093C78736C3A7768656E20746573743D22737472696E6728646973706C61792D6F6E2D736D616C6C2D646576696365293D273027223E68696464656E2D78733C2F78736C3A7768656E3E0D0A09093C78736C3A7768656E20746573743D22737472696E6728646973706C61792D6F6E2D6E6F726D616C2D646576696365293D273027223E68696464656E2D736D3C2F78736C3A7768656E3E0D0A09093C78736C3A7768656E20746573743D22737472696E6728646973706C61792D6F6E2D6C617267652D646576696365293D273027223E68696464656E2D6D643C2F78736C3A7768656E3E0D0A09093C78736C3A7768656E20746573743D22737472696E6728646973706C61792D6F6E2D786C617267652D646576696365293D273027223E68696464656E2D6C673C2F78736C3A7768656E3E0D0A09093C78736C3A6F74686572776973653E3C2F78736C3A6F74686572776973653E0D0A093C2F78736C3A63686F6F73653E0D0A093C2F78736C3A7661726961626C653E0D0A0D0A09093C64697620636C6173733D227B246465766963655F636C6173737D223E0D0A0909093C78736C3A696620746573743D226E6F7428737472696E6728646973706C61792D706F72746C65742D7469746C65293D27312729223E0D0A090909093C683320636C6173733D22223E0D0A09090909093C78736C3A76616C75652D6F662064697361626C652D6F75747075742D6573636170696E673D22796573222073656C6563743D22706F72746C65742D6E616D6522202F3E0D0A090909093C2F68333E0D0A0909093C2F78736C3A69663E0D0A0D0A0909093C78736C3A6170706C792D74656D706C617465732073656C6563743D22646F63756D656E742D706F72746C65742F646F63756D656E7422202F3E0D0A0909093C78736C3A696620746573743D22737472696E6728646F63756D656E742D706F72746C65742F646F63756D656E74293D2727223E0D0A090909093C78736C3A746578742064697361626C652D6F75747075742D6573636170696E673D22796573223E0D0A090909090926616D703B6E6273703B0D0A090909093C2F78736C3A746578743E0D0A0909093C2F78736C3A69663E0D0A0D0A09093C2F6469763E0D0A093C2F78736C3A74656D706C6174653E0D0A0D0A093C78736C3A74656D706C617465206D617463683D22646F63756D656E74223E0D0A09093C64697620636C6173733D22223E0D0A0909093C78736C3A6F7574707574206D6574686F643D2268746D6C2220696E64656E743D2279657322202F3E0D0A0909093C78736C3A696620746573743D226E6F7428737472696E6728646F63756D656E742D786D6C2D636F6E74656E74293D276E756C6C2729223E0D0A090909093C78736C3A6170706C792D74656D706C617465730D0A090909090973656C6563743D22646F63756D656E742D786D6C2D636F6E74656E742F696D61676522202F3E0D0A0909093C2F78736C3A69663E0D0A09093C2F6469763E0D0A093C2F78736C3A74656D706C6174653E0D0A0D0A093C78736C3A74656D706C617465206D617463683D22696D616765223E0D0A09093C703E0D0A0909093C7374726F6E673E0D0A090909093C78736C3A76616C75652D6F662073656C6563743D22646F63756D656E742D7469746C6522202F3E0D0A0909093C2F7374726F6E673E0D0A09093C2F703E0D0A09093C703E0D0A0909093C78736C3A76616C75652D6F662073656C6563743D22646F63756D656E742D73756D6D61727922202F3E0D0A09093C2F703E0D0A09093C78736C3A63686F6F73653E0D0A0909093C78736C3A7768656E20746573743D22696D6167652D66696C652F66696C652D7265736F75726365213D2727223E0D0A090909093C696D670D0A09090909097372633D22736572766C65742F706C7567696E732F646F63756D656E742F7265736F757263653F69643D7B696D6167652D66696C652F66696C652D7265736F757263652F7265736F757263652D646F63756D656E742D69647D26616D703B69645F6174747269627574653D7B696D6167652D66696C652F66696C652D7265736F757263652F7265736F757263652D6174747269627574652D69647D22202F3E0D0A0909093C2F78736C3A7768656E3E0D0A0909093C78736C3A6F74686572776973653E3C2F78736C3A6F74686572776973653E0D0A09093C2F78736C3A63686F6F73653E0D0A0D0A09093C703E0D0A0909093C656D3E3C78736C3A76616C75652D6F662064697361626C652D6F75747075742D6573636170696E673D22796573220D0A0909090973656C6563743D22696D6167652D6372656469747322202F3E3C2F656D3E0D0A09093C2F703E0D0A093C2F78736C3A74656D706C6174653E0D0A0D0A093C78736C3A74656D706C617465206D617463683D2266696C652D7265736F75726365223E0D0A09093C78736C3A63686F6F73653E0D0A0909093C78736C3A7768656E0D0A09090909746573743D22287265736F757263652D636F6E74656E742D747970653D27696D6167652F6A70656727206F72207265736F757263652D636F6E74656E742D747970653D27696D6167652F6A706727206F7220207265736F757263652D636F6E74656E742D747970653D27696D6167652F706A70656727206F72207265736F757263652D636F6E74656E742D747970653D27696D6167652F67696627206F72207265736F757263652D636F6E74656E742D747970653D27696D6167652F706E672729223E0D0A090909093C696D670D0A09090909097372633D22736572766C65742F706C7567696E732F646F63756D656E742F7265736F757263653F69643D7B7265736F757263652D646F63756D656E742D69647D26616D703B69645F6174747269627574653D7B7265736F757263652D6174747269627574652D69647D220D0A0909090909616C69676E3D22726967687422202F3E0D0A0909093C2F78736C3A7768656E3E0D0A0909093C78736C3A6F74686572776973653E0D0A090909093C610D0A0909090909687265663D22736572766C65742F706C7567696E732F646F63756D656E742F7265736F757263653F69643D7B7265736F757263652D646F63756D656E742D69647D26616D703B69645F6174747269627574653D7B7265736F757263652D6174747269627574652D69647D223E0D0A09090909093C696D670D0A0909090909097372633D22696D616765732F6C6F63616C2F736B696E2F706C7567696E732F646F63756D656E742F66696C6574797065732F66696C652E706E67220D0A090909090909626F726465723D223022202F3E0D0A090909093C2F613E0D0A0909093C2F78736C3A6F74686572776973653E0D0A09093C2F78736C3A63686F6F73653E0D0A093C2F78736C3A74656D706C6174653E0D0A3C2F78736C3A7374796C6573686565743E0D0A0D0A);
INSERT INTO core_stylesheet (id_stylesheet, description, file_name, source) VALUES (507,'Rubrique Document simple - Type Video','portlet_document_video.xsl',0x3C3F786D6C2076657273696F6E3D22312E30223F3E0D0A3C78736C3A7374796C6573686565742076657273696F6E3D22312E30220D0A09786D6C6E733A78736C3D22687474703A2F2F7777772E77332E6F72672F313939392F58534C2F5472616E73666F726D223E0D0A0D0A093C78736C3A706172616D206E616D653D22736974652D70617468222073656C6563743D22736974652D7061746822202F3E0D0A093C78736C3A7661726961626C65206E616D653D22706F72746C65742D6964222073656C6563743D22706F72746C65742F706F72746C65742D696422202F3E0D0A0D0A093C78736C3A74656D706C617465206D617463683D22706F72746C6574223E0D0A090D0A093C78736C3A7661726961626C65206E616D653D226465766963655F636C617373223E0D0A093C78736C3A63686F6F73653E0D0A09093C78736C3A7768656E20746573743D22737472696E6728646973706C61792D6F6E2D736D616C6C2D646576696365293D273027223E68696464656E2D78733C2F78736C3A7768656E3E0D0A09093C78736C3A7768656E20746573743D22737472696E6728646973706C61792D6F6E2D6E6F726D616C2D646576696365293D273027223E68696464656E2D736D3C2F78736C3A7768656E3E0D0A09093C78736C3A7768656E20746573743D22737472696E6728646973706C61792D6F6E2D6C617267652D646576696365293D273027223E68696464656E2D6D643C2F78736C3A7768656E3E0D0A09093C78736C3A7768656E20746573743D22737472696E6728646973706C61792D6F6E2D786C617267652D646576696365293D273027223E68696464656E2D6C673C2F78736C3A7768656E3E0D0A09093C78736C3A6F74686572776973653E3C2F78736C3A6F74686572776973653E0D0A093C2F78736C3A63686F6F73653E0D0A093C2F78736C3A7661726961626C653E0D0A0D0A093C64697620636C6173733D227B246465766963655F636C6173737D223E0D0A09093C78736C3A696620746573743D226E6F7428737472696E6728646973706C61792D706F72746C65742D7469746C65293D27312729223E0D0A0909093C68333E3C78736C3A76616C75652D6F662064697361626C652D6F75747075742D6573636170696E673D22796573222073656C6563743D22706F72746C65742D6E616D6522202F3E3C2F68333E0D0A09093C2F78736C3A69663E0D0A09093C78736C3A6170706C792D74656D706C617465732073656C6563743D22646F63756D656E742D706F72746C65742F646F63756D656E7422202F3E0D0A09093C78736C3A696620746573743D22737472696E6728646F63756D656E742D706F72746C65742F646F63756D656E74293D2727223E0D0A0909093C78736C3A746578742064697361626C652D6F75747075742D6573636170696E673D22796573223E0D0A0909090926616D703B6E6273703B0D0A0909093C2F78736C3A746578743E0D0A09093C2F78736C3A69663E0D0A0D0A09093C2F6469763E0D0A093C2F78736C3A74656D706C6174653E0D0A0D0A093C78736C3A74656D706C617465206D617463683D22646F63756D656E74223E0D0A0909093C78736C3A6F7574707574206D6574686F643D2268746D6C2220696E64656E743D2279657322202F3E0D0A0909093C78736C3A696620746573743D226E6F7428737472696E6728646F63756D656E742D786D6C2D636F6E74656E74293D276E756C6C2729223E0D0A090909093C78736C3A6170706C792D74656D706C617465732073656C6563743D22646F63756D656E742D786D6C2D636F6E74656E742F766964656F22202F3E0D0A0909093C2F78736C3A69663E0D0A093C2F78736C3A74656D706C6174653E0D0A0D0A093C78736C3A74656D706C617465206D617463683D22766964656F223E0D0A09093C703E3C7374726F6E673E3C78736C3A76616C75652D6F662073656C6563743D22646F63756D656E742D7469746C6522202F3E3C2F7374726F6E673E3C2F703E0D0A09093C703E3C78736C3A76616C75652D6F662064697361626C652D6F75747075742D6573636170696E673D22796573222073656C6563743D22646F63756D656E742D73756D6D61727922202F3E3C2F703E0D0A09093C703E0D0A09093C78736C3A63686F6F73653E0D0A0909093C78736C3A7768656E20746573743D22766964656F2D66696C652F66696C652D7265736F75726365213D2727223E0D0A090909093C6120687265663D22736572766C65742F706C7567696E732F646F63756D656E742F7265736F757263653F69643D7B766964656F2D66696C652F66696C652D7265736F757263652F7265736F757263652D646F63756D656E742D69647D26616D703B69645F6174747269627574653D7B766964656F2D66696C652F66696C652D7265736F757263652F7265736F757263652D6174747269627574652D69647D223E0D0A09090909093C696D67207372633D22696D616765732F6C6F63616C2F736B696E2F706C7567696E732F646F63756D656E742F66696C6574797065732F766964656F2E706E6722202F3E0D0A090909093C2F613E0D0A0909093C2F78736C3A7768656E3E0D0A0909093C78736C3A6F74686572776973653E3C2F78736C3A6F74686572776973653E0D0A09093C2F78736C3A63686F6F73653E0D0A09093C2F703E0D0A09093C703E3C78736C3A76616C75652D6F662064697361626C652D6F75747075742D6573636170696E673D22796573222073656C6563743D22766964656F2D636F6D6D656E747322202F3E3C2F703E0D0A093C2F78736C3A74656D706C6174653E0D0A3C2F78736C3A7374796C6573686565743E0D0A0D0A);
INSERT INTO core_stylesheet (id_stylesheet, description, file_name, source) VALUES (408,'Rubrique Document simple - Type Pdf','portlet_document_pdf.xsl',0x3C3F786D6C2076657273696F6E3D22312E30223F3E0D0A3C78736C3A7374796C6573686565742076657273696F6E3D22312E30220D0A09786D6C6E733A78736C3D22687474703A2F2F7777772E77332E6F72672F313939392F58534C2F5472616E73666F726D223E0D0A0D0A093C78736C3A706172616D206E616D653D22736974652D70617468222073656C6563743D22736974652D7061746822202F3E0D0A093C78736C3A7661726961626C65206E616D653D22706F72746C65742D6964222073656C6563743D22706F72746C65742F706F72746C65742D696422202F3E0D0A0D0A093C78736C3A74656D706C617465206D617463683D22706F72746C6574223E0D0A090D0A093C78736C3A7661726961626C65206E616D653D226465766963655F636C617373223E0D0A093C78736C3A63686F6F73653E0D0A09093C78736C3A7768656E20746573743D22737472696E6728646973706C61792D6F6E2D736D616C6C2D646576696365293D273027223E68696464656E2D78733C2F78736C3A7768656E3E0D0A0909093C78736C3A7768656E20746573743D22737472696E6728646973706C61792D6F6E2D6E6F726D616C2D646576696365293D273027223E68696464656E2D736D3C2F78736C3A7768656E3E0D0A0909093C78736C3A7768656E20746573743D22737472696E6728646973706C61792D6F6E2D6C617267652D646576696365293D273027223E68696464656E2D6D643C2F78736C3A7768656E3E0D0A0909093C78736C3A7768656E20746573743D22737472696E6728646973706C61792D6F6E2D786C617267652D646576696365293D273027223E68696464656E2D6C673C2F78736C3A7768656E3E0D0A09093C78736C3A6F74686572776973653E3C2F78736C3A6F74686572776973653E0D0A093C2F78736C3A63686F6F73653E0D0A093C2F78736C3A7661726961626C653E0D0A0D0A09093C64697620636C6173733D227B246465766963655F636C6173737D223E0D0A0909093C78736C3A696620746573743D226E6F7428737472696E6728646973706C61792D706F72746C65742D7469746C65293D27312729223E0D0A090909093C68333E0D0A09090909093C78736C3A76616C75652D6F662064697361626C652D6F75747075742D6573636170696E673D22796573220D0A09090909090973656C6563743D22706F72746C65742D6E616D6522202F3E0D0A090909093C2F68333E0D0A0909093C2F78736C3A69663E0D0A0D0A0909093C78736C3A6170706C792D74656D706C617465732073656C6563743D22646F63756D656E742D706F72746C65742F646F63756D656E7422202F3E0D0A0909093C78736C3A696620746573743D22737472696E6728646F63756D656E742D706F72746C65742F646F63756D656E74293D2727223E0D0A090909093C78736C3A746578742064697361626C652D6F75747075742D6573636170696E673D22796573223E0D0A090909090926616D703B6E6273703B0D0A090909093C2F78736C3A746578743E0D0A0909093C2F78736C3A69663E0D0A0D0A09093C2F6469763E0D0A093C2F78736C3A74656D706C6174653E0D0A0D0A093C78736C3A74656D706C617465206D617463683D22646F63756D656E74223E0D0A09093C64697620636C6173733D22223E0D0A0909093C78736C3A6F7574707574206D6574686F643D2268746D6C2220696E64656E743D2279657322202F3E0D0A0909093C78736C3A696620746573743D226E6F7428737472696E6728646F63756D656E742D786D6C2D636F6E74656E74293D276E756C6C2729223E0D0A090909093C78736C3A6170706C792D74656D706C617465732073656C6563743D22646F63756D656E742D786D6C2D636F6E74656E742F70646622202F3E0D0A0909093C2F78736C3A69663E0D0A09093C2F6469763E0D0A093C2F78736C3A74656D706C6174653E0D0A0D0A093C78736C3A74656D706C617465206D617463683D22706466223E0D0A09093C703E0D0A0909093C7374726F6E673E0D0A090909093C78736C3A76616C75652D6F662073656C6563743D22646F63756D656E742D7469746C6522202F3E0D0A0909093C2F7374726F6E673E0D0A09093C2F703E0D0A09093C703E0D0A0909093C78736C3A76616C75652D6F662064697361626C652D6F75747075742D6573636170696E673D22796573220D0A0909090973656C6563743D22646F63756D656E742D73756D6D61727922202F3E0D0A09093C2F703E0D0A09093C703E0D0A0909093C78736C3A63686F6F73653E0D0A090909093C78736C3A7768656E20746573743D227064662D66696C652F66696C652D7265736F75726365213D2727223E0D0A09090909093C610D0A090909090909687265663D22736572766C65742F706C7567696E732F646F63756D656E742F7265736F757263653F69643D7B7064662D66696C652F66696C652D7265736F757263652F7265736F757263652D646F63756D656E742D69647D26616D703B69645F6174747269627574653D7B7064662D66696C652F66696C652D7265736F757263652F7265736F757263652D6174747269627574652D69647D223E0D0A0909090909093C696D670D0A090909090909097372633D22696D616765732F6C6F63616C2F736B696E2F706C7567696E732F646F63756D656E742F66696C6574797065732F7064662E706E6722202F3E0D0A09090909093C2F613E0D0A090909093C2F78736C3A7768656E3E0D0A090909093C78736C3A6F74686572776973653E3C2F78736C3A6F74686572776973653E0D0A0909093C2F78736C3A63686F6F73653E0D0A09093C2F703E0D0A093C2F78736C3A74656D706C6174653E0D0A3C2F78736C3A7374796C6573686565743E0D0A0D0A);
INSERT INTO core_stylesheet (id_stylesheet, description, file_name, source) VALUES (409,'Rubrique Document simple - Type Son','portlet_document_sound.xsl',0x3C3F786D6C2076657273696F6E3D22312E30223F3E0D0A3C78736C3A7374796C6573686565742076657273696F6E3D22312E30220D0A09786D6C6E733A78736C3D22687474703A2F2F7777772E77332E6F72672F313939392F58534C2F5472616E73666F726D223E0D0A0D0A093C78736C3A706172616D206E616D653D22736974652D70617468222073656C6563743D22736974652D7061746822202F3E0D0A093C78736C3A7661726961626C65206E616D653D22706F72746C65742D6964222073656C6563743D22706F72746C65742F706F72746C65742D696422202F3E0D0A0D0A093C78736C3A74656D706C617465206D617463683D22706F72746C6574223E0D0A090D0A093C78736C3A7661726961626C65206E616D653D226465766963655F636C617373223E0D0A093C78736C3A63686F6F73653E0D0A09093C78736C3A7768656E20746573743D22737472696E6728646973706C61792D6F6E2D736D616C6C2D646576696365293D273027223E68696464656E2D70686F6E653C2F78736C3A7768656E3E0D0A09093C78736C3A7768656E20746573743D22737472696E6728646973706C61792D6F6E2D6E6F726D616C2D646576696365293D273027223E68696464656E2D7461626C65743C2F78736C3A7768656E3E0D0A09093C78736C3A7768656E20746573743D22737472696E6728646973706C61792D6F6E2D6C617267652D646576696365293D273027223E68696464656E2D6465736B746F703C2F78736C3A7768656E3E0D0A09093C78736C3A6F74686572776973653E3C2F78736C3A6F74686572776973653E0D0A093C2F78736C3A63686F6F73653E0D0A093C2F78736C3A7661726961626C653E0D0A0D0A093C64697620636C6173733D22706F72746C6574207B246465766963655F636C6173737D223E0D0A0909093C78736C3A696620746573743D226E6F7428737472696E6728646973706C61792D706F72746C65742D7469746C65293D27312729223E0D0A090909093C68333E3C78736C3A76616C75652D6F662064697361626C652D6F75747075742D6573636170696E673D22796573222073656C6563743D22706F72746C65742D6E616D6522202F3E3C2F68333E0D0A0909093C2F78736C3A69663E0D0A0909093C78736C3A6170706C792D74656D706C617465732073656C6563743D22646F63756D656E742D706F72746C65742F646F63756D656E7422202F3E0D0A0909093C78736C3A696620746573743D22737472696E6728646F63756D656E742D706F72746C65742F646F63756D656E74293D2727223E0D0A090909093C78736C3A746578742064697361626C652D6F75747075742D6573636170696E673D22796573223E0D0A090909090926616D703B6E6273703B0D0A090909093C2F78736C3A746578743E0D0A0909093C2F78736C3A69663E0D0A0D0A09093C2F6469763E0D0A093C2F78736C3A74656D706C6174653E0D0A0D0A093C78736C3A74656D706C617465206D617463683D22646F63756D656E74223E0D0A09093C64697620636C6173733D22706F72746C65742D6261636B67726F756E642D636F6E74656E74202D6C75746563652D626F726465722D7261646975732D626F74746F6D223E0D0A0909093C78736C3A6F7574707574206D6574686F643D2268746D6C2220696E64656E743D2279657322202F3E0D0A0909093C78736C3A696620746573743D226E6F7428737472696E6728646F63756D656E742D786D6C2D636F6E74656E74293D276E756C6C2729223E0D0A090909093C78736C3A6170706C792D74656D706C617465730D0A090909090973656C6563743D22646F63756D656E742D786D6C2D636F6E74656E742F736F756E6422202F3E0D0A0909093C2F78736C3A69663E0D0A09093C2F6469763E0D0A093C2F78736C3A74656D706C6174653E0D0A0D0A093C78736C3A74656D706C617465206D617463683D22736F756E64223E0D0A09093C703E3C7374726F6E673E3C78736C3A76616C75652D6F662073656C6563743D22646F63756D656E742D7469746C6522202F3E3C2F7374726F6E673E3C2F703E0D0A09093C703E3C78736C3A76616C75652D6F662064697361626C652D6F75747075742D6573636170696E673D22796573222073656C6563743D22646F63756D656E742D73756D6D61727922202F3E3C2F703E0D0A09093C703E0D0A09093C78736C3A63686F6F73653E0D0A0909093C78736C3A7768656E20746573743D22736F756E642D66696C652F66696C652D7265736F75726365213D2727223E0D0A090909093C6120687265663D22736572766C65742F706C7567696E732F646F63756D656E742F7265736F757263653F69643D7B736F756E642D66696C652F66696C652D7265736F757263652F7265736F757263652D646F63756D656E742D69647D26616D703B69645F6174747269627574653D7B736F756E642D66696C652F66696C652D7265736F757263652F7265736F757263652D6174747269627574652D69647D223E0D0A09090909093C696D67207372633D22696D616765732F6C6F63616C2F736B696E2F706C7567696E732F646F63756D656E742F66696C6574797065732F617564696F2E706E6722202F3E0D0A090909093C2F613E0D0A0909093C2F78736C3A7768656E3E0D0A0909093C78736C3A6F74686572776973653E3C2F78736C3A6F74686572776973653E0D0A09093C2F78736C3A63686F6F73653E0D0A09093C2F703E0D0A09093C703E093C78736C3A76616C75652D6F662064697361626C652D6F75747075742D6573636170696E673D22796573222073656C6563743D22736F756E642D617574686F7222202F3E3C2F703E0D0A093C2F78736C3A74656D706C6174653E0D0A3C2F78736C3A7374796C6573686565743E0D0A0D0A);
INSERT INTO core_stylesheet (id_stylesheet, description, file_name, source) VALUES (508,'Rubrique Liste de Documents - Type Flash','portlet_document_flash_list.xsl',0x3C3F786D6C2076657273696F6E3D22312E30223F3E0D0A3C78736C3A7374796C6573686565742076657273696F6E3D22312E302220786D6C6E733A78736C3D22687474703A2F2F7777772E77332E6F72672F313939392F58534C2F5472616E73666F726D223E0D0A0D0A3C78736C3A706172616D206E616D653D22736974652D70617468222073656C6563743D22736974652D7061746822202F3E0D0A3C78736C3A7661726961626C65206E616D653D22706F72746C65742D6964222073656C6563743D22706F72746C65742F706F72746C65742D696422202F3E0D0A0D0A3C78736C3A74656D706C617465206D617463683D22706F72746C6574223E0D0A093C78736C3A7661726961626C65206E616D653D226465766963655F636C617373223E0D0A093C78736C3A63686F6F73653E0D0A09093C78736C3A7768656E20746573743D22737472696E6728646973706C61792D6F6E2D736D616C6C2D646576696365293D273027223E68696464656E2D78733C2F78736C3A7768656E3E0D0A09093C78736C3A7768656E20746573743D22737472696E6728646973706C61792D6F6E2D6E6F726D616C2D646576696365293D273027223E68696464656E2D736D3C2F78736C3A7768656E3E0D0A09093C78736C3A7768656E20746573743D22737472696E6728646973706C61792D6F6E2D6C617267652D646576696365293D273027223E68696464656E2D6D643C2F78736C3A7768656E3E0D0A09093C78736C3A7768656E20746573743D22737472696E6728646973706C61792D6F6E2D786C617267652D646576696365293D273027223E68696464656E2D6C673C2F78736C3A7768656E3E0D0A09093C78736C3A6F74686572776973653E3C2F78736C3A6F74686572776973653E0D0A093C2F78736C3A63686F6F73653E0D0A093C2F78736C3A7661726961626C653E0D0A0D0A202020203C64697620636C6173733D22706F72746C6574207B246465766963655F636C6173737D223E0D0A20202020202020203C78736C3A696620746573743D226E6F7428737472696E6728646973706C61792D706F72746C65742D7469746C65293D27312729223E0D0A2020202020202020202020203C68333E0D0A202020202020202020202020202020203C78736C3A76616C75652D6F662064697361626C652D6F75747075742D6573636170696E673D22796573222073656C6563743D22706F72746C65742D6E616D6522202F3E0D0A2020202020202020202020203C2F68333E0D0A20202020202020203C2F78736C3A69663E0D0A093C6469763E0D0A2020202020202020202020203C756C3E0D0A202020202020202020202020202020203C78736C3A6170706C792D74656D706C617465732073656C6563743D22646F63756D656E742D6C6973742D706F72746C65742F646F63756D656E7422202F3E0D0A2020202020202020202020203C2F756C3E0D0A093C2F6469763E0D0A202020203C2F6469763E0D0A3C2F78736C3A74656D706C6174653E0D0A0D0A3C78736C3A74656D706C617465206D617463683D22646F63756D656E74223E2020202020200D0A3C78736C3A696620746573743D226E6F7428737472696E6728646F63756D656E742D786D6C2D636F6E74656E74293D276E756C6C2729223E0D0A202020203C6C693E0D0A20202020202020203C6120687265663D227B24736974652D706174687D3F646F63756D656E745F69643D7B646F63756D656E742D69647D262333383B706F72746C65745F69643D7B24706F72746C65742D69647D22207461726765743D225F746F70223E200D0A2020202020202020202020203C78736C3A666F722D656163682073656C6563743D2264657363656E64616E743A3A2A223E2020200D0A202020202020202020202020202020203C78736C3A76616C75652D6F662073656C6563743D22646F63756D656E742D7469746C6522202F3E0D0A2020202020202020202020203C2F78736C3A666F722D656163683E202020200D0A20202020202020203C2F613E0D0A09093C78736C3A696620746573743D2228737472696E67287265736F757263652D69732D766F7461626C65293D27312729223E0D0A0909093C6272202F3E0D0A2020202020202020093C78736C3A7661726961626C65206E616D653D227265736F757263652D73636F7265222073656C6563743D227265736F757263652D73636F726522202F3E0D0A0920202020202020203C696D67207372633D22696D616765732F6C6F63616C2F736B696E2F706C7567696E732F726174696E672F73746172735F7B247265736F757263652D73636F72657D2E706E672220616C743D2253636F726522207469746C653D2253636F726522202F3E0D0A20202020202020203C2F78736C3A69663E2020200D0A20202020202020203C78736C3A696620746573743D2228737472696E672869732D646F776E6C6F61642D73746174293D27312729223E0D0A0909093C6272202F3E0D0A090909236931386E7B726174696E672E7265736F757263655F766F74652E6C6162656C446F776E6C6F6164436F756E747D203A203C78736C3A76616C75652D6F662073656C6563743D227265736F757263652D646F776E6C6F61642D7374617422202F3E0D0A09093C2F78736C3A69663E0D0A20202020202020203C6272202F3E0D0A20202020202020203C78736C3A666F722D656163682073656C6563743D2264657363656E64616E743A3A2A223E20202020202020202020200D0A2020202020202020202020203C78736C3A76616C75652D6F662073656C6563743D22646F63756D656E742D73756D6D61727922202F3E20202020202020202020202020202020200D0A20202020202020203C2F78736C3A666F722D656163683E20200D0A20202020202020203C6272202F3E2020202020202020202020200D0A20202020202020203C78736C3A696620746573743D2228737472696E6728646F63756D656E742D69732D636F6D6D656E7461626C65293D27312729223E0D0A2020202020202020202020204E6F6D62726520646520636F6D6D656E746169726573203A203C78736C3A76616C75652D6F662073656C6563743D22646F63756D656E742D636F6D6D656E742D6E6222202F3E2020202020200D0A20202020202020203C2F78736C3A69663E2020200D0A202020203C2F6C693E0D0A3C2F78736C3A69663E0D0A3C2F78736C3A74656D706C6174653E0D0A0D0A3C2F78736C3A7374796C6573686565743E0D0A0D0A);
INSERT INTO core_stylesheet (id_stylesheet, description, file_name, source) VALUES (509,'Rubrique Document simple - Type Flash','portlet_document_flash.xsl',0x3C3F786D6C2076657273696F6E3D22312E30223F3E0D0A3C78736C3A7374796C6573686565742076657273696F6E3D22312E30220D0A09786D6C6E733A78736C3D22687474703A2F2F7777772E77332E6F72672F313939392F58534C2F5472616E73666F726D223E0D0A0D0A093C78736C3A706172616D206E616D653D22736974652D70617468222073656C6563743D22736974652D7061746822202F3E0D0A093C78736C3A7661726961626C65206E616D653D22706F72746C65742D6964222073656C6563743D22706F72746C65742F706F72746C65742D696422202F3E0D0A0D0A093C78736C3A74656D706C617465206D617463683D22706F72746C6574223E0D0A09093C78736C3A7661726961626C65206E616D653D226465766963655F636C617373223E0D0A09093C78736C3A63686F6F73653E0D0A0909093C78736C3A7768656E20746573743D22737472696E6728646973706C61792D6F6E2D736D616C6C2D646576696365293D273027223E68696464656E2D78733C2F78736C3A7768656E3E0D0A0909093C78736C3A7768656E20746573743D22737472696E6728646973706C61792D6F6E2D6E6F726D616C2D646576696365293D273027223E68696464656E2D736D3C2F78736C3A7768656E3E0D0A0909093C78736C3A7768656E20746573743D22737472696E6728646973706C61792D6F6E2D6C617267652D646576696365293D273027223E68696464656E2D6D643C2F78736C3A7768656E3E0D0A0909093C78736C3A7768656E20746573743D22737472696E6728646973706C61792D6F6E2D786C617267652D646576696365293D273027223E68696464656E2D6C673C2F78736C3A7768656E3E0D0A0909093C78736C3A6F74686572776973653E3C2F78736C3A6F74686572776973653E0D0A09093C2F78736C3A63686F6F73653E0D0A09093C2F78736C3A7661726961626C653E0D0A0D0A09093C64697620636C6173733D22706F72746C6574207B246465766963655F636C6173737D223E0D0A0909093C78736C3A696620746573743D226E6F7428737472696E6728646973706C61792D706F72746C65742D7469746C65293D27312729223E0D0A090909093C68333E0D0A09090909093C78736C3A76616C75652D6F662064697361626C652D6F75747075742D6573636170696E673D22796573220D0A09090909090973656C6563743D22706F72746C65742D6E616D6522202F3E0D0A090909093C2F68333E0D0A0909093C2F78736C3A69663E0D0A0909093C78736C3A6170706C792D74656D706C617465732073656C6563743D22646F63756D656E742D706F72746C65742F646F63756D656E7422202F3E0D0A0909093C78736C3A696620746573743D22737472696E6728646F63756D656E742D706F72746C65742F646F63756D656E74293D2727223E0D0A090909093C78736C3A746578742064697361626C652D6F75747075742D6573636170696E673D22796573223E0D0A090909090926616D703B6E6273703B0D0A090909093C2F78736C3A746578743E0D0A0909093C2F78736C3A69663E0D0A09093C2F6469763E0D0A093C2F78736C3A74656D706C6174653E0D0A0D0A093C78736C3A74656D706C617465206D617463683D22646F63756D656E74223E0D0A09093C6469763E0D0A0909093C78736C3A6F7574707574206D6574686F643D2268746D6C2220696E64656E743D2279657322202F3E0D0A0909093C78736C3A696620746573743D226E6F7428737472696E6728646F63756D656E742D786D6C2D636F6E74656E74293D276E756C6C2729223E0D0A090909093C78736C3A6170706C792D74656D706C617465730D0A090909090973656C6563743D22646F63756D656E742D786D6C2D636F6E74656E742F666C61736822202F3E0D0A0909093C2F78736C3A69663E0D0A09093C2F6469763E0D0A093C2F78736C3A74656D706C6174653E0D0A0D0A093C78736C3A74656D706C617465206D617463683D22666C617368223E0D0A09093C68313E3C78736C3A76616C75652D6F662073656C6563743D22646F63756D656E742D7469746C6522202F3E3C2F68313E0D0A09093C703E0D0A0909093C78736C3A76616C75652D6F662073656C6563743D22646F63756D656E742D73756D6D61727922202F3E0D0A09093C2F703E0D0A09093C703E0D0A0909093C78736C3A63686F6F73653E0D0A090909093C78736C3A7768656E20746573743D2228666C6173682D6F626A6563742F66696C652D7265736F757263652F7265736F757263652D636F6E74656E742D747970653D276170706C69636174696F6E2F782D73686F636B776176652D666C6173682729223E0D0A09090909093C6F626A656374200D0A090909090909646174613D22736572766C65742F706C7567696E732F646F63756D656E742F7265736F757263653F69643D7B666C6173682D6F626A6563742F66696C652D7265736F757263652F7265736F757263652D646F63756D656E742D69647D26616D703B69645F6174747269627574653D7B666C6173682D6F626A6563742F66696C652D7265736F757263652F7265736F757263652D6174747269627574652D69647D22200D0A090909090909747970653D226170706C69636174696F6E2F782D73686F636B776176652D666C61736822200D0A09090909090977696474683D227B666C6173682D77696474687D22200D0A0909090909096865696768743D227B666C6173682D6865696768747D220D0A090909090909616C69676E3D227B666C6173682D616C69676E7D220D0A090909090909636C61737369643D22636C7369643A44323743444236452D414536442D313163662D393642382D343434353533353430303030220D0A090909090909636F6465626173653D22687474703A2F2F646F776E6C6F61642E6D6163726F6D656469612E636F6D2F7075622F73686F636B776176652F636162732F666C6173682F7377666C6173682E6361622376657273696F6E3D362C302C302C30220D0A09090909093E0D0A0909090909093C706172616D206E616D653D224175746F7374617274222076616C75653D227B666C6173682D6175746F73746172747D22202F3E0D0A0909090909093C706172616D206E616D653D225175616C697479222076616C75653D227B666C6173682D7175616C6974797D22202F3E0D0A0909090909093C706172616D206E616D653D224C6F6F70222076616C75653D227B666C6173682D6C6F6F707D22202F3E0D0A0909090909093C706172616D206E616D653D226D656E75222076616C75653D227B666C6173682D6D656E757D22202F3E0D0A0909090909093C706172616D206E616D653D22616C6C6F77536372697074416363657373222076616C75653D2273616D65646F6D61696E22202F3E0D0A0909090909093C706172616D206E616D653D226D6F766965222076616C75653D22736572766C65742F706C7567696E732F646F63756D656E742F7265736F757263653F69643D7B666C6173682D6F626A6563742F66696C652D7265736F757263652F7265736F757263652D646F63756D656E742D69647D26616D703B69645F6174747269627574653D7B666C6173682D6F626A6563742F66696C652D7265736F757263652F7265736F757263652D6174747269627574652D69647D22202F3E0D0A0909090909093C454D424544200D0A090909090909097372633D22736572766C65742F706C7567696E732F646F63756D656E742F7265736F757263653F69643D7B666C6173682D6F626A6563742F66696C652D7265736F757263652F7265736F757263652D646F63756D656E742D69647D26616D703B69645F6174747269627574653D7B666C6173682D6F626A6563742F66696C652D7265736F757263652F7265736F757263652D6174747269627574652D69647D22200D0A09090909090909747970653D226170706C69636174696F6E2F782D73686F636B776176652D666C617368220D0A0909090909090977696474683D227B666C6173682D77696474687D22200D0A090909090909096865696768743D227B666C6173682D6865696768747D220D0A09090909090909616C69676E3D227B666C6173682D616C69676E7D220D0A090909090909097175616C6974793D227B666C6173682D7175616C6974797D220D0A090909090909096C6F6F703D227B666C6173682D6C6F6F707D220D0A090909090909096D656E753D227B666C6173682D6D656E757D220D0A09090909090909616C6C6F775363726970744163636573733D2273616D65646F6D61696E220D0A09090909090909706C7567696E73706163653D22687474703A2F2F7777772E6D6163726F6D656469612E636F6D2F73686F636B776176652F646F776E6C6F61642F696E6465782E6367693F50315F50726F645F56657273696F6E3D53686F636B77617665466C617368223E0D0A0909090909093C2F454D4245443E0D0A09090909093C2F6F626A6563743E0D0A090909093C2F78736C3A7768656E3E0D0A0909093C2F78736C3A63686F6F73653E0D0A09093C2F703E0D0A09093C626C6F636B71756F74653E0D0A0909093C78736C3A76616C75652D6F662064697361626C652D6F75747075742D6573636170696E673D22796573222073656C6563743D22666C6173682D6372656469747322202F3E0D0A09093C2F626C6F636B71756F74653E0D0A093C2F78736C3A74656D706C6174653E0D0A090D0A3C2F78736C3A7374796C6573686565743E);
INSERT INTO core_stylesheet (id_stylesheet, description, file_name, source) VALUES (510,'Rubrique Liste de Documents - Défaut Download','portlet_document_list_download.xsl',0x3C3F786D6C2076657273696F6E3D22312E30223F3E0D0A3C78736C3A7374796C6573686565742076657273696F6E3D22312E302220786D6C6E733A78736C3D22687474703A2F2F7777772E77332E6F72672F313939392F58534C2F5472616E73666F726D223E0D0A0D0A3C78736C3A706172616D206E616D653D22736974652D70617468222073656C6563743D22736974652D7061746822202F3E0D0A3C78736C3A7661726961626C65206E616D653D22706F72746C65742D6964222073656C6563743D22706F72746C65742F706F72746C65742D696422202F3E0D0A0D0A3C78736C3A74656D706C617465206D617463683D22706F72746C6574223E0D0A093C78736C3A7661726961626C65206E616D653D226465766963655F636C617373223E0D0A093C78736C3A63686F6F73653E0D0A09093C78736C3A7768656E20746573743D22737472696E6728646973706C61792D6F6E2D736D616C6C2D646576696365293D273027223E68696464656E2D78733C2F78736C3A7768656E3E0D0A09093C78736C3A7768656E20746573743D22737472696E6728646973706C61792D6F6E2D6E6F726D616C2D646576696365293D273027223E68696464656E2D736D3C2F78736C3A7768656E3E0D0A09093C78736C3A7768656E20746573743D22737472696E6728646973706C61792D6F6E2D6C617267652D646576696365293D273027223E68696464656E2D6D643C2F78736C3A7768656E3E0D0A09093C78736C3A7768656E20746573743D22737472696E6728646973706C61792D6F6E2D786C617267652D646576696365293D273027223E68696464656E2D6C673C2F78736C3A7768656E3E0D0A093C78736C3A6F74686572776973653E3C2F78736C3A6F74686572776973653E0D0A093C2F78736C3A63686F6F73653E0D0A093C2F78736C3A7661726961626C653E0D0A0D0A093C64697620636C6173733D22706F72746C6574207B246465766963655F636C6173737D223E0D0A20202020202020203C78736C3A696620746573743D226E6F7428737472696E6728646973706C61792D706F72746C65742D7469746C65293D27312729223E0D0A0909093C68333E0D0A090909093C78736C3A76616C75652D6F662064697361626C652D6F75747075742D6573636170696E673D22796573222073656C6563743D22706F72746C65742D6E616D6522202F3E0D0A0909093C2F68333E0D0A20202020202020203C2F78736C3A69663E0D0A09093C6469763E0D0A090920202020203C756C3E0D0A20202020202020202009202020202020203C78736C3A6170706C792D74656D706C617465732073656C6563743D22646F63756D656E742D6C6973742D706F72746C65742F646F63756D656E7422202F3E0D0A202020202020202020202020203C2F756C3E20200D0A09093C2F6469763E0D0A093C2F6469763E0D0A3C2F78736C3A74656D706C6174653E0D0A0D0A3C78736C3A74656D706C617465206D617463683D22646F63756D656E74223E2020202020200D0A3C78736C3A696620746573743D226E6F7428737472696E6728646F63756D656E742D786D6C2D636F6E74656E74293D276E756C6C2729223E0D0A202020203C6C693E0D0A20202020202020203C6120687265663D22736572766C65742F706C7567696E732F646F63756D656E742F7265736F757263653F69643D7B646F63756D656E742D69647D26616D703B69645F6174747269627574653D343822207461726765743D225F626C616E6B223E2020202020200D0A2020202020202020093C78736C3A666F722D656163682073656C6563743D2264657363656E64616E743A3A2A223E0D0A202020202020202020202020202020203C78736C3A6170706C792D74656D706C617465732073656C6563743D2266696C652D7265736F7572636522202F3E0D0A20202020202020202020203C2F78736C3A666F722D656163683E20200D0A20202020202020202020093C78736C3A666F722D656163682073656C6563743D2264657363656E64616E743A3A2A223E0D0A202020202020202020202020202020203C78736C3A76616C75652D6F662073656C6563743D22646F63756D656E742D7469746C6522202F3E0D0A20202020202020202020203C2F78736C3A666F722D656163683E20200D0A20202020202020203C2F613E0D0A09093C78736C3A696620746573743D2228737472696E67287265736F757263652D69732D766F7461626C65293D27312729223E0D0A0909093C6272202F3E0D0A2020202020202020093C78736C3A7661726961626C65206E616D653D227265736F757263652D73636F7265222073656C6563743D227265736F757263652D73636F726522202F3E0D0A0920202020202020203C696D67207372633D22696D616765732F6C6F63616C2F736B696E2F706C7567696E732F726174696E672F73746172735F7B247265736F757263652D73636F72657D2E706E672220616C743D2253636F726522207469746C653D2253636F726522202F3E0D0A20202020202020203C2F78736C3A69663E202020200D0A20202020202020203C78736C3A696620746573743D2228737472696E672869732D646F776E6C6F61642D73746174293D27312729223E0D0A0909093C6272202F3E0D0A090909236931386E7B726174696E672E7265736F757263655F766F74652E6C6162656C446F776E6C6F6164436F756E747D203A203C78736C3A76616C75652D6F662073656C6563743D227265736F757263652D646F776E6C6F61642D7374617422202F3E0D0A09093C2F78736C3A69663E0D0A09093C6272202F3E0D0A09202020203C78736C3A666F722D656163682073656C6563743D2264657363656E64616E743A3A2A223E0D0A2020202020202020093C78736C3A76616C75652D6F662073656C6563743D22646F63756D656E742D73756D6D61727922202F3E0D0A20202020202020203C2F78736C3A666F722D656163683E0D0A202020203C2F6C693E0D0A3C2F78736C3A69663E0D0A3C2F78736C3A74656D706C6174653E0D0A0D0A3C78736C3A74656D706C617465206D617463683D2266696C652D7265736F75726365223E0D0A093C78736C3A63686F6F73653E0D0A09093C78736C3A7768656E20746573743D22287265736F757263652D636F6E74656E742D747970653D27696D6167652F6A70656727206F72207265736F757263652D636F6E74656E742D747970653D27696D6167652F6A706727206F72207265736F757263652D636F6E74656E742D747970653D27696D6167652F706A70656727206F72207265736F757263652D636F6E74656E742D747970653D27696D6167652F67696627206F72207265736F757263652D636F6E74656E742D747970653D27696D6167652F706E672729223E0D0A0909093C696D67207372633D22696D616765732F6C6F63616C2F736B696E2F706C7567696E732F646F63756D656E742F66696C6574797065732F696D6167652E706E672220626F726465723D22302220616C743D22222077696474683D22333222206865696768743D223332222F3E0D0A09093C2F78736C3A7768656E3E0D0A09093C78736C3A7768656E20746573743D22287265736F757263652D636F6E74656E742D747970653D276170706C69636174696F6E2F7064662729223E0D0A0909093C696D67207372633D22696D616765732F6C6F63616C2F736B696E2F706C7567696E732F646F63756D656E742F66696C6574797065732F7064662E706E672220626F726465723D22302220616C743D22222077696474683D22333222206865696768743D22333222202F3E0D0A09093C2F78736C3A7768656E3E0D0A09093C78736C3A7768656E20746573743D22287265736F757263652D636F6E74656E742D747970653D276170706C69636174696F6E2F6D73776F726427206F72207265736F757263652D636F6E74656E742D747970653D276170706C69636174696F6E2F766E642E6F617369732E6F70656E646F63756D656E742E746578742729223E0D0A0909093C696D67207372633D22696D616765732F6C6F63616C2F736B696E2F706C7567696E732F646F63756D656E742F66696C6574797065732F746578742E706E672220626F726465723D22302220616C743D22222077696474683D22333222206865696768743D22333222202F3E0D0A09093C2F78736C3A7768656E3E0D0A09093C78736C3A7768656E20746573743D22287265736F757263652D636F6E74656E742D747970653D276170706C69636174696F6E2F657863656C27206F72207265736F757263652D636F6E74656E742D747970653D276170706C69636174696F6E2F766E642E6D732D657863656C27206F72207265736F757263652D636F6E74656E742D747970653D276170706C69636174696F6E2F766E642E6F617369732E6F70656E646F63756D656E742E73707265616473686565742729223E0D0A0909093C696D67207372633D22696D616765732F6C6F63616C2F736B696E2F706C7567696E732F646F63756D656E742F66696C6574797065732F73707265616473686565742E706E672220626F726465723D22302220616C743D22222077696474683D22333222206865696768743D22333222202F3E0D0A09093C2F78736C3A7768656E3E0D0A09093C78736C3A6F74686572776973653E0D0A09092020203C696D67207372633D22696D616765732F6C6F63616C2F736B696E2F706C7567696E732F646F63756D656E742F66696C6574797065732F66696C652E706E672220626F726465723D22302220616C743D22222077696474683D22333222206865696768743D223332222F3E0D0A09093C2F78736C3A6F74686572776973653E20202020202020200D0A093C2F78736C3A63686F6F73653E0D0A3C2F78736C3A74656D706C6174653E20202020202020202020202020200D0A0D0A3C2F78736C3A7374796C6573686565743E);
INSERT INTO core_stylesheet (id_stylesheet, description, file_name, source) VALUES (9004,'Rubrique Liste de documents - Type Vidéo','portlet_document_video_list.xsl',0x3C3F786D6C2076657273696F6E3D22312E30223F3E0D0A3C78736C3A7374796C6573686565742076657273696F6E3D22312E302220786D6C6E733A78736C3D22687474703A2F2F7777772E77332E6F72672F313939392F58534C2F5472616E73666F726D223E0D0A0D0A3C78736C3A706172616D206E616D653D22736974652D70617468222073656C6563743D22736974652D7061746822202F3E0D0A3C78736C3A7661726961626C65206E616D653D22706F72746C65742D6964222073656C6563743D22706F72746C65742F706F72746C65742D696422202F3E0D0A0D0A3C78736C3A74656D706C617465206D617463683D22706F72746C6574223E0D0A0D0A093C78736C3A7661726961626C65206E616D653D226465766963655F636C617373223E0D0A093C78736C3A63686F6F73653E0D0A09093C78736C3A7768656E20746573743D22737472696E6728646973706C61792D6F6E2D736D616C6C2D646576696365293D273027223E68696464656E2D78733C2F78736C3A7768656E3E0D0A09093C78736C3A7768656E20746573743D22737472696E6728646973706C61792D6F6E2D6E6F726D616C2D646576696365293D273027223E68696464656E2D736D3C2F78736C3A7768656E3E0D0A09093C78736C3A7768656E20746573743D22737472696E6728646973706C61792D6F6E2D6C617267652D646576696365293D273027223E68696464656E2D6D643C2F78736C3A7768656E3E0D0A09093C78736C3A7768656E20746573743D22737472696E6728646973706C61792D6F6E2D786C617267652D646576696365293D273027223E68696464656E2D6C673C2F78736C3A7768656E3E0D0A09093C78736C3A6F74686572776973653E3C2F78736C3A6F74686572776973653E0D0A093C2F78736C3A63686F6F73653E0D0A093C2F78736C3A7661726961626C653E0D0A0D0A093C64697620636C6173733D22706F72746C6574207B246465766963655F636C6173737D223E0D0A20202020202020203C78736C3A696620746573743D226E6F7428737472696E6728646973706C61792D706F72746C65742D7469746C65293D27312729223E0D0A0909093C68323E0D0A090909093C78736C3A76616C75652D6F662064697361626C652D6F75747075742D6573636170696E673D22796573222073656C6563743D22706F72746C65742D6E616D6522202F3E0D0A0909093C2F68323E0D0A20202020202020203C2F78736C3A69663E0D0A09093C756C3E0D0A0909093C78736C3A6170706C792D74656D706C617465732073656C6563743D22646F63756D656E742D6C6973742D706F72746C65742F646F63756D656E7422202F3E0D0A20202020202020203C2F756C3E20200D0A093C2F6469763E0D0A3C2F78736C3A74656D706C6174653E0D0A0D0A0D0A3C78736C3A74656D706C617465206D617463683D22646F63756D656E74223E2020202020200D0A3C78736C3A696620746573743D226E6F7428737472696E6728646F63756D656E742D786D6C2D636F6E74656E74293D276E756C6C2729223E0D0A202020203C6C693E0D0A20202020202020203C6120687265663D227B24736974652D706174687D3F646F63756D656E745F69643D7B646F63756D656E742D69647D26616D703B706F72746C65745F69643D7B24706F72746C65742D69647D22207461726765743D225F746F70223E2020202020200D0A202020202020202020202020203C78736C3A76616C75652D6F662073656C6563743D22646F63756D656E742D786D6C2D636F6E74656E742F766964656F2F766964656F2D7469746C6522202F3E2020200D0A09093C2F613E0D0A20202020202020093C78736C3A696620746573743D2228737472696E67287265736F757263652D69732D766F7461626C65293D27312729223E0D0A0909093C6272202F3E0D0A2020202020202020093C78736C3A7661726961626C65206E616D653D227265736F757263652D73636F7265222073656C6563743D227265736F757263652D73636F726522202F3E0D0A0920202020202020203C696D67207372633D22696D616765732F6C6F63616C2F736B696E2F706C7567696E732F726174696E672F73746172735F7B247265736F757263652D73636F72657D2E706E672220616C743D2253636F726522207469746C653D2253636F726522202F3E0D0A20202020202020203C2F78736C3A69663E2020200D0A202020202020203C78736C3A696620746573743D2228737472696E672869732D646F776E6C6F61642D73746174293D27312729223E0D0A0909093C6272202F3E0D0A090909236931386E7B726174696E672E7265736F757263655F766F74652E6C6162656C446F776E6C6F6164436F756E747D203A203C78736C3A76616C75652D6F662073656C6563743D227265736F757263652D646F776E6C6F61642D7374617422202F3E0D0A09093C2F78736C3A69663E0D0A09093C6272202F3E0D0A20202020202020203C78736C3A76616C75652D6F662073656C6563743D22646F63756D656E742D786D6C2D636F6E74656E742F766964656F2F766964656F2D66696C6522202F3E0D0A202020203C2F6C693E0D0A3C2F78736C3A69663E0D0A3C2F78736C3A74656D706C6174653E20202020202020202020202020200D0A0D0A3C2F78736C3A7374796C6573686565743E);


--
-- Dumping data for table core_user_right
--
INSERT INTO core_user_right (id_right,id_user) VALUES ('DOCUMENT_MANAGEMENT',1);
INSERT INTO core_user_right (id_right,id_user) VALUES ('DOCUMENT_MANAGEMENT',2);
INSERT INTO core_user_right (id_right,id_user) VALUES ('DOCUMENT_MANAGEMENT',3);
INSERT INTO core_user_right (id_right,id_user) VALUES ('DOCUMENT_MANAGEMENT',4);
INSERT INTO core_user_right (id_right,id_user) VALUES ('DOCUMENT_RULES_MANAGEMENT',1);
INSERT INTO core_user_right (id_right,id_user) VALUES ('DOCUMENT_RULES_MANAGEMENT',2);
INSERT INTO core_user_right (id_right,id_user) VALUES ('DOCUMENT_TYPES_MANAGEMENT',1);
INSERT INTO core_user_right (id_right,id_user) VALUES ('DOCUMENT_CATEGORY_MANAGEMENT',1);

--
-- Dumping data for table core_user_role
--
INSERT INTO core_user_role (role_key,id_user) VALUES ('content_contributor',1);
INSERT INTO core_user_role (role_key,id_user) VALUES ('content_contributor',2);
INSERT INTO core_user_role (role_key,id_user) VALUES ('content_contributor',3);
INSERT INTO core_user_role (role_key,id_user) VALUES ('content_publisher',1);
INSERT INTO core_user_role (role_key,id_user) VALUES ('content_publisher',2);
INSERT INTO core_user_role (role_key,id_user) VALUES ('content_validator',1);
INSERT INTO core_user_role (role_key,id_user) VALUES ('content_validator',2);
INSERT INTO core_user_role (role_key,id_user) VALUES ('content_validator',4);
INSERT INTO core_user_role (role_key,id_user) VALUES ('manage_spaces',1);
INSERT INTO core_user_role (role_key,id_user) VALUES ('manage_spaces',2);
INSERT INTO core_user_role (role_key,id_user) VALUES ('manage_spaces',5);
INSERT INTO core_user_role (role_key,id_user) VALUES ('view_space_validation',4);
INSERT INTO core_user_role (role_key,id_user) VALUES ('view_space_work',3);
INSERT INTO core_user_role (role_key,id_user) VALUES ('view_spaces_all',1);
INSERT INTO core_user_role (role_key,id_user) VALUES ('view_spaces_all',2);

--
-- Init  table core_dashboard
--
INSERT INTO core_dashboard(dashboard_name, dashboard_column, dashboard_order) VALUES('DOCUMENT', 2, 1);

-- Enable the cache by default (was previously in lutece-core/webapp/WEB-INF/conf/caches.dat)
INSERT INTO core_datastore (entity_key, entity_value) VALUES ('core.cache.status.DocumentResourceServletCache.enabled', 1);
