--
-- Dumping data for table core_admin_right
--
INSERT INTO core_admin_right (id_right,name,level_right,admin_url,description,is_updatable,plugin_name,id_feature_group,icon_url,documentation_url) VALUES 
('DOCUMENT_TYPES_MANAGEMENT','document.adminFeature.document_types_management.name',1,'jsp/admin/plugins/document/ManageDocumentTypes.jsp','document.adminFeature.document_types_management.description',0,'document','CONTENT','images/admin/skin/plugins/document/manage_document_types.png',NULL);
INSERT INTO core_admin_right (id_right,name,level_right,admin_url,description,is_updatable,plugin_name,id_feature_group,icon_url,documentation_url) VALUES 
('DOCUMENT_MANAGEMENT','document.adminFeature.documents_management.name',3,'jsp/admin/plugins/document/ManageDocuments.jsp','document.adminFeature.documents_management.description',0,'document','CONTENT','images/admin/skin/plugins/document/manage_documents.png',NULL);
INSERT INTO core_admin_right (id_right,name,level_right,admin_url,description,is_updatable,plugin_name,id_feature_group,icon_url,documentation_url) VALUES 
('DOCUMENT_RULES_MANAGEMENT','document.adminFeature.rules_management.name',1,'jsp/admin/plugins/document/ManageRules.jsp','document.adminFeature.rules_management.description',0,'document','CONTENT','images/admin/skin/plugins/document/manage_rules.png',NULL);
INSERT INTO core_admin_right (id_right,name,level_right,admin_url,description,is_updatable,plugin_name,id_feature_group,icon_url,documentation_url) VALUES 
('DOCUMENT_CATEGORY_MANAGEMENT','document.adminFeature.category_management.name',1,'jsp/admin/plugins/document/ManageCategory.jsp','document.adminFeature.category_management.description',0,'document','CONTENT','images/admin/skin/plugins/document/manage_category.png',NULL);

--
-- Dumping data for table core_admin_role
--
INSERT INTO core_admin_role (role_key,role_description) VALUES ('view_spaces_all','Vue sur tous les espaces');
INSERT INTO core_admin_role (role_key,role_description) VALUES ('manage_spaces','Gestion des espaces de documents');
INSERT INTO core_admin_role (role_key,role_description) VALUES ('view_space_work','Vue sur l''espace de travail');
INSERT INTO core_admin_role (role_key,role_description) VALUES ('view_spaces_multimedia','Vue sur les espaces multimedia');
INSERT INTO core_admin_role (role_key,role_description) VALUES ('content_contributor','Producteur de contenu');
INSERT INTO core_admin_role (role_key,role_description) VALUES ('content_validator','Validateur de contenu');
INSERT INTO core_admin_role (role_key,role_description) VALUES ('content_publisher','Gestionnaire de publication');
INSERT INTO core_admin_role (role_key,role_description) VALUES ('view_space_validation','Vue sur l''espace de validation');

--
-- Dumping data for table core_admin_role_resource
--
INSERT INTO core_admin_role_resource (rbac_id,role_key,resource_type,resource_id,permission) VALUES (87,'view_spaces_multimedia','DOCUMENT_SPACE','5','VIEW');
INSERT INTO core_admin_role_resource (rbac_id,role_key,resource_type,resource_id,permission) VALUES (86,'view_space_work','DOCUMENT_SPACE','2','VIEW');
INSERT INTO core_admin_role_resource (rbac_id,role_key,resource_type,resource_id,permission) VALUES (85,'manage_spaces','DOCUMENT_SPACE','*','CREATE');
INSERT INTO core_admin_role_resource (rbac_id,role_key,resource_type,resource_id,permission) VALUES (84,'manage_spaces','DOCUMENT_SPACE','*','MOVE');
INSERT INTO core_admin_role_resource (rbac_id,role_key,resource_type,resource_id,permission) VALUES (83,'manage_spaces','DOCUMENT_SPACE','*','MODIFY');
INSERT INTO core_admin_role_resource (rbac_id,role_key,resource_type,resource_id,permission) VALUES (82,'manage_spaces','DOCUMENT_SPACE','*','DELETE');
INSERT INTO core_admin_role_resource (rbac_id,role_key,resource_type,resource_id,permission) VALUES (81,'view_spaces_all','DOCUMENT_SPACE','0','VIEW');
INSERT INTO core_admin_role_resource (rbac_id,role_key,resource_type,resource_id,permission) VALUES (78,'super_admin','DOCUMENT_TYPE','*','*');
INSERT INTO core_admin_role_resource (rbac_id,role_key,resource_type,resource_id,permission) VALUES (88,'content_contributor','DOCUMENT_TYPE','*','SUBMIT');
INSERT INTO core_admin_role_resource (rbac_id,role_key,resource_type,resource_id,permission) VALUES (89,'content_contributor','DOCUMENT_TYPE','*','DELETE');
INSERT INTO core_admin_role_resource (rbac_id,role_key,resource_type,resource_id,permission) VALUES (90,'content_contributor','DOCUMENT_TYPE','*','MODIFY');
INSERT INTO core_admin_role_resource (rbac_id,role_key,resource_type,resource_id,permission) VALUES (91,'content_contributor','DOCUMENT_TYPE','*','VIEW');
INSERT INTO core_admin_role_resource (rbac_id,role_key,resource_type,resource_id,permission) VALUES (92,'content_contributor','DOCUMENT_TYPE','*','VIEW_HISTORY');
INSERT INTO core_admin_role_resource (rbac_id,role_key,resource_type,resource_id,permission) VALUES (93,'content_contributor','DOCUMENT_TYPE','*','CREATE');
INSERT INTO core_admin_role_resource (rbac_id,role_key,resource_type,resource_id,permission) VALUES (94,'content_validator','DOCUMENT_TYPE','*','VIEW');
INSERT INTO core_admin_role_resource (rbac_id,role_key,resource_type,resource_id,permission) VALUES (95,'content_validator','DOCUMENT_TYPE','*','VIEW_HISTORY');
INSERT INTO core_admin_role_resource (rbac_id,role_key,resource_type,resource_id,permission) VALUES (96,'content_validator','DOCUMENT_TYPE','*','VALIDATE');
INSERT INTO core_admin_role_resource (rbac_id,role_key,resource_type,resource_id,permission) VALUES (97,'content_publisher','DOCUMENT_TYPE','*','ARCHIVE');
INSERT INTO core_admin_role_resource (rbac_id,role_key,resource_type,resource_id,permission) VALUES (98,'content_publisher','DOCUMENT_TYPE','*','VIEW');
INSERT INTO core_admin_role_resource (rbac_id,role_key,resource_type,resource_id,permission) VALUES (99,'content_publisher','DOCUMENT_TYPE','*','VIEW_HISTORY');
INSERT INTO core_admin_role_resource (rbac_id,role_key,resource_type,resource_id,permission) VALUES (100,'content_publisher','DOCUMENT_TYPE','*','PUBLISH');
INSERT INTO core_admin_role_resource (rbac_id,role_key,resource_type,resource_id,permission) VALUES (102,'view_space_validation','DOCUMENT_SPACE','3','VIEW');
INSERT INTO core_admin_role_resource (rbac_id,role_key,resource_type,resource_id,permission) VALUES (107,'content_contributor','DOCUMENT_TYPE','*','CHANGE');
INSERT INTO core_admin_role_resource (rbac_id,role_key,resource_type,resource_id,permission) VALUES (108,'content_publisher','DOCUMENT_TYPE','*','ASSIGN');

--
-- Dumping data for table core_portlet_type
--
INSERT INTO core_portlet_type (id_portlet_type,name,url_creation,url_update,home_class,plugin_name,url_docreate,create_script,create_specific,create_specific_form,url_domodify,modify_script,modify_specific,modify_specific_form) VALUES 
('DOCUMENT_LIST_PORTLET','document.portlet.documentListPortlet.name','plugins/document/CreateDocumentListPortlet.jsp','plugins/document/ModifyDocumentListPortlet.jsp','fr.paris.lutece.plugins.document.business.portlet.DocumentListPortletHome','document','plugins/document/DoCreateDocumentListPortlet.jsp','/admin/portlet/script_create_portlet.html','/admin/plugins/document/portlet/document_list_portlet_type.html','','plugins/document/DoModifyDocumentListPortlet.jsp','/admin/portlet/script_modify_portlet.html','/admin/plugins/document/portlet/document_list_portlet_type.html','');
INSERT INTO core_portlet_type (id_portlet_type,name,url_creation,url_update,home_class,plugin_name,url_docreate,create_script,create_specific,create_specific_form,url_domodify,modify_script,modify_specific,modify_specific_form) VALUES 
('DOCUMENT_PORTLET','document.portlet.documentPortlet.name','plugins/document/CreateDocumentPortlet.jsp','plugins/document/ModifyDocumentPortlet.jsp','fr.paris.lutece.plugins.document.business.portlet.DocumentPortletHome','document','plugins/document/DoCreateDocumentPortlet.jsp','/admin/portlet/script_create_portlet.html','/admin/plugins/document/portlet/document_portlet_type.html','','plugins/document/DoModifyDocumentPortlet.jsp','/admin/portlet/script_modify_portlet.html','/admin/plugins/document/portlet/document_portlet_type.html','');

--
-- Dumping data for table core_style
--
INSERT INTO core_style (id_style,description_style,id_portlet_type,id_portal_component) VALUES (1700,'Défaut','DOCUMENT_LIST_PORTLET',0);
INSERT INTO core_style (id_style,description_style,id_portlet_type,id_portal_component) VALUES (1701,'Type Actor','DOCUMENT_LIST_PORTLET',0);
INSERT INTO core_style (id_style,description_style,id_portlet_type,id_portal_component) VALUES (1702,'Type Brève','DOCUMENT_LIST_PORTLET',0);
INSERT INTO core_style (id_style,description_style,id_portlet_type,id_portal_component) VALUES (1703,'Type Article','DOCUMENT_LIST_PORTLET',0);
INSERT INTO core_style (id_style,description_style,id_portlet_type,id_portal_component) VALUES (1704,'Type Image','DOCUMENT_LIST_PORTLET',0);
INSERT INTO core_style (id_style,description_style,id_portlet_type,id_portal_component) VALUES (1705,'Type Video','DOCUMENT_LIST_PORTLET',0);
INSERT INTO core_style (id_style,description_style,id_portlet_type,id_portal_component) VALUES (1706,'Type Pdf','DOCUMENT_LIST_PORTLET',0);
INSERT INTO core_style (id_style,description_style,id_portlet_type,id_portal_component) VALUES (1707,'Type Son','DOCUMENT_LIST_PORTLET',0);
INSERT INTO core_style (id_style,description_style,id_portlet_type,id_portal_component) VALUES (1708,'Type Actor Service','DOCUMENT_LIST_PORTLET',0);
INSERT INTO core_style (id_style,description_style,id_portlet_type,id_portal_component) VALUES (1720,'Sidebar','DOCUMENT_LIST_PORTLET',0);
INSERT INTO core_style (id_style,description_style,id_portlet_type,id_portal_component) VALUES (1730,'Type Actor','DOCUMENT_PORTLET',0);
INSERT INTO core_style (id_style,description_style,id_portlet_type,id_portal_component) VALUES (1731,'Type Brève','DOCUMENT_PORTLET',0);
INSERT INTO core_style (id_style,description_style,id_portlet_type,id_portal_component) VALUES (1732,'Type Article','DOCUMENT_PORTLET',0);
INSERT INTO core_style (id_style,description_style,id_portlet_type,id_portal_component) VALUES (1733,'Type Image','DOCUMENT_PORTLET',0);
INSERT INTO core_style (id_style,description_style,id_portlet_type,id_portal_component) VALUES (1734,'Type Video','DOCUMENT_PORTLET',0);
INSERT INTO core_style (id_style,description_style,id_portlet_type,id_portal_component) VALUES (1735,'Type Pdf','DOCUMENT_PORTLET',0);
INSERT INTO core_style (id_style,description_style,id_portlet_type,id_portal_component) VALUES (1736,'Type Son','DOCUMENT_PORTLET',0);
INSERT INTO core_style (id_style,description_style,id_portlet_type,id_portal_component) VALUES (1737,'Type Flash','DOCUMENT_LIST_PORTLET',0);
INSERT INTO core_style (id_style,description_style,id_portlet_type,id_portal_component) VALUES (1738,'Type Flash','DOCUMENT_PORTLET',0);
INSERT INTO core_style (id_style,description_style,id_portlet_type,id_portal_component) VALUES (1739,'Défaut Download','DOCUMENT_LIST_PORTLET',0);

--
-- Dumping data for table core_style_mode_stylesheet
--
INSERT INTO core_style_mode_stylesheet (id_style,id_mode,id_stylesheet) VALUES (1700,0,298);
INSERT INTO core_style_mode_stylesheet (id_style,id_mode,id_stylesheet) VALUES (1701,0,297);
INSERT INTO core_style_mode_stylesheet (id_style,id_mode,id_stylesheet) VALUES (1702,0,299);
INSERT INTO core_style_mode_stylesheet (id_style,id_mode,id_stylesheet) VALUES (1703,0,300);
INSERT INTO core_style_mode_stylesheet (id_style,id_mode,id_stylesheet) VALUES (1704,0,304);
INSERT INTO core_style_mode_stylesheet (id_style,id_mode,id_stylesheet) VALUES (1705,0,303);
INSERT INTO core_style_mode_stylesheet (id_style,id_mode,id_stylesheet) VALUES (1706,0,302);
INSERT INTO core_style_mode_stylesheet (id_style,id_mode,id_stylesheet) VALUES (1707,0,301);
INSERT INTO core_style_mode_stylesheet (id_style,id_mode,id_stylesheet) VALUES (1708,0,305);
INSERT INTO core_style_mode_stylesheet (id_style,id_mode,id_stylesheet) VALUES (1720,0,402);
INSERT INTO core_style_mode_stylesheet (id_style,id_mode,id_stylesheet) VALUES (1730,0,403);
INSERT INTO core_style_mode_stylesheet (id_style,id_mode,id_stylesheet) VALUES (1731,0,504);
INSERT INTO core_style_mode_stylesheet (id_style,id_mode,id_stylesheet) VALUES (1732,0,505);
INSERT INTO core_style_mode_stylesheet (id_style,id_mode,id_stylesheet) VALUES (1733,0,506);
INSERT INTO core_style_mode_stylesheet (id_style,id_mode,id_stylesheet) VALUES (1734,0,507);
INSERT INTO core_style_mode_stylesheet (id_style,id_mode,id_stylesheet) VALUES (1735,0,408);
INSERT INTO core_style_mode_stylesheet (id_style,id_mode,id_stylesheet) VALUES (1736,0,409);
INSERT INTO core_style_mode_stylesheet (id_style,id_mode,id_stylesheet) VALUES (1737,0,508);
INSERT INTO core_style_mode_stylesheet (id_style,id_mode,id_stylesheet) VALUES (1738,0,509);
INSERT INTO core_style_mode_stylesheet (id_style,id_mode,id_stylesheet) VALUES (1739,0,510);

--
-- Dumping data for table core_stylesheet
--
INSERT INTO core_stylesheet (id_stylesheet, description, file_name, source) VALUES (297,'Rubrique Liste de Documents - Type Acteur','portlet_document_actor_list.xsl','<?xml version=\"1.0\"?>\r\n<xsl:stylesheet version=\"1.0\" xmlns:xsl=\"http://www.w3.org/1999/XSL/Transform\">\r\n\r\n<xsl:param name=\"site-path\" select=\"site-path\" />\r\n<xsl:variable name=\"portlet-id\" select=\"portlet/portlet-id\" />\r\n\r\n<xsl:template match=\"portlet\">\r\n	<xsl:variable name=\"device_class\">\r\n	<xsl:choose>\r\n		<xsl:when test=\"string(display-on-small-device)=\'0\'\">hide-for-small</xsl:when>\r\n		<xsl:otherwise></xsl:otherwise>\r\n	</xsl:choose>\r\n	</xsl:variable>\r\n	<div class=\"portlet-background-colored  {$device_class} append-bottom\" >\r\n        <xsl:if test=\"not(string(display-portlet-title)=\'1\')\">\r\n			<h3 class=\"portlet-background-colored-header -lutece-border-radius-top\">\r\n				<xsl:value-of disable-output-escaping=\"yes\" select=\"portlet-name\" />\r\n			</h3>\r\n        </xsl:if>\r\n		<div class=\"portlet-background-content -lutece-border-radius-bottom\" >\r\n		     <ul>        \r\n                 <xsl:apply-templates select=\"document-list-portlet/document\" />	\r\n            </ul>  \r\n		</div>            	\r\n	</div>\r\n</xsl:template>\r\n\r\n\r\n<xsl:template match=\"document\">      \r\n    <li style=\"list-style:none;\"> \r\n        <xsl:if test=\"not(string(document-xml-content)=\'null\')\">\r\n             <table width=\"90%\" summary=\"document\"> \r\n                 <tr>\r\n                     <td  width=\"65%\">   \r\n                         <a href=\"{$site-path}?document_id={document-id}&#38;portlet_id={$portlet-id}\" target=\"_top\">      \r\n                             <xsl:value-of disable-output-escaping=\"yes\" select=\"document-xml-content/actor/actor-firstname\" />&#160;<xsl:value-of disable-output-escaping=\"yes\" select=\"document-xml-content/actor/actor-lastname\" />\r\n\r\n                         </a>\r\n						<xsl:if test=\"(string(resource-is-votable)=\'1\')\">\r\n							<br />\r\n				        	<xsl:variable name=\"resource-score\" select=\"resource-score\" />\r\n	        				<img src=\"images/local/skin/plugins/rating/stars_{$resource-score}.png\" alt=\"Score\" title=\"Score\" />\r\n				        </xsl:if>   \r\n                         <xsl:if test=\"(string(is-download-stat)=\'1\')\">\r\n							<br />\r\n							#i18n{rating.resource_vote.labelDownloadCount} : <xsl:value-of select=\"resource-download-stat\" />\r\n						 </xsl:if>\r\n                    </td>\r\n                    <td  width=\"35%\">\r\n                        <xsl:apply-templates select=\"document-xml-content/actor/actor-photo/file-resource\" />\r\n                   </td>\r\n                </tr>    \r\n            </table> \r\n        </xsl:if>\r\n    </li>        \r\n</xsl:template>              \r\n	\r\n\r\n<xsl:template match=\"file-resource\">\r\n	<xsl:choose>\r\n		<xsl:when test=\"(resource-content-type=\'image/jpeg\' or resource-content-type=\'image/jpg\' or  resource-content-type=\'image/pjpeg\' or resource-content-type=\'image/gif\' or resource-content-type=\'image/png\')\" >\r\n			<img src=\"document?id={resource-document-id}&amp;id_attribute={resource-attribute-id}\" alt=\"\" align=\"right\" width=\"40\" height=\"40\"/>\r\n		</xsl:when>\r\n		<xsl:otherwise>\r\n             <a href=\"document?id={resource-document-id}&amp;id_attribute={resource-attribute-id}\"> \r\n			   <img src=\"images/admin/skin/plugins/document/filetypes/file.png\" border=\"0\" alt=\"\" align=\"right\" width=\"40\" height=\"40\"/>\r\n             </a>\r\n		</xsl:otherwise>        \r\n	</xsl:choose>\r\n</xsl:template>\r\n\r\n</xsl:stylesheet>\r\n');
INSERT INTO core_stylesheet (id_stylesheet, description, file_name, source) VALUES (298,'Rubrique Liste de Documents - Défaut','portlet_document_list.xsl','<?xml version=\"1.0\"?>\r\n<xsl:stylesheet version=\"1.0\" xmlns:xsl=\"http://www.w3.org/1999/XSL/Transform\">\r\n\r\n<xsl:param name=\"site-path\" select=\"site-path\" />\r\n<xsl:variable name=\"portlet-id\" select=\"portlet/portlet-id\" />\r\n    \r\n<xsl:template match=\"portlet\">\r\n\r\n	<xsl:variable name=\"device_class\">\r\n	<xsl:choose>\r\n		<xsl:when test=\"string(display-on-small-device)=\'0\'\">hide-for-small</xsl:when>\r\n		<xsl:otherwise></xsl:otherwise>\r\n	</xsl:choose>\r\n	</xsl:variable>\r\n\r\n    <div class=\"portlet-background-colored  {$device_class} append-bottom\" >\r\n        <xsl:if test=\"not(string(display-portlet-title)=\'1\')\">\r\n            <h3 class=\"portlet-background-colored-header -lutece-border-radius-top\">\r\n                <xsl:value-of disable-output-escaping=\"yes\" select=\"portlet-name\" />\r\n            </h3>\r\n        </xsl:if>\r\n		<div class=\"portlet-background-content -lutece-border-radius-bottom\" >\r\n            <xsl:apply-templates select=\"document-list-portlet\" />\r\n		</div>\r\n    </div>\r\n</xsl:template>\r\n\r\n\r\n<xsl:template match=\"document-list-portlet\">\r\n    <ul>\r\n        <xsl:apply-templates select=\"document\" />\r\n    </ul>\r\n</xsl:template>\r\n\r\n\r\n<xsl:template match=\"document\">\r\n    <li>\r\n        <a href=\"{$site-path}?document_id={document-id}&#38;portlet_id={$portlet-id}\" target=\"_top\">\r\n            <xsl:for-each select=\"descendant::*\">\r\n                <xsl:value-of select=\"document-title\" />\r\n           </xsl:for-each>\r\n		</a>          \r\n		<xsl:if test=\"(string(resource-is-votable)=\'1\')\">\r\n			<br />\r\n        	<xsl:variable name=\"resource-score\" select=\"resource-score\" />\r\n	        <img src=\"images/local/skin/plugins/rating/stars_{$resource-score}.png\" alt=\"Score\" title=\"Score\" />\r\n        </xsl:if>   \r\n           <br />\r\n            <xsl:for-each select=\"descendant::*\">\r\n                <xsl:value-of select=\"document-summary\" />\r\n            </xsl:for-each>\r\n            <br />\r\n            <xsl:if test=\"(string(document-is-commentable)=\'1\')\">\r\n                <img src=\"images/local/skin/plugins/document/nb_comments.png\" alt=\"Nombre de commentaires\" title=\"Nombre de commentaires\" align=\"middle\"/>&#160;<xsl:value-of select=\"document-comment-nb\" />      \r\n            </xsl:if>   \r\n    </li>\r\n</xsl:template>\r\n\r\n\r\n</xsl:stylesheet>\r\n\r\n');
INSERT INTO core_stylesheet (id_stylesheet, description, file_name, source) VALUES (299,'Rubrique Liste de Documents - Type Brève','portlet_document_shortarticle_list.xsl','<?xml version=\"1.0\"?>\r\n<xsl:stylesheet version=\"1.0\"\r\n	xmlns:xsl=\"http://www.w3.org/1999/XSL/Transform\">\r\n\r\n	<xsl:param name=\"site-path\" select=\"site-path\" />\r\n	<xsl:param name=\"page-id\" select=\"page-id\" />\r\n	<xsl:variable name=\"portlet-id\" select=\"portlet/portlet-id\" />\r\n\r\n	<xsl:template match=\"portlet\">\r\n	\r\n	<xsl:variable name=\"device_class\">\r\n	<xsl:choose>\r\n		<xsl:when test=\"string(display-on-small-device)=\'0\'\">hide-for-small</xsl:when>\r\n		<xsl:otherwise></xsl:otherwise>\r\n	</xsl:choose>\r\n	</xsl:variable>\r\n	\r\n		<div class=\"portlet  {$device_class} -lutece-border-radius append-bottom\">\r\n			<xsl:if test=\"not(string(display-portlet-title)=\'1\')\">\r\n				<h3 id=\"article_{$portlet-id}\">\r\n					<xsl:value-of disable-output-escaping=\"yes\" select=\"portlet-name\" />\r\n				</h3><br />\r\n			</xsl:if>\r\n			<xsl:apply-templates select=\"document-list-portlet/document\" />\r\n			<xsl:text disable-output-escaping=\"yes\">\r\n				<![CDATA[<div class=\"clear\">&#160;</div>]]>\r\n			</xsl:text>\r\n		</div>\r\n	</xsl:template>\r\n\r\n	<xsl:template match=\"document\">\r\n		<xsl:if test=\"not(string(document-xml-content)=\'null\')\">\r\n			<div class=\"span-6 portlet -lutece-border-radius append-bottom\">\r\n				<a\r\n					href=\"{$site-path}?document_id={document-id}&#38;portlet_id={$portlet-id}\"\r\n					target=\"_top\">\r\n					<xsl:for-each select=\"descendant::*\">\r\n						<xsl:value-of select=\"document-title\" />\r\n					</xsl:for-each>\r\n				</a>\r\n				<xsl:if test=\"(string(resource-is-votable)=\'1\')\">\r\n					<br />\r\n		        	<xsl:variable name=\"resource-score\" select=\"resource-score\" />\r\n	        		<img src=\"images/local/skin/plugins/rating/stars_{$resource-score}.png\" alt=\"Score\" title=\"Score\" />\r\n		        </xsl:if>   \r\n				<xsl:if test=\"(string(is-download-stat)=\'1\')\">\r\n					<br />\r\n					#i18n{rating.resource_vote.labelDownloadCount} : <xsl:value-of select=\"resource-download-stat\" />\r\n				</xsl:if>\r\n				<br />\r\n				<xsl:for-each select=\"descendant::*\">\r\n					<xsl:value-of select=\"document-summary\" />\r\n				</xsl:for-each>\r\n			</div>\r\n		</xsl:if>\r\n	</xsl:template>\r\n	\r\n</xsl:stylesheet>\r\n');
INSERT INTO core_stylesheet (id_stylesheet, description, file_name, source) VALUES (300,'Rubrique Liste de Documents - Type Article','portlet_document_article_list.xsl','<?xml version=\"1.0\"?>\r\n<xsl:stylesheet version=\"1.0\"\r\n	xmlns:xsl=\"http://www.w3.org/1999/XSL/Transform\">\r\n\r\n	<xsl:param name=\"site-path\" select=\"site-path\" />\r\n	<xsl:param name=\"target\" select=\"target\" />\r\n	<xsl:param name=\"page-id\" select=\"page-id\" />\r\n	<xsl:variable name=\"portlet-id\" select=\"portlet/portlet-id\" />\r\n\r\n	<xsl:template match=\"portlet\">\r\n	<xsl:variable name=\"device_class\">\r\n	<xsl:choose>\r\n		<xsl:when test=\"string(display-on-small-device)=\'0\'\">hide-for-small</xsl:when>\r\n		<xsl:otherwise></xsl:otherwise>\r\n	</xsl:choose>\r\n	</xsl:variable>\r\n	\r\n		<div class=\"portlet  {$device_class} -lutece-border-radius append-bottom\">\r\n			<xsl:if test=\"not(string(display-portlet-title)=\'1\')\">\r\n				<h3 id=\"article_{$portlet-id}\">\r\n					<xsl:value-of disable-output-escaping=\"yes\" select=\"portlet-name\" />\r\n				</h3><br />\r\n			</xsl:if>\r\n			<xsl:apply-templates select=\"document-list-portlet/document\" />\r\n			<xsl:text disable-output-escaping=\"yes\">\r\n				<![CDATA[<div class=\"clear\">&#160;</div>]]>\r\n			</xsl:text>\r\n		</div>\r\n	</xsl:template>\r\n\r\n	<xsl:template match=\"document\">\r\n		<xsl:if test=\"not(string(document-xml-content)=\'null\')\">\r\n			<div class=\"span-6 portlet -lutece-border-radius append-bottom\">\r\n				<a\r\n					href=\"{$site-path}?document_id={document-id}&#38;portlet_id={$portlet-id} {$target}\">\r\n					<xsl:for-each select=\"descendant::*\">\r\n						<xsl:value-of select=\"document-title\" />\r\n					</xsl:for-each>\r\n				</a>\r\n				<xsl:if test=\"(string(resource-is-votable)=\'1\')\">\r\n					<br />\r\n	        		<xsl:variable name=\"resource-score\" select=\"resource-score\" />\r\n	        		<img src=\"images/local/skin/plugins/rating/stars_{$resource-score}.png\" alt=\"Score\" title=\"Score\" />\r\n		        </xsl:if>   \r\n				<xsl:if test=\"(string(is-download-stat)=\'1\')\">\r\n					<br />\r\n					#i18n{rating.resource_vote.labelDownloadCount} : <xsl:value-of select=\"resource-download-stat\" />\r\n				</xsl:if>\r\n				<br />\r\n				<xsl:for-each select=\"descendant::*\">\r\n					<xsl:value-of select=\"document-summary\" />\r\n				</xsl:for-each>\r\n			</div>\r\n		</xsl:if>\r\n	</xsl:template>\r\n	\r\n</xsl:stylesheet>\r\n');
INSERT INTO core_stylesheet (id_stylesheet, description, file_name, source) VALUES (301,'Rubrique Liste de Documents - Type Son','portlet_document_sound_list.xsl','<?xml version=\"1.0\"?>\r\n<xsl:stylesheet version=\"1.0\" xmlns:xsl=\"http://www.w3.org/1999/XSL/Transform\">\r\n\r\n<xsl:param name=\"site-path\" select=\"site-path\" />\r\n<xsl:variable name=\"portlet-id\" select=\"portlet/portlet-id\" />\r\n\r\n<xsl:template match=\"portlet\">\r\n\r\n	<xsl:variable name=\"device_class\">\r\n	<xsl:choose>\r\n		<xsl:when test=\"string(display-on-small-device)=\'0\'\">hide-for-small</xsl:when>\r\n		<xsl:otherwise></xsl:otherwise>\r\n	</xsl:choose>\r\n	</xsl:variable>\r\n\r\n	<div class=\"portlet-background-colored  {$device_class} append-bottom\" >\r\n        <xsl:if test=\"not(string(display-portlet-title)=\'1\')\">\r\n			<h3 class=\"portlet-background-colored-header -lutece-border-radius-top\">\r\n				<xsl:value-of disable-output-escaping=\"yes\" select=\"portlet-name\" />\r\n			</h3>\r\n        </xsl:if>\r\n		<div class=\"portlet-background-content -lutece-border-radius-bottom\" >\r\n		     <ul>\r\n     	       <xsl:apply-templates select=\"document-list-portlet/document\" />\r\n     	     </ul>  \r\n		</div>\r\n	</div>\r\n</xsl:template>\r\n\r\n\r\n<xsl:template match=\"document\">      \r\n<xsl:if test=\"not(string(document-xml-content)=\'null\')\">\r\n    <li>\r\n        <a href=\"{$site-path}?document_id={document-id}&amp;portlet_id={$portlet-id}\" target=\"_top\">      \r\n             <xsl:value-of select=\"document-xml-content/sound/sound-title\" />   \r\n       </a>\r\n       	<xsl:if test=\"(string(resource-is-votable)=\'1\')\">\r\n			<br />\r\n        	<xsl:variable name=\"resource-score\" select=\"resource-score\" />\r\n	        <img src=\"images/local/skin/plugins/rating/stars_{$resource-score}.png\" alt=\"Score\" title=\"Score\" />\r\n        </xsl:if>   \r\n		<xsl:if test=\"(string(is-download-stat)=\'1\')\">\r\n			<br />\r\n			#i18n{rating.resource_vote.labelDownloadCount} : <xsl:value-of select=\"resource-download-stat\" />\r\n		</xsl:if>\r\n       <br />\r\n          <xsl:value-of select=\"document-xml-content/sound/sound-file\" />\r\n       <br />\r\n          <xsl:value-of select=\"document-xml-content/sound/sound-author\" />\r\n   </li>       \r\n</xsl:if>\r\n</xsl:template>              \r\n	\r\n\r\n</xsl:stylesheet>\r\n\r\n\r\n');
INSERT INTO core_stylesheet (id_stylesheet, description, file_name, source) VALUES (302,'Rubrique Liste de Documents - Type Pdf','portlet_document_pdf_list.xsl','<?xml version=\"1.0\"?>\r\n<xsl:stylesheet version=\"1.0\" xmlns:xsl=\"http://www.w3.org/1999/XSL/Transform\">\r\n\r\n<xsl:param name=\"site-path\" select=\"site-path\" />\r\n<xsl:variable name=\"portlet-id\" select=\"portlet/portlet-id\" />\r\n\r\n<xsl:template match=\"portlet\">\r\n\r\n	<xsl:variable name=\"device_class\">\r\n	<xsl:choose>\r\n		<xsl:when test=\"string(display-on-small-device)=\'0\'\">hide-for-small</xsl:when>\r\n		<xsl:otherwise></xsl:otherwise>\r\n	</xsl:choose>\r\n	</xsl:variable>\r\n\r\n	<div class=\"portlet-background-colored {$device_class} append-bottom\" >\r\n        <xsl:if test=\"not(string(display-portlet-title)=\'1\')\">\r\n			<h3 class=\"portlet-background-colored-header -lutece-border-radius-top\">\r\n				<xsl:value-of disable-output-escaping=\"yes\" select=\"portlet-name\" />\r\n			</h3>\r\n        </xsl:if>\r\n		<div class=\"portlet-background-content -lutece-border-radius-bottom\" >\r\n		     <ul>\r\n         	       <xsl:apply-templates select=\"document-list-portlet/document\" />\r\n             </ul>  \r\n		</div>\r\n	</div>\r\n</xsl:template>\r\n\r\n\r\n<xsl:template match=\"document\">      \r\n<xsl:if test=\"not(string(document-xml-content)=\'null\')\">\r\n   <!-- <li>\r\n        <a href=\"{$site-path}?document_id={document-id}&amp;portlet_id={$portlet-id}\" target=\"_top\">      \r\n             <xsl:value-of select=\"document-xml-content/pdf/document-title\" />   \r\n        </a>\r\n		<br />\r\n		<xsl:value-of select=\"document-xml-content/pdf/document-summary\" />   \r\n	\r\n    </li>-->\r\n    <li>\r\n        <a href=\"document?id={document-id}&amp;id_attribute=48\" target=\"_blank\">      \r\n        	<xsl:for-each select=\"descendant::*\">\r\n                <xsl:apply-templates select=\"file-resource\" />\r\n           </xsl:for-each>  \r\n          	<xsl:for-each select=\"descendant::*\">\r\n                <xsl:value-of select=\"document-title\" />\r\n           </xsl:for-each>  \r\n        </a>\r\n        <xsl:if test=\"(string(resource-is-votable)=\'1\')\">\r\n			<br />\r\n        	<xsl:variable name=\"resource-score\" select=\"resource-score\" />\r\n	        <img src=\"images/local/skin/plugins/rating/stars_{$resource-score}.png\" alt=\"Score\" title=\"Score\" />\r\n        </xsl:if>   \r\n        <xsl:if test=\"(string(is-download-stat)=\'1\')\">\r\n			<br />\r\n			#i18n{rating.resource_vote.labelDownloadCount} : <xsl:value-of select=\"resource-download-stat\" />\r\n		</xsl:if>\r\n		<br />\r\n	    <xsl:for-each select=\"descendant::*\">\r\n        	<xsl:value-of select=\"document-summary\" />\r\n        </xsl:for-each>\r\n    </li>	\r\n</xsl:if>\r\n</xsl:template>              \r\n\r\n<xsl:template match=\"file-resource\">\r\n	<xsl:choose>\r\n		<xsl:when test=\"(resource-content-type=\'application/pdf\')\" >\r\n			<img src=\"images/local/skin/plugins/document/filetypes/pdf.png\" border=\"0\" alt=\"\" width=\"32\" height=\"32\" />\r\n		</xsl:when>\r\n\r\n		<xsl:otherwise>\r\n		   <img src=\"images/local/skin/plugins/document/filetypes/file.png\" border=\"0\" alt=\"\" width=\"32\" height=\"32\"/>\r\n		</xsl:otherwise>        \r\n	</xsl:choose>\r\n	</xsl:template>\r\n</xsl:stylesheet>\r\n\r\n');
INSERT INTO core_stylesheet (id_stylesheet, description, file_name, source) VALUES (303,'Rubrique Liste de Documents - Type Video','portlet_document_video_list.xsl','<?xml version=\"1.0\"?>\r\n<xsl:stylesheet version=\"1.0\" xmlns:xsl=\"http://www.w3.org/1999/XSL/Transform\">\r\n\r\n<xsl:param name=\"site-path\" select=\"site-path\" />\r\n<xsl:variable name=\"portlet-id\" select=\"portlet/portlet-id\" />\r\n\r\n<xsl:template match=\"portlet\">\r\n\r\n	<xsl:variable name=\"device_class\">\r\n	<xsl:choose>\r\n		<xsl:when test=\"string(display-on-small-device)=\'0\'\">hide-for-small</xsl:when>\r\n		<xsl:otherwise></xsl:otherwise>\r\n	</xsl:choose>\r\n	</xsl:variable>\r\n\r\n	<div class=\"portlet-background-colored  {$device_class} append-bottom\" >\r\n        <xsl:if test=\"not(string(display-portlet-title)=\'1\')\">\r\n			<h3 class=\"portlet-background-colored-header -lutece-border-radius-top\">\r\n				<xsl:value-of disable-output-escaping=\"yes\" select=\"portlet-name\" />\r\n			</h3>\r\n        </xsl:if>\r\n		<div class=\"portlet-background-content -lutece-border-radius-bottom\" >\r\n		     <ul>\r\n         	       <xsl:apply-templates select=\"document-list-portlet/document\" />\r\n             </ul>  \r\n		</div>\r\n	</div>\r\n</xsl:template>\r\n\r\n\r\n<xsl:template match=\"document\">      \r\n<xsl:if test=\"not(string(document-xml-content)=\'null\')\">\r\n    <li>\r\n        <a href=\"{$site-path}?document_id={document-id}&amp;portlet_id={$portlet-id}\" target=\"_top\">      \r\n             <xsl:value-of select=\"document-xml-content/video/video-title\" />   \r\n       </a>\r\n       	<xsl:if test=\"(string(resource-is-votable)=\'1\')\">\r\n			<br />\r\n        	<xsl:variable name=\"resource-score\" select=\"resource-score\" />\r\n	        <img src=\"images/local/skin/plugins/rating/stars_{$resource-score}.png\" alt=\"Score\" title=\"Score\" />\r\n        </xsl:if>   \r\n       <xsl:if test=\"(string(is-download-stat)=\'1\')\">\r\n			<br />\r\n			#i18n{rating.resource_vote.labelDownloadCount} : <xsl:value-of select=\"resource-download-stat\" />\r\n		</xsl:if>\r\n       <br />\r\n          <xsl:value-of select=\"document-xml-content/video/video-file\" />\r\n    </li>\r\n</xsl:if>\r\n</xsl:template>              \r\n\r\n\r\n</xsl:stylesheet>\r\n\r\n');
INSERT INTO core_stylesheet (id_stylesheet, description, file_name, source) VALUES (304,'Rubrique Liste de Documents - Type Image','portlet_document_image_list.xsl','<?xml version=\"1.0\"?>\r\n<xsl:stylesheet version=\"1.0\" xmlns:xsl=\"http://www.w3.org/1999/XSL/Transform\">\r\n\r\n<xsl:param name=\"site-path\" select=\"site-path\" />\r\n<xsl:variable name=\"portlet-id\" select=\"portlet/portlet-id\" />\r\n\r\n<xsl:template match=\"portlet\">\r\n	<xsl:variable name=\"device_class\">\r\n	<xsl:choose>\r\n		<xsl:when test=\"string(display-on-small-device)=\'0\'\">hide-for-small</xsl:when>\r\n		<xsl:otherwise></xsl:otherwise>\r\n	</xsl:choose>\r\n	</xsl:variable>\r\n\r\n	<div class=\"portlet-background-colored {$device_class} append-bottom\" >\r\n        <xsl:if test=\"not(string(display-portlet-title)=\'1\')\">\r\n			<h3 class=\"portlet-background-colored-header -lutece-border-radius-top\">\r\n				<xsl:value-of disable-output-escaping=\"yes\" select=\"portlet-name\" />\r\n			</h3>\r\n        </xsl:if>\r\n		<div class=\"portlet-background-content -lutece-border-radius-bottom\" >\r\n		     <ul>        \r\n                 <xsl:apply-templates select=\"document-list-portlet/document\" />	\r\n            </ul>  \r\n		</div>            	\r\n	</div>\r\n</xsl:template>\r\n\r\n\r\n<xsl:template match=\"document\">      \r\n    <li style=\"list-style:none;\"> \r\n        <xsl:if test=\"not(string(document-xml-content)=\'null\')\">\r\n            <a href=\"{$site-path}?document_id={document-id}&#38;portlet_id={$portlet-id}\" target=\"_top\">      \r\n                <xsl:apply-templates select=\"document-xml-content/image/image-file/file-resource\" />\r\n            </a>\r\n            <xsl:if test=\"(string(resource-is-votable)=\'1\')\">\r\n				<br />\r\n	        	<xsl:variable name=\"resource-score\" select=\"resource-score\" />\r\n	        	<img src=\"images/local/skin/plugins/rating/stars_{$resource-score}.png\" alt=\"Score\" title=\"Score\" />\r\n        	</xsl:if>   \r\n            <xsl:if test=\"(string(is-download-stat)=\'1\')\">\r\n				<br />\r\n				#i18n{rating.resource_vote.labelDownloadCount} : <xsl:value-of select=\"resource-download-stat\" />\r\n			</xsl:if>\r\n            <br />           \r\n                <xsl:value-of disable-output-escaping=\"yes\" select=\"document-xml-content/image/image-description\" />\r\n            <br />\r\n                <xsl:value-of disable-output-escaping=\"yes\" select=\"document-xml-content/image/image-credits\" />\r\n            <br />\r\n        </xsl:if>\r\n    </li>        \r\n</xsl:template>              \r\n	\r\n\r\n<xsl:template match=\"file-resource\">\r\n	<xsl:choose>\r\n		<xsl:when test=\"(resource-content-type=\'image/jpeg\' or resource-content-type=\'image/jpg\' or  resource-content-type=\'image/pjpeg\' or resource-content-type=\'image/gif\' or resource-content-type=\'image/png\')\" >\r\n			<img src=\"document?id={resource-document-id}&amp;id_attribute={resource-attribute-id}\" alt=\"\" border=\"0\" width=\"120\" height=\"120\"/>\r\n		</xsl:when>\r\n		<xsl:otherwise>\r\n             <a href=\"document?id={resource-document-id}&amp;id_attribute={resource-attribute-id}\"> \r\n			   <img src=\"images/admin/skin/plugins/document/filetypes/file.png\" border=\"0\" alt=\"\" width=\"120\" height=\"120\"/>\r\n             </a>\r\n		</xsl:otherwise>        \r\n	</xsl:choose>\r\n</xsl:template>\r\n\r\n</xsl:stylesheet>\r\n');
INSERT INTO core_stylesheet (id_stylesheet, description, file_name, source) VALUES (305,'Rubrique Liste de Documents - Type Acteur Service','portlet_document_actor_list_service.xsl','<?xml version=\"1.0\"?>\r\n<xsl:stylesheet version=\"1.0\" xmlns:xsl=\"http://www.w3.org/1999/XSL/Transform\">\r\n\r\n<xsl:param name=\"site-path\" select=\"site-path\" />\r\n<xsl:variable name=\"portlet-id\" select=\"portlet/portlet-id\" />\r\n		\r\n\r\n<xsl:template match=\"portlet\">\r\n	<xsl:variable name=\"device_class\">\r\n	<xsl:choose>\r\n		<xsl:when test=\"string(display-on-small-device)=\'0\'\">hide-for-small</xsl:when>\r\n		<xsl:otherwise></xsl:otherwise>\r\n	</xsl:choose>\r\n	</xsl:variable>\r\n\r\n	<div class=\"portlet-background-colored  {$device_class} append-bottom\" >\r\n        <xsl:if test=\"not(string(display-portlet-title)=\'1\')\">\r\n			<h3 class=\"portlet-background-colored-header -lutece-border-radius-top\">\r\n				<xsl:value-of disable-output-escaping=\"yes\" select=\"portlet-name\" />\r\n			</h3>\r\n        </xsl:if>\r\n        \r\n		<div class=\"portlet-background-content -lutece-border-radius-bottom\" >\r\n			\r\n			<script type=\"text/javascript\">\r\n				<![CDATA[\r\n			      function displayId(baliseId)\r\n				  {\r\n				  \r\n				  if (document.getElementById(baliseId) != null)\r\n				    {\r\n				    	document.getElementById(baliseId).style.visibility=\'visible\';\r\n				    	document.getElementById(baliseId).style.display=\'block\';\r\n				    }\r\n				  }\r\n				\r\n				function hideId(baliseId)\r\n				  {\r\n				  \r\n				  if (document.getElementById(baliseId) != null)\r\n				    {\r\n				   		document.getElementById(baliseId).style.visibility=\'hidden\';\r\n				    	document.getElementById(baliseId).style.display=\'none\';\r\n				    }\r\n				  }\r\n				  \r\n				  ]]>\r\n		   	</script>\r\n			\r\n			<ul>	\r\n			<!-- Tri la liste d\'acteurs par service dans l\'ordre alphabétique -->\r\n			<xsl:apply-templates select=\"document-list-portlet/document/document-xml-content/actor\">\r\n		       <xsl:sort select=\"actor-service\" order=\"ascending\"/>\r\n		    </xsl:apply-templates>\r\n			</ul>\r\n		</div>            	\r\n	</div>\r\n</xsl:template>\r\n\r\n\r\n<xsl:template match=\"actor\">\r\n\r\n     <xsl:call-template name=\"sortieNoeuds\"/>\r\n\r\n</xsl:template>\r\n\r\n<xsl:template name=\"sortieNoeuds\">\r\n	<xsl:variable name=\"indiceNoeud\" select=\"position()\"/>\r\n	<xsl:variable name=\"current\"><xsl:value-of select=\"actor-service\"/></xsl:variable>\r\n	<!-- On récupère le noeud suivant dans la liste d\'actor triée -->\r\n	<xsl:variable name=\"suivant\">\r\n		<xsl:if test=\"not(position()=last())\">\r\n			<xsl:call-template name=\"noeudSuivant\">\r\n				<xsl:with-param name=\"indiceNoeudSuivant\" select=\"$indiceNoeud + 1\"/>\r\n			</xsl:call-template>\r\n		</xsl:if>\r\n	</xsl:variable>\r\n	\r\n	<!-- On récupère le noeud précédent dans la liste d\'actor triée -->\r\n	<xsl:variable name=\"precedent\">\r\n		<xsl:if test=\"position() != 1\">\r\n			<xsl:call-template name=\"noeudSuivant\">\r\n				<xsl:with-param name=\"indiceNoeudSuivant\" select=\"$indiceNoeud - 1\"/>\r\n			</xsl:call-template>\r\n		</xsl:if>\r\n	</xsl:variable>\r\n	\r\n	<!-- on affiche le service et l\'acteur  -->\r\n	<xsl:call-template name=\"display\">\r\n			<xsl:with-param name=\"current\" select=\"$current\"/>\r\n			<xsl:with-param name=\"precedent\" select=\"$precedent\"/>\r\n			<xsl:with-param name=\"suivant\" select=\"$suivant\"/>\r\n		</xsl:call-template>\r\n	\r\n</xsl:template>\r\n        \r\n<xsl:template name=\"noeudSuivant\">\r\n	<xsl:param name=\"indiceNoeudSuivant\" select=\"0\"/>\r\n	<xsl:for-each select=\"/portlet/document-list-portlet/document/document-xml-content/actor\">\r\n		<xsl:sort select=\"actor-service\" order=\"ascending\"/>\r\n		<xsl:if test=\"position()=$indiceNoeudSuivant\">\r\n			<xsl:value-of select=\"actor-service\"/>\r\n		</xsl:if>\r\n	</xsl:for-each>\r\n</xsl:template> \r\n\r\n<xsl:template name=\"display\">\r\n	<xsl:param name=\"current\"/>\r\n	<xsl:param name=\"precedent\"/>\r\n	<xsl:param name=\"suivant\"/>\r\n	\r\n\r\n	<xsl:if test=\"not(string($current) = \'\')\">\r\n	\r\n	<xsl:choose>\r\n		<!-- Si le service n\'a qu\'un seul acteur -->\r\n	  <xsl:when test=\"string($precedent) != string($current) and string($suivant) != string($current)\">\r\n	    \r\n	    <li style=\"list-style:none;\" name=\"\">\r\n			<!-- on affiche le service  -->\r\n			<h2>\r\n	           <a href=\"javascript:displayId(\'{$current}\');\"><img src=\"images/admin/skin/plus.gif\" alt=\"\"/></a>\r\n	           <a href=\"javascript:hideId(\'{$current}\');\"><img src=\"images/admin/skin/minus.gif\" alt=\"\"/></a>\r\n	           <xsl:value-of disable-output-escaping=\"yes\" select=\"actor-service\" />\r\n	       </h2>\r\n	       \r\n	       <div style=\"visibility: hidden; display: none;\" id=\"{$current}\">\r\n	       	<!-- on affiche l\'acteur  -->\r\n	       	<ul>\r\n	       		<xsl:call-template name=\"nameactor\"/>\r\n	       	</ul>\r\n	       	&#160;\r\n	       </div>\r\n		</li>\r\n	  </xsl:when>\r\n	  <!-- Si le service a plusieur acteur et que l\'on est sur le premier acteur -->\r\n	  <xsl:when test=\"string($precedent) != string($current) and string($suivant) = string($current)\">\r\n			\r\n			<xsl:text disable-output-escaping=\"yes\">&lt;</xsl:text>li style=\"list-style:none;\" name=\"\"<xsl:text disable-output-escaping=\"yes\" >&gt;</xsl:text>\r\n	    	<!-- on affiche le service  -->\r\n			<h2>\r\n	           <a href=\"javascript:displayId(\'{$current}\');\"><img src=\"images/admin/skin/plus.gif\" alt=\"\"/></a>\r\n	           <a href=\"javascript:hideId(\'{$current}\');\"><img src=\"images/admin/skin/minus.gif\" alt=\"\"/></a>\r\n	          \r\n	           <xsl:value-of disable-output-escaping=\"yes\" select=\"actor-service\" />\r\n	        </h2>\r\n	        <!-- On ouvre la liste d\'acteur du service -->\r\n	        <xsl:text  disable-output-escaping=\"yes\" >&lt;</xsl:text>div style=\"visibility: hidden; display: none;\" id=\"<xsl:value-of select=\"$current\"/>\"<xsl:text  disable-output-escaping=\"yes\" >&gt;</xsl:text>\r\n	       		<xsl:text  disable-output-escaping=\"yes\" >&lt;</xsl:text>ul<xsl:text  disable-output-escaping=\"yes\" >&gt;</xsl:text>\r\n		       		<!-- on affiche le l\'acteur  -->\r\n		       		<xsl:call-template name=\"nameactor\"/>\r\n	       		\r\n			\r\n	  </xsl:when>\r\n	  <!-- Si le service a plusieur acteur et que l\'on est sur le dernier acteur -->\r\n	  <xsl:when test=\"string($precedent) = string($current) and string($suivant) != string($current)\">\r\n	  			\r\n	  			<!-- on affiche l\'acteur  -->\r\n	  			<xsl:call-template name=\"nameactor\"/>\r\n	  		<!-- On ferme la liste d\'acteur du service -->\r\n	  		<xsl:text  disable-output-escaping=\"yes\" >&lt;</xsl:text>/ul<xsl:text  disable-output-escaping=\"yes\" >&gt;</xsl:text>\r\n			&#160;\r\n			<xsl:text  disable-output-escaping=\"yes\" >&lt;</xsl:text>/div<xsl:text  disable-output-escaping=\"yes\" >&gt;</xsl:text>\r\n		<xsl:text  disable-output-escaping=\"yes\" >&lt;</xsl:text>/li<xsl:text  disable-output-escaping=\"yes\" >&gt;</xsl:text>\r\n	  </xsl:when>\r\n	  <!-- Si le service a plusieur acteur et que l\'on est sur un acteur en millieu de liste -->\r\n	  <xsl:when test=\"string($precedent) = string($current) and string($suivant) = string($current)\">\r\n				<!-- on affiche l\'acteur  -->\r\n	       		<xsl:call-template name=\"nameactor\"/>\r\n\r\n	  </xsl:when>\r\n	  <xsl:otherwise>\r\n	  \r\n	  </xsl:otherwise>\r\n	</xsl:choose>\r\n	</xsl:if>\r\n</xsl:template>\r\n\r\n<!-- affiche le nom et le prénom de l\'acteur -->\r\n<xsl:template name=\"nameactor\">\r\n\r\n		<li style=\"list-style:none;\">\r\n       		<xsl:variable name=\"document-id\" select=\"actor-photo/file-resource/resource-document-id\"/>\r\n       		<img src=\"images/admin/skin/square.gif\" alt=\"\"/>\r\n			<a href=\"{$site-path}?document_id={$document-id}&#38;portlet_id={$portlet-id}\" target=\"_top\">      \r\n				<xsl:value-of disable-output-escaping=\"yes\" select=\"actor-firstname\" />\r\n				&#160;\r\n				<xsl:value-of disable-output-escaping=\"yes\" select=\"actor-lastname\" />\r\n			</a>\r\n			<br/>\r\n			&#160;&#160;<strong> Fonction :</strong><xsl:value-of disable-output-escaping=\"yes\" select=\"actor-function\"/><br/>\r\n			&#160;&#160;<strong> Téléphone : </strong><xsl:value-of disable-output-escaping=\"yes\" select=\"actor-telephone\"/><br/>\r\n		</li>\r\n\r\n</xsl:template>\r\n        \r\n</xsl:stylesheet> \r\n');
INSERT INTO core_stylesheet (id_stylesheet, description, file_name, source) VALUES (402,'Rubrique Liste de Documents - Sidebar','portlet_document_list_sidebar.xsl','<?xml version=\"1.0\"?>\n<xsl:stylesheet version=\"1.0\" xmlns:xsl=\"http://www.w3.org/1999/XSL/Transform\">\n\n<xsl:param name=\"site-path\" select=\"site-path\" />\n<xsl:variable name=\"portlet-id\" select=\"portlet/portlet-id\" />\n    \n<xsl:template match=\"portlet\">\n\n	<xsl:variable name=\"device_class\">\n	<xsl:choose>\n		<xsl:when test=\"string(display-on-small-device)=\'0\'\">hide-for-small</xsl:when>\n		<xsl:otherwise></xsl:otherwise>\n	</xsl:choose>\n	</xsl:variable>\n\n	<div class=\"boxed2 {$device_class}\">\n		<h2>	\n			<xsl:if test=\"not(string(display-portlet-title)=\'1\')\">		\n				<xsl:value-of disable-output-escaping=\"yes\" select=\"portlet-name\" />				\n			</xsl:if>\n			<xsl:if test=\"not(string(display-portlet-title)=\'0\')\">		\n				&#160;\n			</xsl:if>				\n		</h2>		\n        <xsl:apply-templates select=\"document-list-portlet\" />\n    </div>\n</xsl:template>\n\n\n<xsl:template match=\"document-list-portlet\">\n    <ul>\n        <xsl:apply-templates select=\"document\" />\n    </ul>\n</xsl:template>\n\n\n<xsl:template match=\"document\">\n    <li>\n        <a href=\"{$site-path}?document_id={document-id}&#38;portlet_id={$portlet-id}\" target=\"_top\">\n            <xsl:for-each select=\"descendant::*\">\n                <xsl:value-of select=\"document-title\" />\n           </xsl:for-each>\n	</a>           \n           <br />\n            <xsl:for-each select=\"descendant::*\">\n                <xsl:value-of select=\"document-summary\" />\n            </xsl:for-each>     \n            <br />\n			<br />				\n			<xsl:if test=\"(string(document-is-commentable)=\'1\')\">\n				<img src=\"images/local/skin/plugins/document/nb_comments.png\" alt=\"Nombre de commentaires\" title=\"Nombre de commentaires\" align=\"middle\"/>&#160;<xsl:value-of select=\"document-comment-nb\" />      \n			</xsl:if>   			\n    </li>\n</xsl:template>\n\n\n</xsl:stylesheet>\n\n');
INSERT INTO core_stylesheet (id_stylesheet, description, file_name, source) VALUES (403,'Rubrique Document simple - Type Acteur','portlet_document_actor.xsl','<?xml version=\"1.0\"?>\r\n<xsl:stylesheet version=\"1.0\"\r\n	xmlns:xsl=\"http://www.w3.org/1999/XSL/Transform\">\r\n\r\n	<xsl:param name=\"site-path\" select=\"site-path\" />\r\n	<xsl:variable name=\"portlet-id\" select=\"portlet/portlet-id\" />\r\n\r\n	<xsl:template match=\"portlet\">\r\n	<xsl:variable name=\"device_class\">\r\n	<xsl:choose>\r\n		<xsl:when test=\"string(display-on-small-device)=\'0\'\">hide-for-small</xsl:when>\r\n		<xsl:otherwise></xsl:otherwise>\r\n	</xsl:choose>\r\n	</xsl:variable>\r\n	\r\n		<div class=\"portlet-background-colored  {$device_class} append-bottom\">\r\n			<xsl:if test=\"not(string(display-portlet-title)=\'1\')\">\r\n				<h3 class=\"portlet-background-colored-header -lutece-border-radius-top\">\r\n					<xsl:value-of disable-output-escaping=\"yes\"\r\n						select=\"portlet-name\" />\r\n				</h3>\r\n			</xsl:if>\r\n\r\n			<xsl:apply-templates select=\"document-portlet/document\" />\r\n			<xsl:if test=\"string(document-portlet/document)=\'\'\">\r\n				<xsl:text disable-output-escaping=\"yes\">\r\n					&amp;nbsp;\r\n				</xsl:text>\r\n			</xsl:if>\r\n\r\n		</div>\r\n	</xsl:template>\r\n\r\n	<xsl:template match=\"document\">\r\n		<div class=\"portlet-background-content -lutece-border-radius-bottom\">\r\n			<xsl:output method=\"html\" indent=\"yes\" />\r\n			<xsl:if test=\"not(string(document-xml-content)=\'null\')\">\r\n				<xsl:apply-templates\r\n					select=\"document-xml-content/actor\" />\r\n			</xsl:if>\r\n		</div>\r\n	</xsl:template>\r\n\r\n	<xsl:template match=\"actor\">\r\n		<p>\r\n			<xsl:choose>\r\n				<xsl:when test=\"actor-photo/file-resource!=\'\'\">\r\n					<img\r\n						src=\"document?id={actor-photo/file-resource/resource-document-id}&amp;id_attribute={actor-photo/file-resource/resource-attribute-id}\"\r\n						align=\"left\" valign=\"middle\" hspace=\"20\" />\r\n				</xsl:when>\r\n				<xsl:otherwise></xsl:otherwise>\r\n			</xsl:choose>\r\n			<strong>\r\n				<xsl:value-of select=\"actor-firstname\" />\r\n				&#160;\r\n				<xsl:value-of select=\"actor-lastname\" />\r\n			</strong>\r\n		</p>\r\n		<p>\r\n			Fonction :\r\n			<xsl:value-of select=\"actor-function\" />\r\n		</p>\r\n	</xsl:template>\r\n\r\n	<xsl:template match=\"file-resource\">\r\n		<xsl:choose>\r\n			<xsl:when\r\n				test=\"(resource-content-type=\'image/jpeg\' or resource-content-type=\'image/jpg\' or  resource-content-type=\'image/pjpeg\' or resource-content-type=\'image/gif\' or resource-content-type=\'image/png\')\">\r\n				<img\r\n					src=\"document?id={resource-document-id}&amp;id_attribute={resource-attribute-id}\"\r\n					align=\"right\" />\r\n			</xsl:when>\r\n			<xsl:otherwise>\r\n				<a\r\n					href=\"document?id={resource-document-id}&amp;id_attribute={resource-attribute-id}\">\r\n					<img\r\n						src=\"images/admin/skin/plugins/document/filetypes/file.png\"\r\n						border=\"0\" />\r\n				</a>\r\n			</xsl:otherwise>\r\n		</xsl:choose>\r\n	</xsl:template>\r\n</xsl:stylesheet>\r\n\r\n');
INSERT INTO core_stylesheet (id_stylesheet, description, file_name, source) VALUES (504,'Rubrique Document simple - Type Brève','portlet_document_shortarticle.xsl','<?xml version=\"1.0\"?>\r\n<xsl:stylesheet version=\"1.0\"\r\n	xmlns:xsl=\"http://www.w3.org/1999/XSL/Transform\">\r\n\r\n	<xsl:param name=\"site-path\" select=\"site-path\" />\r\n	<xsl:variable name=\"portlet-id\" select=\"portlet/portlet-id\" />\r\n\r\n	<xsl:template match=\"portlet\">\r\n	\r\n	<xsl:variable name=\"device_class\">\r\n	<xsl:choose>\r\n		<xsl:when test=\"string(display-on-small-device)=\'0\'\">hide-for-small</xsl:when>\r\n		<xsl:otherwise></xsl:otherwise>\r\n	</xsl:choose>\r\n	</xsl:variable>\r\n\r\n		<div class=\"portlet-background-colored  {$device_class} append-bottom\">\r\n			<xsl:if test=\"not(string(display-portlet-title)=\'1\')\">\r\n				<h3 class=\"portlet-background-colored-header -lutece-border-radius-top\">\r\n					<xsl:value-of disable-output-escaping=\"yes\"\r\n						select=\"portlet-name\" />\r\n				</h3>\r\n			</xsl:if>\r\n\r\n			<xsl:apply-templates select=\"document-portlet/document\" />\r\n			<xsl:if test=\"string(document-portlet/document)=\'\'\">\r\n				<xsl:text disable-output-escaping=\"yes\">\r\n					&amp;nbsp;\r\n				</xsl:text>\r\n			</xsl:if>\r\n\r\n		</div>\r\n	</xsl:template>\r\n\r\n	<xsl:template match=\"document\">\r\n		<div class=\"portlet-background-content -lutece-border-radius-bottom\">\r\n			<xsl:output method=\"html\" indent=\"yes\" />\r\n			<xsl:if test=\"not(string(document-xml-content)=\'null\')\">\r\n				<xsl:apply-templates\r\n					select=\"document-xml-content/shortarticle\" />\r\n			</xsl:if>\r\n		</div>\r\n	</xsl:template>\r\n\r\n	<xsl:template match=\"shortarticle\">\r\n		<p>\r\n			<strong>\r\n				<xsl:value-of select=\"document-title\" />\r\n			</strong>\r\n		</p>\r\n		<p>\r\n			<xsl:value-of disable-output-escaping=\"yes\"\r\n				select=\"document-summary\" />\r\n		</p>\r\n	</xsl:template>\r\n</xsl:stylesheet>\r\n\r\n');
INSERT INTO core_stylesheet (id_stylesheet, description, file_name, source) VALUES (505,'Rubrique Document simple - Type Article','portlet_document_article.xsl','<?xml version=\"1.0\"?>\r\n<xsl:stylesheet version=\"1.0\"\r\n	xmlns:xsl=\"http://www.w3.org/1999/XSL/Transform\">\r\n\r\n	<xsl:param name=\"site-path\" select=\"site-path\" />\r\n	<xsl:variable name=\"portlet-id\" select=\"portlet/portlet-id\" />\r\n\r\n	<xsl:template match=\"portlet\">\r\n	<xsl:variable name=\"device_class\">\r\n	<xsl:choose>\r\n		<xsl:when test=\"string(display-on-small-device)=\'0\'\">hide-for-small</xsl:when>\r\n		<xsl:otherwise></xsl:otherwise>\r\n	</xsl:choose>\r\n	</xsl:variable>\r\n\r\n		<div class=\"portlet-background-colored  {$device_class} append-bottom\">\r\n			<xsl:if test=\"not(string(display-portlet-title)=\'1\')\">\r\n				<h3 class=\"portlet-background-colored-header -lutece-border-radius-top\">\r\n					<xsl:value-of disable-output-escaping=\"yes\"\r\n						select=\"portlet-name\" />\r\n				</h3>\r\n			</xsl:if>\r\n\r\n			<xsl:apply-templates select=\"document-portlet/document\" />\r\n			<xsl:if test=\"string(document-portlet/document)=\'\'\">\r\n				<xsl:text disable-output-escaping=\"yes\">&amp;nbsp;</xsl:text>\r\n			</xsl:if>\r\n\r\n		</div>\r\n	</xsl:template>\r\n\r\n	<xsl:template match=\"document\">\r\n		<div class=\"portlet-background-content -lutece-border-radius-bottom\">\r\n			<xsl:output method=\"html\" indent=\"yes\" />\r\n			<xsl:if test=\"not(string(document-xml-content)=\'null\')\">\r\n				<xsl:apply-templates\r\n					select=\"document-xml-content/article\" />\r\n			</xsl:if>\r\n		</div>\r\n	</xsl:template>\r\n\r\n	<xsl:template match=\"article\">\r\n		<p>\r\n			<strong>\r\n				<xsl:value-of select=\"document-title\" />\r\n			</strong>\r\n		</p>\r\n		<p>\r\n			<xsl:choose>\r\n				<xsl:when test=\"article-attachment/file-resource!=\'\'\">\r\n					<xsl:apply-templates\r\n						select=\"article-attachment/file-resource\" />\r\n				</xsl:when>\r\n				<xsl:otherwise></xsl:otherwise>\r\n			</xsl:choose>\r\n		</p>\r\n		<p>\r\n			<xsl:value-of disable-output-escaping=\"yes\"\r\n				select=\"article-body\" />\r\n		</p>\r\n	</xsl:template>\r\n\r\n	<xsl:template match=\"file-resource\">\r\n		<xsl:choose>\r\n			<xsl:when\r\n				test=\"(resource-content-type=\'image/jpeg\' or resource-content-type=\'image/jpg\' or  resource-content-type=\'image/pjpeg\' or resource-content-type=\'image/gif\' or resource-content-type=\'image/png\')\">\r\n				<img\r\n					src=\"document?id={resource-document-id}&amp;id_attribute={resource-attribute-id}\"\r\n					align=\"right\" />\r\n			</xsl:when>\r\n			<xsl:otherwise>\r\n				<a\r\n					href=\"document?id={resource-document-id}&amp;id_attribute={resource-attribute-id}\">\r\n					<img\r\n						src=\"images/admin/skin/plugins/document/filetypes/file.png\"\r\n						border=\"0\" />\r\n				</a>\r\n			</xsl:otherwise>\r\n		</xsl:choose>\r\n	</xsl:template>\r\n</xsl:stylesheet>\r\n\r\n');
INSERT INTO core_stylesheet (id_stylesheet, description, file_name, source) VALUES (506,'Rubrique Document simple - Type Image','portlet_document_image.xsl','<?xml version=\"1.0\"?>\r\n<xsl:stylesheet version=\"1.0\"\r\n	xmlns:xsl=\"http://www.w3.org/1999/XSL/Transform\">\r\n\r\n	<xsl:param name=\"site-path\" select=\"site-path\" />\r\n	<xsl:variable name=\"portlet-id\" select=\"portlet/portlet-id\" />\r\n\r\n	<xsl:template match=\"portlet\">\r\n	<xsl:variable name=\"device_class\">\r\n	<xsl:choose>\r\n		<xsl:when test=\"string(display-on-small-device)=\'0\'\">hide-for-small</xsl:when>\r\n		<xsl:otherwise></xsl:otherwise>\r\n	</xsl:choose>\r\n	</xsl:variable>\r\n\r\n		<div class=\"portlet-background-colored  {$device_class} append-bottom\">\r\n			<xsl:if test=\"not(string(display-portlet-title)=\'1\')\">\r\n				<h3 class=\"portlet-background-colored-header -lutece-border-radius-top\">\r\n					<xsl:value-of disable-output-escaping=\"yes\" select=\"portlet-name\" />\r\n				</h3>\r\n			</xsl:if>\r\n\r\n			<xsl:apply-templates select=\"document-portlet/document\" />\r\n			<xsl:if test=\"string(document-portlet/document)=\'\'\">\r\n				<xsl:text disable-output-escaping=\"yes\">\r\n					&amp;nbsp;\r\n				</xsl:text>\r\n			</xsl:if>\r\n\r\n		</div>\r\n	</xsl:template>\r\n\r\n	<xsl:template match=\"document\">\r\n		<div class=\"portlet-background-content -lutece-border-radius-bottom\">\r\n			<xsl:output method=\"html\" indent=\"yes\" />\r\n			<xsl:if test=\"not(string(document-xml-content)=\'null\')\">\r\n				<xsl:apply-templates\r\n					select=\"document-xml-content/image\" />\r\n			</xsl:if>\r\n		</div>\r\n	</xsl:template>\r\n\r\n	<xsl:template match=\"image\">\r\n		<p>\r\n			<strong>\r\n				<xsl:value-of select=\"document-title\" />\r\n			</strong>\r\n		</p>\r\n		<p>\r\n			<xsl:value-of select=\"document-summary\" />\r\n		</p>\r\n		<xsl:choose>\r\n			<xsl:when test=\"image-file/file-resource!=\'\'\">\r\n				<img\r\n					src=\"document?id={image-file/file-resource/resource-document-id}&amp;id_attribute={image-file/file-resource/resource-attribute-id}\" />\r\n			</xsl:when>\r\n			<xsl:otherwise></xsl:otherwise>\r\n		</xsl:choose>\r\n\r\n		<p>\r\n			<em><xsl:value-of disable-output-escaping=\"yes\"\r\n				select=\"image-credits\" /></em>\r\n		</p>\r\n	</xsl:template>\r\n\r\n	<xsl:template match=\"file-resource\">\r\n		<xsl:choose>\r\n			<xsl:when\r\n				test=\"(resource-content-type=\'image/jpeg\' or resource-content-type=\'image/jpg\' or  resource-content-type=\'image/pjpeg\' or resource-content-type=\'image/gif\' or resource-content-type=\'image/png\')\">\r\n				<img\r\n					src=\"document?id={resource-document-id}&amp;id_attribute={resource-attribute-id}\"\r\n					align=\"right\" />\r\n			</xsl:when>\r\n			<xsl:otherwise>\r\n				<a\r\n					href=\"document?id={resource-document-id}&amp;id_attribute={resource-attribute-id}\">\r\n					<img\r\n						src=\"images/admin/skin/plugins/document/filetypes/file.png\"\r\n						border=\"0\" />\r\n				</a>\r\n			</xsl:otherwise>\r\n		</xsl:choose>\r\n	</xsl:template>\r\n</xsl:stylesheet>\r\n\r\n');
INSERT INTO core_stylesheet (id_stylesheet, description, file_name, source) VALUES (507,'Rubrique Document simple - Type Video','portlet_document_video.xsl','<?xml version=\"1.0\"?>\r\n<xsl:stylesheet version=\"1.0\"\r\n	xmlns:xsl=\"http://www.w3.org/1999/XSL/Transform\">\r\n\r\n	<xsl:param name=\"site-path\" select=\"site-path\" />\r\n	<xsl:variable name=\"portlet-id\" select=\"portlet/portlet-id\" />\r\n\r\n	<xsl:template match=\"portlet\">\r\n	\r\n	<xsl:variable name=\"device_class\">\r\n	<xsl:choose>\r\n		<xsl:when test=\"string(display-on-small-device)=\'0\'\">hide-for-small</xsl:when>\r\n		<xsl:otherwise></xsl:otherwise>\r\n	</xsl:choose>\r\n	</xsl:variable>\r\n\r\n		<div class=\"portlet-background-colored  {$device_class} append-bottom\">\r\n			<xsl:if test=\"not(string(display-portlet-title)=\'1\')\">\r\n				<h3 class=\"portlet-background-colored-header -lutece-border-radius-top\">\r\n					<xsl:value-of disable-output-escaping=\"yes\"\r\n						select=\"portlet-name\" />\r\n				</h3>\r\n			</xsl:if>\r\n\r\n			<xsl:apply-templates select=\"document-portlet/document\" />\r\n			<xsl:if test=\"string(document-portlet/document)=\'\'\">\r\n				<xsl:text disable-output-escaping=\"yes\">\r\n					&amp;nbsp;\r\n				</xsl:text>\r\n			</xsl:if>\r\n\r\n		</div>\r\n	</xsl:template>\r\n\r\n	<xsl:template match=\"document\">\r\n		<div class=\"portlet-background-content -lutece-border-radius-bottom\">\r\n			<xsl:output method=\"html\" indent=\"yes\" />\r\n			<xsl:if test=\"not(string(document-xml-content)=\'null\')\">\r\n				<xsl:apply-templates\r\n					select=\"document-xml-content/video\" />\r\n			</xsl:if>\r\n		</div>\r\n	</xsl:template>\r\n\r\n	<xsl:template match=\"video\">\r\n		<p>\r\n			<strong>\r\n				<xsl:value-of select=\"document-title\" />\r\n			</strong>\r\n		</p>\r\n		<p>\r\n			<xsl:value-of disable-output-escaping=\"yes\"\r\n				select=\"document-summary\" />\r\n		</p>\r\n		<p>\r\n			<xsl:choose>\r\n				<xsl:when test=\"video-file/file-resource!=\'\'\">\r\n					<a\r\n						href=\"document?id={video-file/file-resource/resource-document-id}&amp;id_attribute={video-file/file-resource/resource-attribute-id}\">\r\n						<img\r\n							src=\"images/admin/skin/plugins/document/filetypes/video.png\" />\r\n					</a>\r\n				</xsl:when>\r\n				<xsl:otherwise></xsl:otherwise>\r\n			</xsl:choose>\r\n		</p>\r\n		<p>\r\n			<xsl:value-of disable-output-escaping=\"yes\"\r\n				select=\"video-comments\" />\r\n		</p>\r\n	</xsl:template>\r\n</xsl:stylesheet>\r\n\r\n');
INSERT INTO core_stylesheet (id_stylesheet, description, file_name, source) VALUES (408,'Rubrique Document simple - Type Pdf','portlet_document_pdf.xsl','<?xml version=\"1.0\"?>\r\n<xsl:stylesheet version=\"1.0\"\r\n	xmlns:xsl=\"http://www.w3.org/1999/XSL/Transform\">\r\n\r\n	<xsl:param name=\"site-path\" select=\"site-path\" />\r\n	<xsl:variable name=\"portlet-id\" select=\"portlet/portlet-id\" />\r\n\r\n	<xsl:template match=\"portlet\">\r\n	\r\n	<xsl:variable name=\"device_class\">\r\n	<xsl:choose>\r\n		<xsl:when test=\"string(display-on-small-device)=\'0\'\">hide-for-small</xsl:when>\r\n		<xsl:otherwise></xsl:otherwise>\r\n	</xsl:choose>\r\n	</xsl:variable>\r\n\r\n		<div class=\"portlet-background-colored  {$device_class} append-bottom\">\r\n			<xsl:if test=\"not(string(display-portlet-title)=\'1\')\">\r\n				<h3 class=\"portlet-background-colored-header -lutece-border-radius-top\">\r\n					<xsl:value-of disable-output-escaping=\"yes\"\r\n						select=\"portlet-name\" />\r\n				</h3>\r\n			</xsl:if>\r\n\r\n			<xsl:apply-templates select=\"document-portlet/document\" />\r\n			<xsl:if test=\"string(document-portlet/document)=\'\'\">\r\n				<xsl:text disable-output-escaping=\"yes\">\r\n					&amp;nbsp;\r\n				</xsl:text>\r\n			</xsl:if>\r\n\r\n		</div>\r\n	</xsl:template>\r\n\r\n	<xsl:template match=\"document\">\r\n		<div class=\"portlet-background-content -lutece-border-radius-bottom\">\r\n			<xsl:output method=\"html\" indent=\"yes\" />\r\n			<xsl:if test=\"not(string(document-xml-content)=\'null\')\">\r\n				<xsl:apply-templates select=\"document-xml-content/pdf\" />\r\n			</xsl:if>\r\n		</div>\r\n	</xsl:template>\r\n\r\n	<xsl:template match=\"pdf\">\r\n		<p>\r\n			<strong>\r\n				<xsl:value-of select=\"document-title\" />\r\n			</strong>\r\n		</p>\r\n		<p>\r\n			<xsl:value-of disable-output-escaping=\"yes\"\r\n				select=\"document-summary\" />\r\n		</p>\r\n		<p>\r\n			<xsl:choose>\r\n				<xsl:when test=\"pdf-file/file-resource!=\'\'\">\r\n					<a\r\n						href=\"document?id={pdf-file/file-resource/resource-document-id}&amp;id_attribute={pdf-file/file-resource/resource-attribute-id}\">\r\n						<img\r\n							src=\"images/admin/skin/plugins/document/filetypes/pdf.png\" />\r\n					</a>\r\n				</xsl:when>\r\n				<xsl:otherwise></xsl:otherwise>\r\n			</xsl:choose>\r\n		</p>\r\n	</xsl:template>\r\n</xsl:stylesheet>\r\n\r\n');
INSERT INTO core_stylesheet (id_stylesheet, description, file_name, source) VALUES (409,'Rubrique Document simple - Type Son','portlet_document_sound.xsl','<?xml version=\"1.0\"?>\r\n<xsl:stylesheet version=\"1.0\"\r\n	xmlns:xsl=\"http://www.w3.org/1999/XSL/Transform\">\r\n\r\n	<xsl:param name=\"site-path\" select=\"site-path\" />\r\n	<xsl:variable name=\"portlet-id\" select=\"portlet/portlet-id\" />\r\n\r\n	<xsl:template match=\"portlet\">\r\n	\r\n	<xsl:variable name=\"device_class\">\r\n	<xsl:choose>\r\n		<xsl:when test=\"string(display-on-small-device)=\'0\'\">hide-for-small</xsl:when>\r\n		<xsl:otherwise></xsl:otherwise>\r\n	</xsl:choose>\r\n	</xsl:variable>\r\n\r\n	<div class=\"portlet-background-colored  {$device_class} append-bottom\">\r\n			<xsl:if test=\"not(string(display-portlet-title)=\'1\')\">\r\n				<h3 class=\"portlet-background-colored-header -lutece-border-radius-top\">\r\n					<xsl:value-of disable-output-escaping=\"yes\" select=\"portlet-name\" />\r\n				</h3>\r\n			</xsl:if>\r\n\r\n			<xsl:apply-templates select=\"document-portlet/document\" />\r\n			<xsl:if test=\"string(document-portlet/document)=\'\'\">\r\n				<xsl:text disable-output-escaping=\"yes\">\r\n					&amp;nbsp;\r\n				</xsl:text>\r\n			</xsl:if>\r\n\r\n		</div>\r\n	</xsl:template>\r\n\r\n	<xsl:template match=\"document\">\r\n		<div class=\"portlet-background-content -lutece-border-radius-bottom\">\r\n			<xsl:output method=\"html\" indent=\"yes\" />\r\n			<xsl:if test=\"not(string(document-xml-content)=\'null\')\">\r\n				<xsl:apply-templates\r\n					select=\"document-xml-content/sound\" />\r\n			</xsl:if>\r\n		</div>\r\n	</xsl:template>\r\n\r\n	<xsl:template match=\"sound\">\r\n		<p>\r\n			<strong>\r\n				<xsl:value-of select=\"document-title\" />\r\n			</strong>\r\n		</p>\r\n		<p>\r\n			<xsl:value-of disable-output-escaping=\"yes\"\r\n				select=\"document-summary\" />\r\n		</p>\r\n		<p>\r\n			<xsl:choose>\r\n				<xsl:when test=\"sound-file/file-resource!=\'\'\">\r\n					<a\r\n						href=\"document?id={sound-file/file-resource/resource-document-id}&amp;id_attribute={sound-file/file-resource/resource-attribute-id}\">\r\n						<img\r\n							src=\"images/admin/skin/plugins/document/filetypes/audio.png\" />\r\n					</a>\r\n				</xsl:when>\r\n				<xsl:otherwise></xsl:otherwise>\r\n			</xsl:choose>\r\n		</p>\r\n		<p>\r\n			<xsl:value-of disable-output-escaping=\"yes\"\r\n				select=\"sound-author\" />\r\n		</p>\r\n	</xsl:template>\r\n</xsl:stylesheet>\r\n\r\n');
INSERT INTO core_stylesheet (id_stylesheet, description, file_name, source) VALUES (508,'Rubrique Liste de Documents - Type Flash','portlet_document_flash_list.xsl','<?xml version=\"1.0\"?>\r\n<xsl:stylesheet version=\"1.0\" xmlns:xsl=\"http://www.w3.org/1999/XSL/Transform\">\r\n\r\n<xsl:param name=\"site-path\" select=\"site-path\" />\r\n<xsl:variable name=\"portlet-id\" select=\"portlet/portlet-id\" />\r\n\r\n<xsl:template match=\"portlet\">\r\n	<xsl:variable name=\"device_class\">\r\n	<xsl:choose>\r\n		<xsl:when test=\"string(display-on-small-device)=\'0\'\">hide-for-small</xsl:when>\r\n		<xsl:otherwise></xsl:otherwise>\r\n	</xsl:choose>\r\n	</xsl:variable>\r\n\r\n    <div class=\"portlet-background-colored {$device_class} append-bottom\" >\r\n        <xsl:if test=\"not(string(display-portlet-title)=\'1\')\">\r\n            <h3 class=\"portlet-background-colored-header -lutece-border-radius-top\">\r\n                <xsl:value-of disable-output-escaping=\"yes\" select=\"portlet-name\" />\r\n            </h3>\r\n        </xsl:if>\r\n	<div class=\"portlet-background-content -lutece-border-radius-bottom\" >\r\n            <ul>\r\n                <xsl:apply-templates select=\"document-list-portlet/document\" />\r\n            </ul>\r\n	</div>\r\n    </div>\r\n</xsl:template>\r\n\r\n\r\n<xsl:template match=\"document\">      \r\n<xsl:if test=\"not(string(document-xml-content)=\'null\')\">\r\n    <li>\r\n        <a href=\"{$site-path}?document_id={document-id}&#38;portlet_id={$portlet-id}\" target=\"_top\"> \r\n            <xsl:for-each select=\"descendant::*\">   \r\n                <xsl:value-of select=\"document-title\" />\r\n            </xsl:for-each>    \r\n        </a>\r\n		<xsl:if test=\"(string(resource-is-votable)=\'1\')\">\r\n			<br />\r\n        	<xsl:variable name=\"resource-score\" select=\"resource-score\" />\r\n	        <img src=\"images/local/skin/plugins/rating/stars_{$resource-score}.png\" alt=\"Score\" title=\"Score\" />\r\n        </xsl:if>   \r\n        <xsl:if test=\"(string(is-download-stat)=\'1\')\">\r\n			<br />\r\n			#i18n{rating.resource_vote.labelDownloadCount} : <xsl:value-of select=\"resource-download-stat\" />\r\n		</xsl:if>\r\n        <br />\r\n        <xsl:for-each select=\"descendant::*\">           \r\n            <xsl:value-of select=\"document-summary\" />                 \r\n        </xsl:for-each>  \r\n        <br />            \r\n        <xsl:if test=\"(string(document-is-commentable)=\'1\')\">\r\n            Nombre de commentaires : <xsl:value-of select=\"document-comment-nb\" />      \r\n        </xsl:if>   \r\n    </li>\r\n</xsl:if>\r\n</xsl:template>\r\n\r\n</xsl:stylesheet>\r\n\r\n');
INSERT INTO core_stylesheet (id_stylesheet, description, file_name, source) VALUES (509,'Rubrique Document simple - Type Flash','portlet_document_flash.xsl','<?xml version=\"1.0\"?>\r\n<xsl:stylesheet version=\"1.0\"\r\n	xmlns:xsl=\"http://www.w3.org/1999/XSL/Transform\">\r\n\r\n	<xsl:param name=\"site-path\" select=\"site-path\" />\r\n	<xsl:variable name=\"portlet-id\" select=\"portlet/portlet-id\" />\r\n\r\n	<xsl:template match=\"portlet\">\r\n	<xsl:variable name=\"device_class\">\r\n	<xsl:choose>\r\n		<xsl:when test=\"string(display-on-small-device)=\'0\'\">hide-for-small</xsl:when>\r\n		<xsl:otherwise></xsl:otherwise>\r\n	</xsl:choose>\r\n	</xsl:variable>\r\n\r\n		<div class=\"portlet-background-colored {$device_class} append-bottom\">\r\n			<xsl:if test=\"not(string(display-portlet-title)=\'1\')\">\r\n				<h3 class=\"portlet-background-colored-header -lutece-border-radius-top\">\r\n					<xsl:value-of disable-output-escaping=\"yes\"\r\n						select=\"portlet-name\" />\r\n				</h3>\r\n			</xsl:if>\r\n\r\n			<xsl:apply-templates select=\"document-portlet/document\" />\r\n			<xsl:if test=\"string(document-portlet/document)=\'\'\">\r\n				<xsl:text disable-output-escaping=\"yes\">\r\n					&amp;nbsp;\r\n				</xsl:text>\r\n			</xsl:if>\r\n\r\n		</div>\r\n	</xsl:template>\r\n\r\n	<xsl:template match=\"document\">\r\n		<div class=\"portlet-background-content -lutece-border-radius-bottom\">\r\n			<xsl:output method=\"html\" indent=\"yes\" />\r\n			<xsl:if test=\"not(string(document-xml-content)=\'null\')\">\r\n				<xsl:apply-templates\r\n					select=\"document-xml-content/flash\" />\r\n			</xsl:if>\r\n		</div>\r\n	</xsl:template>\r\n\r\n	<xsl:template match=\"flash\">\r\n		<h1><xsl:value-of select=\"document-title\" /></h1>\r\n		<p>\r\n			<xsl:value-of select=\"document-summary\" />\r\n		</p>\r\n		<p>\r\n			<xsl:choose>\r\n				<xsl:when test=\"(flash-object/file-resource/resource-content-type=\'application/x-shockwave-flash\')\" >\r\n					<object \r\n						data=\"document?id={flash-object/file-resource/resource-document-id}&amp;id_attribute={flash-object/file-resource/resource-attribute-id}\" \r\n						type=\"application/x-shockwave-flash\" \r\n						width=\"{flash-width}\" \r\n						height=\"{flash-height}\"\r\n						align=\"{flash-align}\"\r\n						classid=\"clsid:D27CDB6E-AE6D-11cf-96B8-444553540000\"\r\n						codebase=\"http://download.macromedia.com/pub/shockwave/cabs/flash/swflash.cab#version=6,0,0,0\"\r\n					>\r\n						<param name=\"Autostart\" value=\"{flash-autostart}\" />\r\n						<param name=\"Quality\" value=\"{flash-quality}\" />\r\n						<param name=\"Loop\" value=\"{flash-loop}\" />\r\n						<param name=\"menu\" value=\"{flash-menu}\" />\r\n						<param name=\"allowScriptAccess\" value=\"samedomain\" />\r\n						<param name=\"movie\" value=\"document?id={flash-object/file-resource/resource-document-id}&amp;id_attribute={flash-object/file-resource/resource-attribute-id}\" />\r\n						<EMBED \r\n							src=\"document?id={flash-object/file-resource/resource-document-id}&amp;id_attribute={flash-object/file-resource/resource-attribute-id}\" \r\n							type=\"application/x-shockwave-flash\"\r\n							width=\"{flash-width}\" \r\n							height=\"{flash-height}\"\r\n							align=\"{flash-align}\"\r\n							quality=\"{flash-quality}\"\r\n							loop=\"{flash-loop}\"\r\n							menu=\"{flash-menu}\"\r\n							allowScriptAccess=\"samedomain\"\r\n							pluginspace=\"http://www.macromedia.com/shockwave/download/index.cgi?P1_Prod_Version=ShockwaveFlash\">\r\n						</EMBED>\r\n					</object>\r\n				</xsl:when>\r\n			</xsl:choose>\r\n		</p>\r\n		<blockquote>\r\n			<xsl:value-of disable-output-escaping=\"yes\" select=\"flash-credits\" />\r\n		</blockquote>\r\n	</xsl:template>\r\n	\r\n</xsl:stylesheet>');
INSERT INTO core_stylesheet (id_stylesheet, description, file_name, source) VALUES (510,'Rubrique Liste de Documents - Défaut Download','portlet_document_list_download.xsl','<?xml version=\"1.0\"?>\r\n<xsl:stylesheet version=\"1.0\" xmlns:xsl=\"http://www.w3.org/1999/XSL/Transform\">\r\n\r\n<xsl:param name=\"site-path\" select=\"site-path\" />\r\n<xsl:variable name=\"portlet-id\" select=\"portlet/portlet-id\" />\r\n\r\n<xsl:template match=\"portlet\">\r\n	<xsl:variable name=\"device_class\">\r\n	<xsl:choose>\r\n		<xsl:when test=\"string(display-on-small-device)=\'0\'\">hide-for-small</xsl:when>\r\n		<xsl:otherwise></xsl:otherwise>\r\n	</xsl:choose>\r\n	</xsl:variable>\r\n\r\n	<div class=\"portlet-background-colored  {$device_class} append-bottom\" >\r\n        <xsl:if test=\"not(string(display-portlet-title)=\'1\')\">\r\n			<h3 class=\"portlet-background-colored-header -lutece-border-radius-top\">\r\n				<xsl:value-of disable-output-escaping=\"yes\" select=\"portlet-name\" />\r\n			</h3>\r\n        </xsl:if>\r\n		<div class=\"portlet-background-content -lutece-border-radius-bottom\" >\r\n		     <ul>\r\n         	       <xsl:apply-templates select=\"document-list-portlet/document\" />\r\n             </ul>  \r\n		</div>\r\n	</div>\r\n</xsl:template>\r\n\r\n\r\n<xsl:template match=\"document\">      \r\n<xsl:if test=\"not(string(document-xml-content)=\'null\')\">\r\n    <li>\r\n        <a href=\"document?id={document-id}&amp;id_attribute=48\" target=\"_blank\">      \r\n        	<xsl:for-each select=\"descendant::*\">\r\n                <xsl:apply-templates select=\"file-resource\" />\r\n           </xsl:for-each>  \r\n          	<xsl:for-each select=\"descendant::*\">\r\n                <xsl:value-of select=\"document-title\" />\r\n           </xsl:for-each>  \r\n        </a>\r\n		<xsl:if test=\"(string(resource-is-votable)=\'1\')\">\r\n			<br />\r\n        	<xsl:variable name=\"resource-score\" select=\"resource-score\" />\r\n	        <img src=\"images/local/skin/plugins/rating/stars_{$resource-score}.png\" alt=\"Score\" title=\"Score\" />\r\n        </xsl:if>    \r\n        <xsl:if test=\"(string(is-download-stat)=\'1\')\">\r\n			<br />\r\n			#i18n{rating.resource_vote.labelDownloadCount} : <xsl:value-of select=\"resource-download-stat\" />\r\n		</xsl:if>\r\n		<br />\r\n	    <xsl:for-each select=\"descendant::*\">\r\n        	<xsl:value-of select=\"document-summary\" />\r\n        </xsl:for-each>\r\n    </li>\r\n</xsl:if>\r\n</xsl:template>\r\n\r\n<xsl:template match=\"file-resource\">\r\n	<xsl:choose>\r\n		<xsl:when test=\"(resource-content-type=\'image/jpeg\' or resource-content-type=\'image/jpg\' or resource-content-type=\'image/pjpeg\' or resource-content-type=\'image/gif\' or resource-content-type=\'image/png\')\" >\r\n			<img src=\"images/local/skin/plugins/document/filetypes/image.png\" border=\"0\" alt=\"\" width=\"32\" height=\"32\"/>\r\n		</xsl:when>\r\n		<xsl:when test=\"(resource-content-type=\'application/pdf\')\" >\r\n			<img src=\"images/local/skin/plugins/document/filetypes/pdf.png\" border=\"0\" alt=\"\" width=\"32\" height=\"32\" />\r\n		</xsl:when>\r\n		<xsl:when test=\"(resource-content-type=\'application/msword\' or resource-content-type=\'application/vnd.oasis.opendocument.text\')\" >\r\n			<img src=\"images/local/skin/plugins/document/filetypes/text.png\" border=\"0\" alt=\"\" width=\"32\" height=\"32\" />\r\n		</xsl:when>\r\n		<xsl:when test=\"(resource-content-type=\'application/excel\' or resource-content-type=\'application/vnd.ms-excel\' or resource-content-type=\'application/vnd.oasis.opendocument.spreadsheet\')\" >\r\n			<img src=\"images/local/skin/plugins/document/filetypes/spreadsheet.png\" border=\"0\" alt=\"\" width=\"32\" height=\"32\" />\r\n		</xsl:when>\r\n		<xsl:otherwise>\r\n		   <img src=\"images/local/skin/plugins/document/filetypes/file.png\" border=\"0\" alt=\"\" width=\"32\" height=\"32\"/>\r\n		</xsl:otherwise>        \r\n	</xsl:choose>\r\n</xsl:template>              \r\n\r\n\r\n</xsl:stylesheet>\r\n\r\n');

--
-- Dumping data for table core_user_right
--
INSERT INTO core_user_right (id_right,id_user) VALUES ('DOCUMENT_MANAGEMENT',2);
INSERT INTO core_user_right (id_right,id_user) VALUES ('DOCUMENT_MANAGEMENT',3);
INSERT INTO core_user_right (id_right,id_user) VALUES ('DOCUMENT_MANAGEMENT',4);
INSERT INTO core_user_right (id_right,id_user) VALUES ('DOCUMENT_RULES_MANAGEMENT',1);
INSERT INTO core_user_right (id_right,id_user) VALUES ('DOCUMENT_RULES_MANAGEMENT',2);
INSERT INTO core_user_right (id_right,id_user) VALUES ('DOCUMENT_TYPES_MANAGEMENT',1);
INSERT INTO core_user_right (id_right,id_user) VALUES ('DOCUMENT_CATEGORY_MANAGEMENT',1);

--
-- Dumping data for table core_user_role
--
INSERT INTO core_user_role (role_key,id_user) VALUES ('content_contributor',1);
INSERT INTO core_user_role (role_key,id_user) VALUES ('content_contributor',2);
INSERT INTO core_user_role (role_key,id_user) VALUES ('content_contributor',3);
INSERT INTO core_user_role (role_key,id_user) VALUES ('content_publisher',1);
INSERT INTO core_user_role (role_key,id_user) VALUES ('content_publisher',2);
INSERT INTO core_user_role (role_key,id_user) VALUES ('content_validator',1);
INSERT INTO core_user_role (role_key,id_user) VALUES ('content_validator',2);
INSERT INTO core_user_role (role_key,id_user) VALUES ('content_validator',4);
INSERT INTO core_user_role (role_key,id_user) VALUES ('manage_spaces',1);
INSERT INTO core_user_role (role_key,id_user) VALUES ('manage_spaces',2);
INSERT INTO core_user_role (role_key,id_user) VALUES ('manage_spaces',5);
INSERT INTO core_user_role (role_key,id_user) VALUES ('view_space_validation',4);
INSERT INTO core_user_role (role_key,id_user) VALUES ('view_space_work',3);
INSERT INTO core_user_role (role_key,id_user) VALUES ('view_spaces_all',1);
INSERT INTO core_user_role (role_key,id_user) VALUES ('view_spaces_all',2);

--
-- Init  table core_dashboard
--
INSERT INTO core_dashboard(dashboard_name, dashboard_column, dashboard_order) VALUES('DOCUMENT', 3, 1);
