--
-- Dumping data for table core_admin_right
--
INSERT INTO core_admin_right (id_right,name,level_right,admin_url,description,is_updatable,plugin_name,id_feature_group,icon_url,documentation_url) VALUES 
('DOCUMENT_TYPES_MANAGEMENT','document.adminFeature.document_types_management.name',1,'jsp/admin/plugins/document/ManageDocumentTypes.jsp','document.adminFeature.document_types_management.description',0,'document','CONTENT','images/admin/skin/plugins/document/manage_document_types.png',NULL);
INSERT INTO core_admin_right (id_right,name,level_right,admin_url,description,is_updatable,plugin_name,id_feature_group,icon_url,documentation_url) VALUES 
('DOCUMENT_MANAGEMENT','document.adminFeature.documents_management.name',3,'jsp/admin/plugins/document/ManageDocuments.jsp','document.adminFeature.documents_management.description',0,'document','CONTENT','images/admin/skin/plugins/document/manage_documents.png',NULL);
INSERT INTO core_admin_right (id_right,name,level_right,admin_url,description,is_updatable,plugin_name,id_feature_group,icon_url,documentation_url) VALUES 
('DOCUMENT_RULES_MANAGEMENT','document.adminFeature.rules_management.name',1,'jsp/admin/plugins/document/ManageRules.jsp','document.adminFeature.rules_management.description',0,'document','CONTENT','images/admin/skin/plugins/document/manage_rules.png',NULL);
INSERT INTO core_admin_right (id_right,name,level_right,admin_url,description,is_updatable,plugin_name,id_feature_group,icon_url,documentation_url) VALUES 
('DOCUMENT_CATEGORY_MANAGEMENT','document.adminFeature.category_management.name',1,'jsp/admin/plugins/document/ManageCategory.jsp','document.adminFeature.category_management.description',0,'document','CONTENT','images/admin/skin/plugins/document/manage_category.png',NULL);

--
-- Dumping data for table core_admin_role
--
INSERT INTO core_admin_role (role_key,role_description) VALUES ('view_spaces_all','Vue sur tous les espaces');
INSERT INTO core_admin_role (role_key,role_description) VALUES ('manage_spaces','Gestion des espaces de documents');
INSERT INTO core_admin_role (role_key,role_description) VALUES ('view_space_work','Vue sur l''espace de travail');
INSERT INTO core_admin_role (role_key,role_description) VALUES ('view_spaces_multimedia','Vue sur les espaces multimedia');
INSERT INTO core_admin_role (role_key,role_description) VALUES ('content_contributor','Producteur de contenu');
INSERT INTO core_admin_role (role_key,role_description) VALUES ('content_validator','Validateur de contenu');
INSERT INTO core_admin_role (role_key,role_description) VALUES ('content_publisher','Gestionnaire de publication');
INSERT INTO core_admin_role (role_key,role_description) VALUES ('view_space_validation','Vue sur l''espace de validation');

--
-- Dumping data for table core_admin_role_resource
--
INSERT INTO core_admin_role_resource (rbac_id,role_key,resource_type,resource_id,permission) VALUES (87,'view_spaces_multimedia','DOCUMENT_SPACE','5','VIEW');
INSERT INTO core_admin_role_resource (rbac_id,role_key,resource_type,resource_id,permission) VALUES (86,'view_space_work','DOCUMENT_SPACE','2','VIEW');
INSERT INTO core_admin_role_resource (rbac_id,role_key,resource_type,resource_id,permission) VALUES (85,'manage_spaces','DOCUMENT_SPACE','*','CREATE');
INSERT INTO core_admin_role_resource (rbac_id,role_key,resource_type,resource_id,permission) VALUES (84,'manage_spaces','DOCUMENT_SPACE','*','MOVE');
INSERT INTO core_admin_role_resource (rbac_id,role_key,resource_type,resource_id,permission) VALUES (83,'manage_spaces','DOCUMENT_SPACE','*','MODIFY');
INSERT INTO core_admin_role_resource (rbac_id,role_key,resource_type,resource_id,permission) VALUES (82,'manage_spaces','DOCUMENT_SPACE','*','DELETE');
INSERT INTO core_admin_role_resource (rbac_id,role_key,resource_type,resource_id,permission) VALUES (81,'view_spaces_all','DOCUMENT_SPACE','0','VIEW');
INSERT INTO core_admin_role_resource (rbac_id,role_key,resource_type,resource_id,permission) VALUES (78,'super_admin','DOCUMENT_TYPE','*','*');
INSERT INTO core_admin_role_resource (rbac_id,role_key,resource_type,resource_id,permission) VALUES (88,'content_contributor','DOCUMENT_TYPE','*','SUBMIT');
INSERT INTO core_admin_role_resource (rbac_id,role_key,resource_type,resource_id,permission) VALUES (89,'content_contributor','DOCUMENT_TYPE','*','DELETE');
INSERT INTO core_admin_role_resource (rbac_id,role_key,resource_type,resource_id,permission) VALUES (90,'content_contributor','DOCUMENT_TYPE','*','MODIFY');
INSERT INTO core_admin_role_resource (rbac_id,role_key,resource_type,resource_id,permission) VALUES (91,'content_contributor','DOCUMENT_TYPE','*','VIEW');
INSERT INTO core_admin_role_resource (rbac_id,role_key,resource_type,resource_id,permission) VALUES (92,'content_contributor','DOCUMENT_TYPE','*','VIEW_HISTORY');
INSERT INTO core_admin_role_resource (rbac_id,role_key,resource_type,resource_id,permission) VALUES (93,'content_contributor','DOCUMENT_TYPE','*','CREATE');
INSERT INTO core_admin_role_resource (rbac_id,role_key,resource_type,resource_id,permission) VALUES (94,'content_validator','DOCUMENT_TYPE','*','VIEW');
INSERT INTO core_admin_role_resource (rbac_id,role_key,resource_type,resource_id,permission) VALUES (95,'content_validator','DOCUMENT_TYPE','*','VIEW_HISTORY');
INSERT INTO core_admin_role_resource (rbac_id,role_key,resource_type,resource_id,permission) VALUES (96,'content_validator','DOCUMENT_TYPE','*','VALIDATE');
INSERT INTO core_admin_role_resource (rbac_id,role_key,resource_type,resource_id,permission) VALUES (97,'content_publisher','DOCUMENT_TYPE','*','ARCHIVE');
INSERT INTO core_admin_role_resource (rbac_id,role_key,resource_type,resource_id,permission) VALUES (98,'content_publisher','DOCUMENT_TYPE','*','VIEW');
INSERT INTO core_admin_role_resource (rbac_id,role_key,resource_type,resource_id,permission) VALUES (99,'content_publisher','DOCUMENT_TYPE','*','VIEW_HISTORY');
INSERT INTO core_admin_role_resource (rbac_id,role_key,resource_type,resource_id,permission) VALUES (100,'content_publisher','DOCUMENT_TYPE','*','PUBLISH');
INSERT INTO core_admin_role_resource (rbac_id,role_key,resource_type,resource_id,permission) VALUES (102,'view_space_validation','DOCUMENT_SPACE','3','VIEW');
INSERT INTO core_admin_role_resource (rbac_id,role_key,resource_type,resource_id,permission) VALUES (107,'content_contributor','DOCUMENT_TYPE','*','CHANGE');
INSERT INTO core_admin_role_resource (rbac_id,role_key,resource_type,resource_id,permission) VALUES (108,'content_publisher','DOCUMENT_TYPE','*','ASSIGN');

--
-- Dumping data for table core_portlet_type
--
INSERT INTO core_portlet_type (id_portlet_type,name,url_creation,url_update,home_class,plugin_name,url_docreate,create_script,create_specific,create_specific_form,url_domodify,modify_script,modify_specific,modify_specific_form) VALUES 
('DOCUMENT_LIST_PORTLET','document.portlet.documentListPortlet.name','plugins/document/CreateDocumentListPortlet.jsp','plugins/document/ModifyDocumentListPortlet.jsp','fr.paris.lutece.plugins.document.business.portlet.DocumentListPortletHome','document','plugins/document/DoCreateDocumentListPortlet.jsp','/admin/portlet/script_create_portlet.html','/admin/plugins/document/portlet/document_list_portlet_type.html','','plugins/document/DoModifyDocumentListPortlet.jsp','/admin/portlet/script_modify_portlet.html','/admin/plugins/document/portlet/document_list_portlet_type.html','');
INSERT INTO core_portlet_type (id_portlet_type,name,url_creation,url_update,home_class,plugin_name,url_docreate,create_script,create_specific,create_specific_form,url_domodify,modify_script,modify_specific,modify_specific_form) VALUES 
('DOCUMENT_PORTLET','document.portlet.documentPortlet.name','plugins/document/CreateDocumentPortlet.jsp','plugins/document/ModifyDocumentPortlet.jsp','fr.paris.lutece.plugins.document.business.portlet.DocumentPortletHome','document','plugins/document/DoCreateDocumentPortlet.jsp','/admin/portlet/script_create_portlet.html','/admin/plugins/document/portlet/document_portlet_type.html','','plugins/document/DoModifyDocumentPortlet.jsp','/admin/portlet/script_modify_portlet.html','/admin/plugins/document/portlet/document_portlet_type.html','');

--
-- Dumping data for table core_style
--
INSERT INTO core_style (id_style,description_style,id_portlet_type,id_portal_component) VALUES (1700,'Défaut','DOCUMENT_LIST_PORTLET',0);
INSERT INTO core_style (id_style,description_style,id_portlet_type,id_portal_component) VALUES (1701,'Type Actor','DOCUMENT_LIST_PORTLET',0);
INSERT INTO core_style (id_style,description_style,id_portlet_type,id_portal_component) VALUES (1702,'Type Brève','DOCUMENT_LIST_PORTLET',0);
INSERT INTO core_style (id_style,description_style,id_portlet_type,id_portal_component) VALUES (1703,'Type Article','DOCUMENT_LIST_PORTLET',0);
INSERT INTO core_style (id_style,description_style,id_portlet_type,id_portal_component) VALUES (1704,'Type Image','DOCUMENT_LIST_PORTLET',0);
INSERT INTO core_style (id_style,description_style,id_portlet_type,id_portal_component) VALUES (1705,'Type Video','DOCUMENT_LIST_PORTLET',0);
INSERT INTO core_style (id_style,description_style,id_portlet_type,id_portal_component) VALUES (1706,'Type Pdf','DOCUMENT_LIST_PORTLET',0);
INSERT INTO core_style (id_style,description_style,id_portlet_type,id_portal_component) VALUES (1707,'Type Son','DOCUMENT_LIST_PORTLET',0);
INSERT INTO core_style (id_style,description_style,id_portlet_type,id_portal_component) VALUES (1708,'Type Actor Service','DOCUMENT_LIST_PORTLET',0);
INSERT INTO core_style (id_style,description_style,id_portlet_type,id_portal_component) VALUES (1720,'Sidebar','DOCUMENT_LIST_PORTLET',0);
INSERT INTO core_style (id_style,description_style,id_portlet_type,id_portal_component) VALUES (1730,'Type Actor','DOCUMENT_PORTLET',0);
INSERT INTO core_style (id_style,description_style,id_portlet_type,id_portal_component) VALUES (1731,'Type Brève','DOCUMENT_PORTLET',0);
INSERT INTO core_style (id_style,description_style,id_portlet_type,id_portal_component) VALUES (1732,'Type Article','DOCUMENT_PORTLET',0);
INSERT INTO core_style (id_style,description_style,id_portlet_type,id_portal_component) VALUES (1733,'Type Image','DOCUMENT_PORTLET',0);
INSERT INTO core_style (id_style,description_style,id_portlet_type,id_portal_component) VALUES (1734,'Type Video','DOCUMENT_PORTLET',0);
INSERT INTO core_style (id_style,description_style,id_portlet_type,id_portal_component) VALUES (1735,'Type Pdf','DOCUMENT_PORTLET',0);
INSERT INTO core_style (id_style,description_style,id_portlet_type,id_portal_component) VALUES (1736,'Type Son','DOCUMENT_PORTLET',0);
INSERT INTO core_style (id_style,description_style,id_portlet_type,id_portal_component) VALUES (1737,'Type Flash','DOCUMENT_LIST_PORTLET',0);
INSERT INTO core_style (id_style,description_style,id_portlet_type,id_portal_component) VALUES (1738,'Type Flash','DOCUMENT_PORTLET',0);
INSERT INTO core_style (id_style,description_style,id_portlet_type,id_portal_component) VALUES (1739,'Défaut Download','DOCUMENT_LIST_PORTLET',0);

--
-- Dumping data for table core_style_mode_stylesheet
--
INSERT INTO core_style_mode_stylesheet (id_style,id_mode,id_stylesheet) VALUES (1700,0,298);
INSERT INTO core_style_mode_stylesheet (id_style,id_mode,id_stylesheet) VALUES (1701,0,297);
INSERT INTO core_style_mode_stylesheet (id_style,id_mode,id_stylesheet) VALUES (1702,0,299);
INSERT INTO core_style_mode_stylesheet (id_style,id_mode,id_stylesheet) VALUES (1703,0,300);
INSERT INTO core_style_mode_stylesheet (id_style,id_mode,id_stylesheet) VALUES (1704,0,304);
INSERT INTO core_style_mode_stylesheet (id_style,id_mode,id_stylesheet) VALUES (1705,0,303);
INSERT INTO core_style_mode_stylesheet (id_style,id_mode,id_stylesheet) VALUES (1706,0,302);
INSERT INTO core_style_mode_stylesheet (id_style,id_mode,id_stylesheet) VALUES (1707,0,301);
INSERT INTO core_style_mode_stylesheet (id_style,id_mode,id_stylesheet) VALUES (1708,0,305);
INSERT INTO core_style_mode_stylesheet (id_style,id_mode,id_stylesheet) VALUES (1720,0,402);
INSERT INTO core_style_mode_stylesheet (id_style,id_mode,id_stylesheet) VALUES (1730,0,403);
INSERT INTO core_style_mode_stylesheet (id_style,id_mode,id_stylesheet) VALUES (1731,0,504);
INSERT INTO core_style_mode_stylesheet (id_style,id_mode,id_stylesheet) VALUES (1732,0,505);
INSERT INTO core_style_mode_stylesheet (id_style,id_mode,id_stylesheet) VALUES (1733,0,506);
INSERT INTO core_style_mode_stylesheet (id_style,id_mode,id_stylesheet) VALUES (1734,0,507);
INSERT INTO core_style_mode_stylesheet (id_style,id_mode,id_stylesheet) VALUES (1735,0,408);
INSERT INTO core_style_mode_stylesheet (id_style,id_mode,id_stylesheet) VALUES (1736,0,409);
INSERT INTO core_style_mode_stylesheet (id_style,id_mode,id_stylesheet) VALUES (1737,0,508);
INSERT INTO core_style_mode_stylesheet (id_style,id_mode,id_stylesheet) VALUES (1738,0,509);
INSERT INTO core_style_mode_stylesheet (id_style,id_mode,id_stylesheet) VALUES (1739,0,510);

--
-- Dumping data for table core_stylesheet
--
INSERT INTO core_stylesheet (id_stylesheet, description, file_name, source) VALUES (297,'Rubrique Liste de Documents - Type Acteur','portlet_document_actor_list.xsl',0x3c3f786d6c2076657273696f6e3d22312e30223f3e0d0a3c78736c3a7374796c6573686565742076657273696f6e3d22312e302220786d6c6e733a78736c3d22687474703a2f2f7777772e77332e6f72672f313939392f58534c2f5472616e73666f726d223e0d0a0d0a3c78736c3a706172616d206e616d653d22736974652d70617468222073656c6563743d22736974652d7061746822202f3e0d0a3c78736c3a7661726961626c65206e616d653d22706f72746c65742d6964222073656c6563743d22706f72746c65742f706f72746c65742d696422202f3e0d0a0d0a3c78736c3a74656d706c617465206d617463683d22706f72746c6574223e0d0a093c64697620636c6173733d22706f72746c65742d6261636b67726f756e642d636f6c6f72656420617070656e642d626f74746f6d22203e0d0a20202020202020203c78736c3a696620746573743d226e6f7428737472696e6728646973706c61792d706f72746c65742d7469746c65293d27312729223e0d0a0909093c683320636c6173733d22706f72746c65742d6261636b67726f756e642d636f6c6f7265642d686561646572202d6c75746563652d626f726465722d7261646975732d746f70223e0d0a090909093c78736c3a76616c75652d6f662064697361626c652d6f75747075742d6573636170696e673d22796573222073656c6563743d22706f72746c65742d6e616d6522202f3e0d0a0909093c2f68333e0d0a20202020202020203c2f78736c3a69663e0d0a09093c64697620636c6173733d22706f72746c65742d6261636b67726f756e642d636f6e74656e74202d6c75746563652d626f726465722d7261646975732d626f74746f6d22203e0d0a090920202020203c756c3e20202020202020200d0a20202020202020202020202020202020203c78736c3a6170706c792d74656d706c617465732073656c6563743d22646f63756d656e742d6c6973742d706f72746c65742f646f63756d656e7422202f3e090d0a2020202020202020202020203c2f756c3e20200d0a09093c2f6469763e202020202020202020202020090d0a093c2f6469763e0d0a3c2f78736c3a74656d706c6174653e0d0a0d0a0d0a3c78736c3a74656d706c617465206d617463683d22646f63756d656e74223e2020202020200d0a202020203c6c69207374796c653d226c6973742d7374796c653a6e6f6e653b223e200d0a20202020202020203c78736c3a696620746573743d226e6f7428737472696e6728646f63756d656e742d786d6c2d636f6e74656e74293d276e756c6c2729223e0d0a202020202020202020202020203c7461626c652077696474683d22393025222073756d6d6172793d22646f63756d656e74223e200d0a20202020202020202020202020202020203c74723e0d0a2020202020202020202020202020202020202020203c7464202077696474683d22363525223e2020200d0a202020202020202020202020202020202020202020202020203c6120687265663d227b24736974652d706174687d3f646f63756d656e745f69643d7b646f63756d656e742d69647d262333383b706f72746c65745f69643d7b24706f72746c65742d69647d22207461726765743d225f746f70223e2020202020200d0a20202020202020202020202020202020202020202020202020202020203c78736c3a76616c75652d6f662064697361626c652d6f75747075742d6573636170696e673d22796573222073656c6563743d22646f63756d656e742d786d6c2d636f6e74656e742f6163746f722f6163746f722d66697273746e616d6522202f3e26233136303b3c78736c3a76616c75652d6f662064697361626c652d6f75747075742d6573636170696e673d22796573222073656c6563743d22646f63756d656e742d786d6c2d636f6e74656e742f6163746f722f6163746f722d6c6173746e616d6522202f3e0d0a0d0a202020202020202020202020202020202020202020202020203c2f613e0d0a0909090909093c78736c3a696620746573743d2228737472696e67287265736f757263652d69732d766f7461626c65293d27312729223e0d0a090909090909093c6272202f3e0d0a090909092020202020202020093c78736c3a7661726961626c65206e616d653d227265736f757263652d73636f7265222073656c6563743d227265736f757263652d73636f726522202f3e0d0a092020202020202020090909093c696d67207372633d22696d616765732f6c6f63616c2f736b696e2f706c7567696e732f726174696e672f73746172735f7b247265736f757263652d73636f72657d2e706e672220616c743d2253636f726522207469746c653d2253636f726522202f3e0d0a0909090920202020202020203c2f78736c3a69663e2020200d0a202020202020202020202020202020202020202020202020203c78736c3a696620746573743d2228737472696e672869732d646f776e6c6f61642d73746174293d27312729223e0d0a090909090909093c6272202f3e0d0a09090909090909236931386e7b726174696e672e7265736f757263655f766f74652e6c6162656c446f776e6c6f6164436f756e747d203a203c78736c3a76616c75652d6f662073656c6563743d227265736f757263652d646f776e6c6f61642d7374617422202f3e0d0a090909090909203c2f78736c3a69663e0d0a20202020202020202020202020202020202020203c2f74643e0d0a20202020202020202020202020202020202020203c7464202077696474683d22333525223e0d0a2020202020202020202020202020202020202020202020203c78736c3a6170706c792d74656d706c617465732073656c6563743d22646f63756d656e742d786d6c2d636f6e74656e742f6163746f722f6163746f722d70686f746f2f66696c652d7265736f7572636522202f3e0d0a202020202020202020202020202020202020203c2f74643e0d0a202020202020202020202020202020203c2f74723e202020200d0a2020202020202020202020203c2f7461626c653e200d0a20202020202020203c2f78736c3a69663e0d0a202020203c2f6c693e20202020202020200d0a3c2f78736c3a74656d706c6174653e20202020202020202020202020200d0a090d0a0d0a3c78736c3a74656d706c617465206d617463683d2266696c652d7265736f75726365223e0d0a093c78736c3a63686f6f73653e0d0a09093c78736c3a7768656e20746573743d22287265736f757263652d636f6e74656e742d747970653d27696d6167652f6a70656727206f72207265736f757263652d636f6e74656e742d747970653d27696d6167652f6a706727206f7220207265736f757263652d636f6e74656e742d747970653d27696d6167652f706a70656727206f72207265736f757263652d636f6e74656e742d747970653d27696d6167652f67696627206f72207265736f757263652d636f6e74656e742d747970653d27696d6167652f706e67272922203e0d0a0909093c696d67207372633d22646f63756d656e743f69643d7b7265736f757263652d646f63756d656e742d69647d26616d703b69645f6174747269627574653d7b7265736f757263652d6174747269627574652d69647d2220616c743d222220616c69676e3d227269676874222077696474683d22343022206865696768743d223430222f3e0d0a09093c2f78736c3a7768656e3e0d0a09093c78736c3a6f74686572776973653e0d0a202020202020202020202020203c6120687265663d22646f63756d656e743f69643d7b7265736f757263652d646f63756d656e742d69647d26616d703b69645f6174747269627574653d7b7265736f757263652d6174747269627574652d69647d223e200d0a0909092020203c696d67207372633d22696d616765732f61646d696e2f736b696e2f706c7567696e732f646f63756d656e742f66696c6574797065732f66696c652e706e672220626f726465723d22302220616c743d222220616c69676e3d227269676874222077696474683d22343022206865696768743d223430222f3e0d0a202020202020202020202020203c2f613e0d0a09093c2f78736c3a6f74686572776973653e20202020202020200d0a093c2f78736c3a63686f6f73653e0d0a3c2f78736c3a74656d706c6174653e0d0a0d0a3c2f78736c3a7374796c6573686565743e0d0a);
INSERT INTO core_stylesheet (id_stylesheet, description, file_name, source) VALUES (298,'Rubrique Liste de Documents - Défaut','portlet_document_list.xsl',0x3c3f786d6c2076657273696f6e3d22312e30223f3e0d0a3c78736c3a7374796c6573686565742076657273696f6e3d22312e302220786d6c6e733a78736c3d22687474703a2f2f7777772e77332e6f72672f313939392f58534c2f5472616e73666f726d223e0d0a0d0a3c78736c3a706172616d206e616d653d22736974652d70617468222073656c6563743d22736974652d7061746822202f3e0d0a3c78736c3a7661726961626c65206e616d653d22706f72746c65742d6964222073656c6563743d22706f72746c65742f706f72746c65742d696422202f3e0d0a202020200d0a3c78736c3a74656d706c617465206d617463683d22706f72746c6574223e0d0a202020203c64697620636c6173733d22706f72746c65742d6261636b67726f756e642d636f6c6f72656420617070656e642d626f74746f6d22203e0d0a20202020202020203c78736c3a696620746573743d226e6f7428737472696e6728646973706c61792d706f72746c65742d7469746c65293d27312729223e0d0a2020202020202020202020203c683320636c6173733d22706f72746c65742d6261636b67726f756e642d636f6c6f7265642d686561646572202d6c75746563652d626f726465722d7261646975732d746f70223e0d0a202020202020202020202020202020203c78736c3a76616c75652d6f662064697361626c652d6f75747075742d6573636170696e673d22796573222073656c6563743d22706f72746c65742d6e616d6522202f3e0d0a2020202020202020202020203c2f68333e0d0a20202020202020203c2f78736c3a69663e0d0a09093c64697620636c6173733d22706f72746c65742d6261636b67726f756e642d636f6e74656e74202d6c75746563652d626f726465722d7261646975732d626f74746f6d22203e0d0a2020202020202020202020203c78736c3a6170706c792d74656d706c617465732073656c6563743d22646f63756d656e742d6c6973742d706f72746c657422202f3e0d0a09093c2f6469763e0d0a202020203c2f6469763e0d0a3c2f78736c3a74656d706c6174653e0d0a0d0a0d0a3c78736c3a74656d706c617465206d617463683d22646f63756d656e742d6c6973742d706f72746c6574223e0d0a202020203c756c3e0d0a20202020202020203c78736c3a6170706c792d74656d706c617465732073656c6563743d22646f63756d656e7422202f3e0d0a202020203c2f756c3e0d0a3c2f78736c3a74656d706c6174653e0d0a0d0a0d0a3c78736c3a74656d706c617465206d617463683d22646f63756d656e74223e0d0a202020203c6c693e0d0a20202020202020203c6120687265663d227b24736974652d706174687d3f646f63756d656e745f69643d7b646f63756d656e742d69647d262333383b706f72746c65745f69643d7b24706f72746c65742d69647d22207461726765743d225f746f70223e0d0a2020202020202020202020203c78736c3a666f722d656163682073656c6563743d2264657363656e64616e743a3a2a223e0d0a202020202020202020202020202020203c78736c3a76616c75652d6f662073656c6563743d22646f63756d656e742d7469746c6522202f3e0d0a20202020202020202020203c2f78736c3a666f722d656163683e0d0a09093c2f613e202020202020202020200d0a09093c78736c3a696620746573743d2228737472696e67287265736f757263652d69732d766f7461626c65293d27312729223e0d0a0909093c6272202f3e0d0a2020202020202020093c78736c3a7661726961626c65206e616d653d227265736f757263652d73636f7265222073656c6563743d227265736f757263652d73636f726522202f3e0d0a0920202020202020203c696d67207372633d22696d616765732f6c6f63616c2f736b696e2f706c7567696e732f726174696e672f73746172735f7b247265736f757263652d73636f72657d2e706e672220616c743d2253636f726522207469746c653d2253636f726522202f3e0d0a20202020202020203c2f78736c3a69663e2020200d0a20202020202020202020203c6272202f3e0d0a2020202020202020202020203c78736c3a666f722d656163682073656c6563743d2264657363656e64616e743a3a2a223e0d0a202020202020202020202020202020203c78736c3a76616c75652d6f662073656c6563743d22646f63756d656e742d73756d6d61727922202f3e0d0a2020202020202020202020203c2f78736c3a666f722d656163683e0d0a2020202020202020202020203c6272202f3e0d0a2020202020202020202020203c78736c3a696620746573743d2228737472696e6728646f63756d656e742d69732d636f6d6d656e7461626c65293d27312729223e0d0a202020202020202020202020202020203c696d67207372633d22696d616765732f6c6f63616c2f736b696e2f706c7567696e732f646f63756d656e742f6e625f636f6d6d656e74732e706e672220616c743d224e6f6d62726520646520636f6d6d656e74616972657322207469746c653d224e6f6d62726520646520636f6d6d656e7461697265732220616c69676e3d226d6964646c65222f3e26233136303b3c78736c3a76616c75652d6f662073656c6563743d22646f63756d656e742d636f6d6d656e742d6e6222202f3e2020202020200d0a2020202020202020202020203c2f78736c3a69663e2020200d0a202020203c2f6c693e0d0a3c2f78736c3a74656d706c6174653e0d0a0d0a0d0a3c2f78736c3a7374796c6573686565743e0d0a0d0a);
INSERT INTO core_stylesheet (id_stylesheet, description, file_name, source) VALUES (299,'Rubrique Liste de Documents - Type Brève','portlet_document_shortarticle_list.xsl',0x3c3f786d6c2076657273696f6e3d22312e30223f3e0d0a3c78736c3a7374796c6573686565742076657273696f6e3d22312e30220d0a09786d6c6e733a78736c3d22687474703a2f2f7777772e77332e6f72672f313939392f58534c2f5472616e73666f726d223e0d0a0d0a093c78736c3a706172616d206e616d653d22736974652d70617468222073656c6563743d22736974652d7061746822202f3e0d0a093c78736c3a706172616d206e616d653d22706167652d6964222073656c6563743d22706167652d696422202f3e0d0a093c78736c3a7661726961626c65206e616d653d22706f72746c65742d6964222073656c6563743d22706f72746c65742f706f72746c65742d696422202f3e0d0a0d0a093c78736c3a74656d706c617465206d617463683d22706f72746c6574223e0d0a09093c64697620636c6173733d22706f72746c6574202d6c75746563652d626f726465722d72616469757320617070656e642d626f74746f6d223e0d0a0909093c78736c3a696620746573743d226e6f7428737472696e6728646973706c61792d706f72746c65742d7469746c65293d27312729223e0d0a090909093c68332069643d2261727469636c655f7b24706f72746c65742d69647d223e0d0a09090909093c78736c3a76616c75652d6f662064697361626c652d6f75747075742d6573636170696e673d22796573222073656c6563743d22706f72746c65742d6e616d6522202f3e0d0a090909093c2f68333e3c6272202f3e0d0a0909093c2f78736c3a69663e0d0a0909093c78736c3a6170706c792d74656d706c617465732073656c6563743d22646f63756d656e742d6c6973742d706f72746c65742f646f63756d656e7422202f3e0d0a0909093c78736c3a746578742064697361626c652d6f75747075742d6573636170696e673d22796573223e0d0a090909093c215b43444154415b3c64697620636c6173733d22636c656172223e26233136303b3c2f6469763e5d5d3e0d0a0909093c2f78736c3a746578743e0d0a09093c2f6469763e0d0a093c2f78736c3a74656d706c6174653e0d0a0d0a093c78736c3a74656d706c617465206d617463683d22646f63756d656e74223e0d0a09093c78736c3a696620746573743d226e6f7428737472696e6728646f63756d656e742d786d6c2d636f6e74656e74293d276e756c6c2729223e0d0a0909093c64697620636c6173733d227370616e2d3620706f72746c6574202d6c75746563652d626f726465722d72616469757320617070656e642d626f74746f6d223e0d0a090909093c610d0a0909090909687265663d227b24736974652d706174687d3f646f63756d656e745f69643d7b646f63756d656e742d69647d262333383b706f72746c65745f69643d7b24706f72746c65742d69647d220d0a09090909097461726765743d225f746f70223e0d0a09090909093c78736c3a666f722d656163682073656c6563743d2264657363656e64616e743a3a2a223e0d0a0909090909093c78736c3a76616c75652d6f662073656c6563743d22646f63756d656e742d7469746c6522202f3e0d0a09090909093c2f78736c3a666f722d656163683e0d0a090909093c2f613e0d0a090909093c78736c3a696620746573743d2228737472696e67287265736f757263652d69732d766f7461626c65293d27312729223e0d0a09090909093c6272202f3e0d0a09092020202020202020093c78736c3a7661726961626c65206e616d653d227265736f757263652d73636f7265222073656c6563743d227265736f757263652d73636f726522202f3e0d0a09202020202020202009093c696d67207372633d22696d616765732f6c6f63616c2f736b696e2f706c7567696e732f726174696e672f73746172735f7b247265736f757263652d73636f72657d2e706e672220616c743d2253636f726522207469746c653d2253636f726522202f3e0d0a090920202020202020203c2f78736c3a69663e2020200d0a090909093c78736c3a696620746573743d2228737472696e672869732d646f776e6c6f61642d73746174293d27312729223e0d0a09090909093c6272202f3e0d0a0909090909236931386e7b726174696e672e7265736f757263655f766f74652e6c6162656c446f776e6c6f6164436f756e747d203a203c78736c3a76616c75652d6f662073656c6563743d227265736f757263652d646f776e6c6f61642d7374617422202f3e0d0a090909093c2f78736c3a69663e0d0a090909093c6272202f3e0d0a090909093c78736c3a666f722d656163682073656c6563743d2264657363656e64616e743a3a2a223e0d0a09090909093c78736c3a76616c75652d6f662073656c6563743d22646f63756d656e742d73756d6d61727922202f3e0d0a090909093c2f78736c3a666f722d656163683e0d0a0909093c2f6469763e0d0a09093c2f78736c3a69663e0d0a093c2f78736c3a74656d706c6174653e0d0a090d0a3c2f78736c3a7374796c6573686565743e0d0a);
INSERT INTO core_stylesheet (id_stylesheet, description, file_name, source) VALUES (300,'Rubrique Liste de Documents - Type Article','portlet_document_article_list.xsl',0x3c3f786d6c2076657273696f6e3d22312e30223f3e0d0a3c78736c3a7374796c6573686565742076657273696f6e3d22312e30220d0a09786d6c6e733a78736c3d22687474703a2f2f7777772e77332e6f72672f313939392f58534c2f5472616e73666f726d223e0d0a0d0a093c78736c3a706172616d206e616d653d22736974652d70617468222073656c6563743d22736974652d7061746822202f3e0d0a093c78736c3a706172616d206e616d653d22746172676574222073656c6563743d2274617267657422202f3e0d0a093c78736c3a706172616d206e616d653d22706167652d6964222073656c6563743d22706167652d696422202f3e0d0a093c78736c3a7661726961626c65206e616d653d22706f72746c65742d6964222073656c6563743d22706f72746c65742f706f72746c65742d696422202f3e0d0a0d0a093c78736c3a74656d706c617465206d617463683d22706f72746c6574223e0d0a09093c64697620636c6173733d22706f72746c6574202d6c75746563652d626f726465722d72616469757320617070656e642d626f74746f6d223e0d0a0909093c78736c3a696620746573743d226e6f7428737472696e6728646973706c61792d706f72746c65742d7469746c65293d27312729223e0d0a090909093c68332069643d2261727469636c655f7b24706f72746c65742d69647d223e0d0a09090909093c78736c3a76616c75652d6f662064697361626c652d6f75747075742d6573636170696e673d22796573222073656c6563743d22706f72746c65742d6e616d6522202f3e0d0a090909093c2f68333e3c6272202f3e0d0a0909093c2f78736c3a69663e0d0a0909093c78736c3a6170706c792d74656d706c617465732073656c6563743d22646f63756d656e742d6c6973742d706f72746c65742f646f63756d656e7422202f3e0d0a0909093c78736c3a746578742064697361626c652d6f75747075742d6573636170696e673d22796573223e0d0a090909093c215b43444154415b3c64697620636c6173733d22636c656172223e26233136303b3c2f6469763e5d5d3e0d0a0909093c2f78736c3a746578743e0d0a09093c2f6469763e0d0a093c2f78736c3a74656d706c6174653e0d0a0d0a093c78736c3a74656d706c617465206d617463683d22646f63756d656e74223e0d0a09093c78736c3a696620746573743d226e6f7428737472696e6728646f63756d656e742d786d6c2d636f6e74656e74293d276e756c6c2729223e0d0a0909093c64697620636c6173733d227370616e2d3620706f72746c6574202d6c75746563652d626f726465722d72616469757320617070656e642d626f74746f6d223e0d0a090909093c610d0a0909090909687265663d227b24736974652d706174687d3f646f63756d656e745f69643d7b646f63756d656e742d69647d262333383b706f72746c65745f69643d7b24706f72746c65742d69647d207b247461726765747d223e0d0a09090909093c78736c3a666f722d656163682073656c6563743d2264657363656e64616e743a3a2a223e0d0a0909090909093c78736c3a76616c75652d6f662073656c6563743d22646f63756d656e742d7469746c6522202f3e0d0a09090909093c2f78736c3a666f722d656163683e0d0a090909093c2f613e0d0a090909093c78736c3a696620746573743d2228737472696e67287265736f757263652d69732d766f7461626c65293d27312729223e0d0a09090909093c6272202f3e0d0a09202020202020202009093c78736c3a7661726961626c65206e616d653d227265736f757263652d73636f7265222073656c6563743d227265736f757263652d73636f726522202f3e0d0a09202020202020202009093c696d67207372633d22696d616765732f6c6f63616c2f736b696e2f706c7567696e732f726174696e672f73746172735f7b247265736f757263652d73636f72657d2e706e672220616c743d2253636f726522207469746c653d2253636f726522202f3e0d0a090920202020202020203c2f78736c3a69663e2020200d0a090909093c78736c3a696620746573743d2228737472696e672869732d646f776e6c6f61642d73746174293d27312729223e0d0a09090909093c6272202f3e0d0a0909090909236931386e7b726174696e672e7265736f757263655f766f74652e6c6162656c446f776e6c6f6164436f756e747d203a203c78736c3a76616c75652d6f662073656c6563743d227265736f757263652d646f776e6c6f61642d7374617422202f3e0d0a090909093c2f78736c3a69663e0d0a090909093c6272202f3e0d0a090909093c78736c3a666f722d656163682073656c6563743d2264657363656e64616e743a3a2a223e0d0a09090909093c78736c3a76616c75652d6f662073656c6563743d22646f63756d656e742d73756d6d61727922202f3e0d0a090909093c2f78736c3a666f722d656163683e0d0a0909093c2f6469763e0d0a09093c2f78736c3a69663e0d0a093c2f78736c3a74656d706c6174653e0d0a090d0a3c2f78736c3a7374796c6573686565743e0d0a);
INSERT INTO core_stylesheet (id_stylesheet, description, file_name, source) VALUES (301,'Rubrique Liste de Documents - Type Son','portlet_document_sound_list.xsl',0x3c3f786d6c2076657273696f6e3d22312e30223f3e0d0a3c78736c3a7374796c6573686565742076657273696f6e3d22312e302220786d6c6e733a78736c3d22687474703a2f2f7777772e77332e6f72672f313939392f58534c2f5472616e73666f726d223e0d0a0d0a3c78736c3a706172616d206e616d653d22736974652d70617468222073656c6563743d22736974652d7061746822202f3e0d0a3c78736c3a7661726961626c65206e616d653d22706f72746c65742d6964222073656c6563743d22706f72746c65742f706f72746c65742d696422202f3e0d0a0d0a3c78736c3a74656d706c617465206d617463683d22706f72746c6574223e0d0a093c64697620636c6173733d22706f72746c65742d6261636b67726f756e642d636f6c6f72656420617070656e642d626f74746f6d22203e0d0a20202020202020203c78736c3a696620746573743d226e6f7428737472696e6728646973706c61792d706f72746c65742d7469746c65293d27312729223e0d0a0909093c683320636c6173733d22706f72746c65742d6261636b67726f756e642d636f6c6f7265642d686561646572202d6c75746563652d626f726465722d7261646975732d746f70223e0d0a090909093c78736c3a76616c75652d6f662064697361626c652d6f75747075742d6573636170696e673d22796573222073656c6563743d22706f72746c65742d6e616d6522202f3e0d0a0909093c2f68333e0d0a20202020202020203c2f78736c3a69663e0d0a09093c64697620636c6173733d22706f72746c65742d6261636b67726f756e642d636f6e74656e74202d6c75746563652d626f726465722d7261646975732d626f74746f6d22203e0d0a090920202020203c756c3e0d0a202020202009202020202020203c78736c3a6170706c792d74656d706c617465732073656c6563743d22646f63756d656e742d6c6973742d706f72746c65742f646f63756d656e7422202f3e0d0a20202020200920202020203c2f756c3e20200d0a09093c2f6469763e0d0a093c2f6469763e0d0a3c2f78736c3a74656d706c6174653e0d0a0d0a0d0a3c78736c3a74656d706c617465206d617463683d22646f63756d656e74223e2020202020200d0a3c78736c3a696620746573743d226e6f7428737472696e6728646f63756d656e742d786d6c2d636f6e74656e74293d276e756c6c2729223e0d0a202020203c6c693e0d0a20202020202020203c6120687265663d227b24736974652d706174687d3f646f63756d656e745f69643d7b646f63756d656e742d69647d26616d703b706f72746c65745f69643d7b24706f72746c65742d69647d22207461726765743d225f746f70223e2020202020200d0a202020202020202020202020203c78736c3a76616c75652d6f662073656c6563743d22646f63756d656e742d786d6c2d636f6e74656e742f736f756e642f736f756e642d7469746c6522202f3e2020200d0a202020202020203c2f613e0d0a20202020202020093c78736c3a696620746573743d2228737472696e67287265736f757263652d69732d766f7461626c65293d27312729223e0d0a0909093c6272202f3e0d0a2020202020202020093c78736c3a7661726961626c65206e616d653d227265736f757263652d73636f7265222073656c6563743d227265736f757263652d73636f726522202f3e0d0a0920202020202020203c696d67207372633d22696d616765732f6c6f63616c2f736b696e2f706c7567696e732f726174696e672f73746172735f7b247265736f757263652d73636f72657d2e706e672220616c743d2253636f726522207469746c653d2253636f726522202f3e0d0a20202020202020203c2f78736c3a69663e2020200d0a09093c78736c3a696620746573743d2228737472696e672869732d646f776e6c6f61642d73746174293d27312729223e0d0a0909093c6272202f3e0d0a090909236931386e7b726174696e672e7265736f757263655f766f74652e6c6162656c446f776e6c6f6164436f756e747d203a203c78736c3a76616c75652d6f662073656c6563743d227265736f757263652d646f776e6c6f61642d7374617422202f3e0d0a09093c2f78736c3a69663e0d0a202020202020203c6272202f3e0d0a202020202020202020203c78736c3a76616c75652d6f662073656c6563743d22646f63756d656e742d786d6c2d636f6e74656e742f736f756e642f736f756e642d66696c6522202f3e0d0a202020202020203c6272202f3e0d0a202020202020202020203c78736c3a76616c75652d6f662073656c6563743d22646f63756d656e742d786d6c2d636f6e74656e742f736f756e642f736f756e642d617574686f7222202f3e0d0a2020203c2f6c693e202020202020200d0a3c2f78736c3a69663e0d0a3c2f78736c3a74656d706c6174653e20202020202020202020202020200d0a090d0a0d0a3c2f78736c3a7374796c6573686565743e0d0a0d0a0d0a);
INSERT INTO core_stylesheet (id_stylesheet, description, file_name, source) VALUES (302,'Rubrique Liste de Documents - Type Pdf','portlet_document_pdf_list.xsl',0x3c3f786d6c2076657273696f6e3d22312e30223f3e0d0a3c78736c3a7374796c6573686565742076657273696f6e3d22312e302220786d6c6e733a78736c3d22687474703a2f2f7777772e77332e6f72672f313939392f58534c2f5472616e73666f726d223e0d0a0d0a3c78736c3a706172616d206e616d653d22736974652d70617468222073656c6563743d22736974652d7061746822202f3e0d0a3c78736c3a7661726961626c65206e616d653d22706f72746c65742d6964222073656c6563743d22706f72746c65742f706f72746c65742d696422202f3e0d0a0d0a3c78736c3a74656d706c617465206d617463683d22706f72746c6574223e0d0a093c64697620636c6173733d22706f72746c65742d6261636b67726f756e642d636f6c6f72656420617070656e642d626f74746f6d22203e0d0a20202020202020203c78736c3a696620746573743d226e6f7428737472696e6728646973706c61792d706f72746c65742d7469746c65293d27312729223e0d0a0909093c683320636c6173733d22706f72746c65742d6261636b67726f756e642d636f6c6f7265642d686561646572202d6c75746563652d626f726465722d7261646975732d746f70223e0d0a090909093c78736c3a76616c75652d6f662064697361626c652d6f75747075742d6573636170696e673d22796573222073656c6563743d22706f72746c65742d6e616d6522202f3e0d0a0909093c2f68333e0d0a20202020202020203c2f78736c3a69663e0d0a09093c64697620636c6173733d22706f72746c65742d6261636b67726f756e642d636f6e74656e74202d6c75746563652d626f726465722d7261646975732d626f74746f6d22203e0d0a090920202020203c756c3e0d0a20202020202020202009202020202020203c78736c3a6170706c792d74656d706c617465732073656c6563743d22646f63756d656e742d6c6973742d706f72746c65742f646f63756d656e7422202f3e0d0a202020202020202020202020203c2f756c3e20200d0a09093c2f6469763e0d0a093c2f6469763e0d0a3c2f78736c3a74656d706c6174653e0d0a0d0a0d0a3c78736c3a74656d706c617465206d617463683d22646f63756d656e74223e2020202020200d0a3c78736c3a696620746573743d226e6f7428737472696e6728646f63756d656e742d786d6c2d636f6e74656e74293d276e756c6c2729223e0d0a2020203c212d2d203c6c693e0d0a20202020202020203c6120687265663d227b24736974652d706174687d3f646f63756d656e745f69643d7b646f63756d656e742d69647d26616d703b706f72746c65745f69643d7b24706f72746c65742d69647d22207461726765743d225f746f70223e2020202020200d0a202020202020202020202020203c78736c3a76616c75652d6f662073656c6563743d22646f63756d656e742d786d6c2d636f6e74656e742f7064662f646f63756d656e742d7469746c6522202f3e2020200d0a20202020202020203c2f613e0d0a09093c6272202f3e0d0a09093c78736c3a76616c75652d6f662073656c6563743d22646f63756d656e742d786d6c2d636f6e74656e742f7064662f646f63756d656e742d73756d6d61727922202f3e2020200d0a090d0a202020203c2f6c693e2d2d3e0d0a202020203c6c693e0d0a20202020202020203c6120687265663d22646f63756d656e743f69643d7b646f63756d656e742d69647d26616d703b69645f6174747269627574653d343822207461726765743d225f626c616e6b223e2020202020200d0a2020202020202020093c78736c3a666f722d656163682073656c6563743d2264657363656e64616e743a3a2a223e0d0a202020202020202020202020202020203c78736c3a6170706c792d74656d706c617465732073656c6563743d2266696c652d7265736f7572636522202f3e0d0a20202020202020202020203c2f78736c3a666f722d656163683e20200d0a20202020202020202020093c78736c3a666f722d656163682073656c6563743d2264657363656e64616e743a3a2a223e0d0a202020202020202020202020202020203c78736c3a76616c75652d6f662073656c6563743d22646f63756d656e742d7469746c6522202f3e0d0a20202020202020202020203c2f78736c3a666f722d656163683e20200d0a20202020202020203c2f613e0d0a20202020202020203c78736c3a696620746573743d2228737472696e67287265736f757263652d69732d766f7461626c65293d27312729223e0d0a0909093c6272202f3e0d0a2020202020202020093c78736c3a7661726961626c65206e616d653d227265736f757263652d73636f7265222073656c6563743d227265736f757263652d73636f726522202f3e0d0a0920202020202020203c696d67207372633d22696d616765732f6c6f63616c2f736b696e2f706c7567696e732f726174696e672f73746172735f7b247265736f757263652d73636f72657d2e706e672220616c743d2253636f726522207469746c653d2253636f726522202f3e0d0a20202020202020203c2f78736c3a69663e2020200d0a20202020202020203c78736c3a696620746573743d2228737472696e672869732d646f776e6c6f61642d73746174293d27312729223e0d0a0909093c6272202f3e0d0a090909236931386e7b726174696e672e7265736f757263655f766f74652e6c6162656c446f776e6c6f6164436f756e747d203a203c78736c3a76616c75652d6f662073656c6563743d227265736f757263652d646f776e6c6f61642d7374617422202f3e0d0a09093c2f78736c3a69663e0d0a09093c6272202f3e0d0a09202020203c78736c3a666f722d656163682073656c6563743d2264657363656e64616e743a3a2a223e0d0a2020202020202020093c78736c3a76616c75652d6f662073656c6563743d22646f63756d656e742d73756d6d61727922202f3e0d0a20202020202020203c2f78736c3a666f722d656163683e0d0a202020203c2f6c693e090d0a3c2f78736c3a69663e0d0a3c2f78736c3a74656d706c6174653e20202020202020202020202020200d0a0d0a3c78736c3a74656d706c617465206d617463683d2266696c652d7265736f75726365223e0d0a093c78736c3a63686f6f73653e0d0a09093c78736c3a7768656e20746573743d22287265736f757263652d636f6e74656e742d747970653d276170706c69636174696f6e2f706466272922203e0d0a0909093c696d67207372633d22696d616765732f6c6f63616c2f736b696e2f706c7567696e732f646f63756d656e742f66696c6574797065732f7064662e706e672220626f726465723d22302220616c743d22222077696474683d22333222206865696768743d22333222202f3e0d0a09093c2f78736c3a7768656e3e0d0a0d0a09093c78736c3a6f74686572776973653e0d0a09092020203c696d67207372633d22696d616765732f6c6f63616c2f736b696e2f706c7567696e732f646f63756d656e742f66696c6574797065732f66696c652e706e672220626f726465723d22302220616c743d22222077696474683d22333222206865696768743d223332222f3e0d0a09093c2f78736c3a6f74686572776973653e20202020202020200d0a093c2f78736c3a63686f6f73653e0d0a093c2f78736c3a74656d706c6174653e0d0a3c2f78736c3a7374796c6573686565743e0d0a0d0a);
INSERT INTO core_stylesheet (id_stylesheet, description, file_name, source) VALUES (303,'Rubrique Liste de Documents - Type Video','portlet_document_video_list.xsl',0x3c3f786d6c2076657273696f6e3d22312e30223f3e0d0a3c78736c3a7374796c6573686565742076657273696f6e3d22312e302220786d6c6e733a78736c3d22687474703a2f2f7777772e77332e6f72672f313939392f58534c2f5472616e73666f726d223e0d0a0d0a3c78736c3a706172616d206e616d653d22736974652d70617468222073656c6563743d22736974652d7061746822202f3e0d0a3c78736c3a7661726961626c65206e616d653d22706f72746c65742d6964222073656c6563743d22706f72746c65742f706f72746c65742d696422202f3e0d0a0d0a3c78736c3a74656d706c617465206d617463683d22706f72746c6574223e0d0a093c64697620636c6173733d22706f72746c65742d6261636b67726f756e642d636f6c6f72656420617070656e642d626f74746f6d22203e0d0a20202020202020203c78736c3a696620746573743d226e6f7428737472696e6728646973706c61792d706f72746c65742d7469746c65293d27312729223e0d0a0909093c683320636c6173733d22706f72746c65742d6261636b67726f756e642d636f6c6f7265642d686561646572202d6c75746563652d626f726465722d7261646975732d746f70223e0d0a090909093c78736c3a76616c75652d6f662064697361626c652d6f75747075742d6573636170696e673d22796573222073656c6563743d22706f72746c65742d6e616d6522202f3e0d0a0909093c2f68333e0d0a20202020202020203c2f78736c3a69663e0d0a09093c64697620636c6173733d22706f72746c65742d6261636b67726f756e642d636f6e74656e74202d6c75746563652d626f726465722d7261646975732d626f74746f6d22203e0d0a090920202020203c756c3e0d0a20202020202020202009202020202020203c78736c3a6170706c792d74656d706c617465732073656c6563743d22646f63756d656e742d6c6973742d706f72746c65742f646f63756d656e7422202f3e0d0a202020202020202020202020203c2f756c3e20200d0a09093c2f6469763e0d0a093c2f6469763e0d0a3c2f78736c3a74656d706c6174653e0d0a0d0a0d0a3c78736c3a74656d706c617465206d617463683d22646f63756d656e74223e2020202020200d0a3c78736c3a696620746573743d226e6f7428737472696e6728646f63756d656e742d786d6c2d636f6e74656e74293d276e756c6c2729223e0d0a202020203c6c693e0d0a20202020202020203c6120687265663d227b24736974652d706174687d3f646f63756d656e745f69643d7b646f63756d656e742d69647d26616d703b706f72746c65745f69643d7b24706f72746c65742d69647d22207461726765743d225f746f70223e2020202020200d0a202020202020202020202020203c78736c3a76616c75652d6f662073656c6563743d22646f63756d656e742d786d6c2d636f6e74656e742f766964656f2f766964656f2d7469746c6522202f3e2020200d0a202020202020203c2f613e0d0a20202020202020093c78736c3a696620746573743d2228737472696e67287265736f757263652d69732d766f7461626c65293d27312729223e0d0a0909093c6272202f3e0d0a2020202020202020093c78736c3a7661726961626c65206e616d653d227265736f757263652d73636f7265222073656c6563743d227265736f757263652d73636f726522202f3e0d0a0920202020202020203c696d67207372633d22696d616765732f6c6f63616c2f736b696e2f706c7567696e732f726174696e672f73746172735f7b247265736f757263652d73636f72657d2e706e672220616c743d2253636f726522207469746c653d2253636f726522202f3e0d0a20202020202020203c2f78736c3a69663e2020200d0a202020202020203c78736c3a696620746573743d2228737472696e672869732d646f776e6c6f61642d73746174293d27312729223e0d0a0909093c6272202f3e0d0a090909236931386e7b726174696e672e7265736f757263655f766f74652e6c6162656c446f776e6c6f6164436f756e747d203a203c78736c3a76616c75652d6f662073656c6563743d227265736f757263652d646f776e6c6f61642d7374617422202f3e0d0a09093c2f78736c3a69663e0d0a202020202020203c6272202f3e0d0a202020202020202020203c78736c3a76616c75652d6f662073656c6563743d22646f63756d656e742d786d6c2d636f6e74656e742f766964656f2f766964656f2d66696c6522202f3e0d0a202020203c2f6c693e0d0a3c2f78736c3a69663e0d0a3c2f78736c3a74656d706c6174653e20202020202020202020202020200d0a0d0a0d0a3c2f78736c3a7374796c6573686565743e0d0a0d0a);
INSERT INTO core_stylesheet (id_stylesheet, description, file_name, source) VALUES (304,'Rubrique Liste de Documents - Type Image','portlet_document_image_list.xsl',0x3c3f786d6c2076657273696f6e3d22312e30223f3e0d0a3c78736c3a7374796c6573686565742076657273696f6e3d22312e302220786d6c6e733a78736c3d22687474703a2f2f7777772e77332e6f72672f313939392f58534c2f5472616e73666f726d223e0d0a0d0a3c78736c3a706172616d206e616d653d22736974652d70617468222073656c6563743d22736974652d7061746822202f3e0d0a3c78736c3a7661726961626c65206e616d653d22706f72746c65742d6964222073656c6563743d22706f72746c65742f706f72746c65742d696422202f3e0d0a0d0a3c78736c3a74656d706c617465206d617463683d22706f72746c6574223e0d0a093c64697620636c6173733d22706f72746c65742d6261636b67726f756e642d636f6c6f72656420617070656e642d626f74746f6d22203e0d0a20202020202020203c78736c3a696620746573743d226e6f7428737472696e6728646973706c61792d706f72746c65742d7469746c65293d27312729223e0d0a0909093c683320636c6173733d22706f72746c65742d6261636b67726f756e642d636f6c6f7265642d686561646572202d6c75746563652d626f726465722d7261646975732d746f70223e0d0a090909093c78736c3a76616c75652d6f662064697361626c652d6f75747075742d6573636170696e673d22796573222073656c6563743d22706f72746c65742d6e616d6522202f3e0d0a0909093c2f68333e0d0a20202020202020203c2f78736c3a69663e0d0a09093c64697620636c6173733d22706f72746c65742d6261636b67726f756e642d636f6e74656e74202d6c75746563652d626f726465722d7261646975732d626f74746f6d22203e0d0a090920202020203c756c3e20202020202020200d0a20202020202020202020202020202020203c78736c3a6170706c792d74656d706c617465732073656c6563743d22646f63756d656e742d6c6973742d706f72746c65742f646f63756d656e7422202f3e090d0a2020202020202020202020203c2f756c3e20200d0a09093c2f6469763e202020202020202020202020090d0a093c2f6469763e0d0a3c2f78736c3a74656d706c6174653e0d0a0d0a0d0a3c78736c3a74656d706c617465206d617463683d22646f63756d656e74223e2020202020200d0a202020203c6c69207374796c653d226c6973742d7374796c653a6e6f6e653b223e200d0a20202020202020203c78736c3a696620746573743d226e6f7428737472696e6728646f63756d656e742d786d6c2d636f6e74656e74293d276e756c6c2729223e0d0a2020202020202020202020203c6120687265663d227b24736974652d706174687d3f646f63756d656e745f69643d7b646f63756d656e742d69647d262333383b706f72746c65745f69643d7b24706f72746c65742d69647d22207461726765743d225f746f70223e2020202020200d0a202020202020202020202020202020203c78736c3a6170706c792d74656d706c617465732073656c6563743d22646f63756d656e742d786d6c2d636f6e74656e742f696d6167652f696d6167652d66696c652f66696c652d7265736f7572636522202f3e0d0a2020202020202020202020203c2f613e0d0a2020202020202020202020203c78736c3a696620746573743d2228737472696e67287265736f757263652d69732d766f7461626c65293d27312729223e0d0a090909093c6272202f3e0d0a092020202020202020093c78736c3a7661726961626c65206e616d653d227265736f757263652d73636f7265222073656c6563743d227265736f757263652d73636f726522202f3e0d0a092020202020202020093c696d67207372633d22696d616765732f6c6f63616c2f736b696e2f706c7567696e732f726174696e672f73746172735f7b247265736f757263652d73636f72657d2e706e672220616c743d2253636f726522207469746c653d2253636f726522202f3e0d0a2020202020202020093c2f78736c3a69663e2020200d0a2020202020202020202020203c78736c3a696620746573743d2228737472696e672869732d646f776e6c6f61642d73746174293d27312729223e0d0a090909093c6272202f3e0d0a09090909236931386e7b726174696e672e7265736f757263655f766f74652e6c6162656c446f776e6c6f6164436f756e747d203a203c78736c3a76616c75652d6f662073656c6563743d227265736f757263652d646f776e6c6f61642d7374617422202f3e0d0a0909093c2f78736c3a69663e0d0a2020202020202020202020203c6272202f3e20202020202020202020200d0a202020202020202020202020202020203c78736c3a76616c75652d6f662064697361626c652d6f75747075742d6573636170696e673d22796573222073656c6563743d22646f63756d656e742d786d6c2d636f6e74656e742f696d6167652f696d6167652d6465736372697074696f6e22202f3e0d0a2020202020202020202020203c6272202f3e0d0a202020202020202020202020202020203c78736c3a76616c75652d6f662064697361626c652d6f75747075742d6573636170696e673d22796573222073656c6563743d22646f63756d656e742d786d6c2d636f6e74656e742f696d6167652f696d6167652d6372656469747322202f3e0d0a2020202020202020202020203c6272202f3e0d0a20202020202020203c2f78736c3a69663e0d0a202020203c2f6c693e20202020202020200d0a3c2f78736c3a74656d706c6174653e20202020202020202020202020200d0a090d0a0d0a3c78736c3a74656d706c617465206d617463683d2266696c652d7265736f75726365223e0d0a093c78736c3a63686f6f73653e0d0a09093c78736c3a7768656e20746573743d22287265736f757263652d636f6e74656e742d747970653d27696d6167652f6a70656727206f72207265736f757263652d636f6e74656e742d747970653d27696d6167652f6a706727206f7220207265736f757263652d636f6e74656e742d747970653d27696d6167652f706a70656727206f72207265736f757263652d636f6e74656e742d747970653d27696d6167652f67696627206f72207265736f757263652d636f6e74656e742d747970653d27696d6167652f706e67272922203e0d0a0909093c696d67207372633d22646f63756d656e743f69643d7b7265736f757263652d646f63756d656e742d69647d26616d703b69645f6174747269627574653d7b7265736f757263652d6174747269627574652d69647d2220616c743d222220626f726465723d2230222077696474683d2231323022206865696768743d22313230222f3e0d0a09093c2f78736c3a7768656e3e0d0a09093c78736c3a6f74686572776973653e0d0a202020202020202020202020203c6120687265663d22646f63756d656e743f69643d7b7265736f757263652d646f63756d656e742d69647d26616d703b69645f6174747269627574653d7b7265736f757263652d6174747269627574652d69647d223e200d0a0909092020203c696d67207372633d22696d616765732f61646d696e2f736b696e2f706c7567696e732f646f63756d656e742f66696c6574797065732f66696c652e706e672220626f726465723d22302220616c743d22222077696474683d2231323022206865696768743d22313230222f3e0d0a202020202020202020202020203c2f613e0d0a09093c2f78736c3a6f74686572776973653e20202020202020200d0a093c2f78736c3a63686f6f73653e0d0a3c2f78736c3a74656d706c6174653e0d0a0d0a3c2f78736c3a7374796c6573686565743e0d0a);
INSERT INTO core_stylesheet (id_stylesheet, description, file_name, source) VALUES (305,'Rubrique Liste de Documents - Type Acteur Service','portlet_document_actor_list_service.xsl',0x3c3f786d6c2076657273696f6e3d22312e30223f3e0d0a3c78736c3a7374796c6573686565742076657273696f6e3d22312e302220786d6c6e733a78736c3d22687474703a2f2f7777772e77332e6f72672f313939392f58534c2f5472616e73666f726d223e0d0a0d0a3c78736c3a706172616d206e616d653d22736974652d70617468222073656c6563743d22736974652d7061746822202f3e0d0a3c78736c3a7661726961626c65206e616d653d22706f72746c65742d6964222073656c6563743d22706f72746c65742f706f72746c65742d696422202f3e0d0a09090d0a0d0a3c78736c3a74656d706c617465206d617463683d22706f72746c6574223e0d0a090d0a093c64697620636c6173733d22706f72746c65742d6261636b67726f756e642d636f6c6f72656420617070656e642d626f74746f6d22203e0d0a20202020202020203c78736c3a696620746573743d226e6f7428737472696e6728646973706c61792d706f72746c65742d7469746c65293d27312729223e0d0a0909093c683320636c6173733d22706f72746c65742d6261636b67726f756e642d636f6c6f7265642d686561646572202d6c75746563652d626f726465722d7261646975732d746f70223e0d0a090909093c78736c3a76616c75652d6f662064697361626c652d6f75747075742d6573636170696e673d22796573222073656c6563743d22706f72746c65742d6e616d6522202f3e0d0a0909093c2f68333e0d0a20202020202020203c2f78736c3a69663e0d0a20202020202020200d0a09093c64697620636c6173733d22706f72746c65742d6261636b67726f756e642d636f6e74656e74202d6c75746563652d626f726465722d7261646975732d626f74746f6d22203e0d0a0909090d0a0909093c73637269707420747970653d22746578742f6a617661736372697074223e0d0a090909093c215b43444154415b0d0a09090920202020202066756e6374696f6e20646973706c617949642862616c6973654964290d0a0909090920207b0d0a0909090920200d0a09090909202069662028646f63756d656e742e676574456c656d656e74427949642862616c69736549642920213d206e756c6c290d0a09090909202020207b0d0a090909092020202009646f63756d656e742e676574456c656d656e74427949642862616c6973654964292e7374796c652e7669736962696c6974793d2776697369626c65273b0d0a090909092020202009646f63756d656e742e676574456c656d656e74427949642862616c6973654964292e7374796c652e646973706c61793d27626c6f636b273b0d0a09090909202020207d0d0a0909090920207d0d0a090909090d0a0909090966756e6374696f6e206869646549642862616c6973654964290d0a0909090920207b0d0a0909090920200d0a09090909202069662028646f63756d656e742e676574456c656d656e74427949642862616c69736549642920213d206e756c6c290d0a09090909202020207b0d0a090909092020200909646f63756d656e742e676574456c656d656e74427949642862616c6973654964292e7374796c652e7669736962696c6974793d2768696464656e273b0d0a090909092020202009646f63756d656e742e676574456c656d656e74427949642862616c6973654964292e7374796c652e646973706c61793d276e6f6e65273b0d0a09090909202020207d0d0a0909090920207d0d0a0909090920200d0a0909090920205d5d3e0d0a0909202020093c2f7363726970743e0d0a0909090d0a0909093c756c3e090d0a0909093c212d2d20547269206c61206c69737465206427616374657572732070617220736572766963652064616e73206c276f7264726520616c70686162c3a97469717565202d2d3e0d0a0909093c78736c3a6170706c792d74656d706c617465732073656c6563743d22646f63756d656e742d6c6973742d706f72746c65742f646f63756d656e742f646f63756d656e742d786d6c2d636f6e74656e742f6163746f72223e0d0a0909202020202020203c78736c3a736f72742073656c6563743d226163746f722d7365727669636522206f726465723d22617363656e64696e67222f3e0d0a0909202020203c2f78736c3a6170706c792d74656d706c617465733e0d0a0909093c2f756c3e0d0a09093c2f6469763e202020202020202020202020090d0a093c2f6469763e0d0a3c2f78736c3a74656d706c6174653e0d0a0d0a0d0a3c78736c3a74656d706c617465206d617463683d226163746f72223e0d0a0d0a20202020203c78736c3a63616c6c2d74656d706c617465206e616d653d22736f727469654e6f65756473222f3e0d0a0d0a3c2f78736c3a74656d706c6174653e0d0a0d0a3c78736c3a74656d706c617465206e616d653d22736f727469654e6f65756473223e0d0a093c78736c3a7661726961626c65206e616d653d22696e646963654e6f657564222073656c6563743d22706f736974696f6e2829222f3e0d0a093c78736c3a7661726961626c65206e616d653d2263757272656e74223e3c78736c3a76616c75652d6f662073656c6563743d226163746f722d73657276696365222f3e3c2f78736c3a7661726961626c653e0d0a093c212d2d204f6e2072c3a9637570c3a87265206c65206e6f6575642073756976616e742064616e73206c61206c697374652064276163746f7220747269c3a965202d2d3e0d0a093c78736c3a7661726961626c65206e616d653d2273756976616e74223e0d0a09093c78736c3a696620746573743d226e6f7428706f736974696f6e28293d6c617374282929223e0d0a0909093c78736c3a63616c6c2d74656d706c617465206e616d653d226e6f65756453756976616e74223e0d0a090909093c78736c3a776974682d706172616d206e616d653d22696e646963654e6f65756453756976616e74222073656c6563743d2224696e646963654e6f657564202b2031222f3e0d0a0909093c2f78736c3a63616c6c2d74656d706c6174653e0d0a09093c2f78736c3a69663e0d0a093c2f78736c3a7661726961626c653e0d0a090d0a093c212d2d204f6e2072c3a9637570c3a87265206c65206e6f657564207072c3a963c3a964656e742064616e73206c61206c697374652064276163746f7220747269c3a965202d2d3e0d0a093c78736c3a7661726961626c65206e616d653d22707265636564656e74223e0d0a09093c78736c3a696620746573743d22706f736974696f6e282920213d2031223e0d0a0909093c78736c3a63616c6c2d74656d706c617465206e616d653d226e6f65756453756976616e74223e0d0a090909093c78736c3a776974682d706172616d206e616d653d22696e646963654e6f65756453756976616e74222073656c6563743d2224696e646963654e6f657564202d2031222f3e0d0a0909093c2f78736c3a63616c6c2d74656d706c6174653e0d0a09093c2f78736c3a69663e0d0a093c2f78736c3a7661726961626c653e0d0a090d0a093c212d2d206f6e2061666669636865206c652073657276696365206574206c2761637465757220202d2d3e0d0a093c78736c3a63616c6c2d74656d706c617465206e616d653d22646973706c6179223e0d0a0909093c78736c3a776974682d706172616d206e616d653d2263757272656e74222073656c6563743d222463757272656e74222f3e0d0a0909093c78736c3a776974682d706172616d206e616d653d22707265636564656e74222073656c6563743d2224707265636564656e74222f3e0d0a0909093c78736c3a776974682d706172616d206e616d653d2273756976616e74222073656c6563743d222473756976616e74222f3e0d0a09093c2f78736c3a63616c6c2d74656d706c6174653e0d0a090d0a3c2f78736c3a74656d706c6174653e0d0a20202020202020200d0a3c78736c3a74656d706c617465206e616d653d226e6f65756453756976616e74223e0d0a093c78736c3a706172616d206e616d653d22696e646963654e6f65756453756976616e74222073656c6563743d2230222f3e0d0a093c78736c3a666f722d656163682073656c6563743d222f706f72746c65742f646f63756d656e742d6c6973742d706f72746c65742f646f63756d656e742f646f63756d656e742d786d6c2d636f6e74656e742f6163746f72223e0d0a09093c78736c3a736f72742073656c6563743d226163746f722d7365727669636522206f726465723d22617363656e64696e67222f3e0d0a09093c78736c3a696620746573743d22706f736974696f6e28293d24696e646963654e6f65756453756976616e74223e0d0a0909093c78736c3a76616c75652d6f662073656c6563743d226163746f722d73657276696365222f3e0d0a09093c2f78736c3a69663e0d0a093c2f78736c3a666f722d656163683e0d0a3c2f78736c3a74656d706c6174653e200d0a0d0a3c78736c3a74656d706c617465206e616d653d22646973706c6179223e0d0a093c78736c3a706172616d206e616d653d2263757272656e74222f3e0d0a093c78736c3a706172616d206e616d653d22707265636564656e74222f3e0d0a093c78736c3a706172616d206e616d653d2273756976616e74222f3e0d0a090d0a0d0a093c78736c3a696620746573743d226e6f7428737472696e67282463757272656e7429203d20272729223e0d0a090d0a093c78736c3a63686f6f73653e0d0a09093c212d2d205369206c652073657276696365206e276120717527756e207365756c20616374657572202d2d3e0d0a0920203c78736c3a7768656e20746573743d22737472696e672824707265636564656e742920213d20737472696e67282463757272656e742920616e6420737472696e67282473756976616e742920213d20737472696e67282463757272656e7429223e0d0a09202020200d0a09202020203c6c69207374796c653d226c6973742d7374796c653a6e6f6e653b22206e616d653d22223e0d0a0909093c212d2d206f6e2061666669636865206c65207365727669636520202d2d3e0d0a0909093c68323e0d0a0920202020202020202020203c6120687265663d226a6176617363726970743a646973706c6179496428277b2463757272656e747d27293b223e3c696d67207372633d22696d616765732f61646d696e2f736b696e2f706c75732e6769662220616c743d22222f3e3c2f613e0d0a0920202020202020202020203c6120687265663d226a6176617363726970743a68696465496428277b2463757272656e747d27293b223e3c696d67207372633d22696d616765732f61646d696e2f736b696e2f6d696e75732e6769662220616c743d22222f3e3c2f613e0d0a0920202020202020202020203c78736c3a76616c75652d6f662064697361626c652d6f75747075742d6573636170696e673d22796573222073656c6563743d226163746f722d7365727669636522202f3e0d0a09202020202020203c2f68323e0d0a09202020202020200d0a09202020202020203c646976207374796c653d227669736962696c6974793a2068696464656e3b20646973706c61793a206e6f6e653b222069643d227b2463757272656e747d223e0d0a0920202020202020093c212d2d206f6e2061666669636865206c2761637465757220202d2d3e0d0a0920202020202020093c756c3e0d0a092020202020202009093c78736c3a63616c6c2d74656d706c617465206e616d653d226e616d656163746f72222f3e0d0a0920202020202020093c2f756c3e0d0a09202020202020200926233136303b0d0a09202020202020203c2f6469763e0d0a09093c2f6c693e0d0a0920203c2f78736c3a7768656e3e0d0a0920203c212d2d205369206c652073657276696365206120706c7573696575722061637465757220657420717565206c276f6e2065737420737572206c65207072656d69657220616374657572202d2d3e0d0a0920203c78736c3a7768656e20746573743d22737472696e672824707265636564656e742920213d20737472696e67282463757272656e742920616e6420737472696e67282473756976616e7429203d20737472696e67282463757272656e7429223e0d0a0909090d0a0909093c78736c3a746578742064697361626c652d6f75747075742d6573636170696e673d22796573223e266c743b3c2f78736c3a746578743e6c69207374796c653d226c6973742d7374796c653a6e6f6e653b22206e616d653d22223c78736c3a746578742064697361626c652d6f75747075742d6573636170696e673d2279657322203e2667743b3c2f78736c3a746578743e0d0a0920202020093c212d2d206f6e2061666669636865206c65207365727669636520202d2d3e0d0a0909093c68323e0d0a0920202020202020202020203c6120687265663d226a6176617363726970743a646973706c6179496428277b2463757272656e747d27293b223e3c696d67207372633d22696d616765732f61646d696e2f736b696e2f706c75732e6769662220616c743d22222f3e3c2f613e0d0a0920202020202020202020203c6120687265663d226a6176617363726970743a68696465496428277b2463757272656e747d27293b223e3c696d67207372633d22696d616765732f61646d696e2f736b696e2f6d696e75732e6769662220616c743d22222f3e3c2f613e0d0a09202020202020202020200d0a0920202020202020202020203c78736c3a76616c75652d6f662064697361626c652d6f75747075742d6573636170696e673d22796573222073656c6563743d226163746f722d7365727669636522202f3e0d0a0920202020202020203c2f68323e0d0a0920202020202020203c212d2d204f6e206f75767265206c61206c697374652064276163746575722064752073657276696365202d2d3e0d0a0920202020202020203c78736c3a74657874202064697361626c652d6f75747075742d6573636170696e673d2279657322203e266c743b3c2f78736c3a746578743e646976207374796c653d227669736962696c6974793a2068696464656e3b20646973706c61793a206e6f6e653b222069643d223c78736c3a76616c75652d6f662073656c6563743d222463757272656e74222f3e223c78736c3a74657874202064697361626c652d6f75747075742d6573636170696e673d2279657322203e2667743b3c2f78736c3a746578743e0d0a092020202020202009093c78736c3a74657874202064697361626c652d6f75747075742d6573636170696e673d2279657322203e266c743b3c2f78736c3a746578743e756c3c78736c3a74657874202064697361626c652d6f75747075742d6573636170696e673d2279657322203e2667743b3c2f78736c3a746578743e0d0a09092020202020202009093c212d2d206f6e2061666669636865206c65206c2761637465757220202d2d3e0d0a09092020202020202009093c78736c3a63616c6c2d74656d706c617465206e616d653d226e616d656163746f72222f3e0d0a092020202020202009090d0a0909090d0a0920203c2f78736c3a7768656e3e0d0a0920203c212d2d205369206c652073657276696365206120706c7573696575722061637465757220657420717565206c276f6e2065737420737572206c65206465726e69657220616374657572202d2d3e0d0a0920203c78736c3a7768656e20746573743d22737472696e672824707265636564656e7429203d20737472696e67282463757272656e742920616e6420737472696e67282473756976616e742920213d20737472696e67282463757272656e7429223e0d0a0920200909090d0a0920200909093c212d2d206f6e2061666669636865206c2761637465757220202d2d3e0d0a0920200909093c78736c3a63616c6c2d74656d706c617465206e616d653d226e616d656163746f72222f3e0d0a09202009093c212d2d204f6e206665726d65206c61206c697374652064276163746575722064752073657276696365202d2d3e0d0a09202009093c78736c3a74657874202064697361626c652d6f75747075742d6573636170696e673d2279657322203e266c743b3c2f78736c3a746578743e2f756c3c78736c3a74657874202064697361626c652d6f75747075742d6573636170696e673d2279657322203e2667743b3c2f78736c3a746578743e0d0a09090926233136303b0d0a0909093c78736c3a74657874202064697361626c652d6f75747075742d6573636170696e673d2279657322203e266c743b3c2f78736c3a746578743e2f6469763c78736c3a74657874202064697361626c652d6f75747075742d6573636170696e673d2279657322203e2667743b3c2f78736c3a746578743e0d0a09093c78736c3a74657874202064697361626c652d6f75747075742d6573636170696e673d2279657322203e266c743b3c2f78736c3a746578743e2f6c693c78736c3a74657874202064697361626c652d6f75747075742d6573636170696e673d2279657322203e2667743b3c2f78736c3a746578743e0d0a0920203c2f78736c3a7768656e3e0d0a0920203c212d2d205369206c652073657276696365206120706c7573696575722061637465757220657420717565206c276f6e206573742073757220756e2061637465757220656e206d696c6c696575206465206c69737465202d2d3e0d0a0920203c78736c3a7768656e20746573743d22737472696e672824707265636564656e7429203d20737472696e67282463757272656e742920616e6420737472696e67282473756976616e7429203d20737472696e67282463757272656e7429223e0d0a090909093c212d2d206f6e2061666669636865206c2761637465757220202d2d3e0d0a092020202020202009093c78736c3a63616c6c2d74656d706c617465206e616d653d226e616d656163746f72222f3e0d0a0d0a0920203c2f78736c3a7768656e3e0d0a0920203c78736c3a6f74686572776973653e0d0a0920200d0a0920203c2f78736c3a6f74686572776973653e0d0a093c2f78736c3a63686f6f73653e0d0a093c2f78736c3a69663e0d0a3c2f78736c3a74656d706c6174653e0d0a0d0a3c212d2d2061666669636865206c65206e6f6d206574206c65207072c3a96e6f6d206465206c27616374657572202d2d3e0d0a3c78736c3a74656d706c617465206e616d653d226e616d656163746f72223e0d0a0d0a09093c6c69207374796c653d226c6973742d7374796c653a6e6f6e653b223e0d0a2020202020202009093c78736c3a7661726961626c65206e616d653d22646f63756d656e742d6964222073656c6563743d226163746f722d70686f746f2f66696c652d7265736f757263652f7265736f757263652d646f63756d656e742d6964222f3e0d0a2020202020202009093c696d67207372633d22696d616765732f61646d696e2f736b696e2f7371756172652e6769662220616c743d22222f3e0d0a0909093c6120687265663d227b24736974652d706174687d3f646f63756d656e745f69643d7b24646f63756d656e742d69647d262333383b706f72746c65745f69643d7b24706f72746c65742d69647d22207461726765743d225f746f70223e2020202020200d0a090909093c78736c3a76616c75652d6f662064697361626c652d6f75747075742d6573636170696e673d22796573222073656c6563743d226163746f722d66697273746e616d6522202f3e0d0a0909090926233136303b0d0a090909093c78736c3a76616c75652d6f662064697361626c652d6f75747075742d6573636170696e673d22796573222073656c6563743d226163746f722d6c6173746e616d6522202f3e0d0a0909093c2f613e0d0a0909093c62722f3e0d0a09090926233136303b26233136303b3c7374726f6e673e20466f6e6374696f6e203a3c2f7374726f6e673e3c78736c3a76616c75652d6f662064697361626c652d6f75747075742d6573636170696e673d22796573222073656c6563743d226163746f722d66756e6374696f6e222f3e3c62722f3e0d0a09090926233136303b26233136303b3c7374726f6e673e2054c3a96cc3a970686f6e65203a203c2f7374726f6e673e3c78736c3a76616c75652d6f662064697361626c652d6f75747075742d6573636170696e673d22796573222073656c6563743d226163746f722d74656c6570686f6e65222f3e3c62722f3e0d0a09093c2f6c693e0d0a0d0a3c2f78736c3a74656d706c6174653e0d0a20202020202020200d0a3c2f78736c3a7374796c6573686565743e200d0a);
INSERT INTO core_stylesheet (id_stylesheet, description, file_name, source) VALUES (402,'Rubrique Liste de Documents - Sidebar','portlet_document_list_sidebar.xsl',0x3c3f786d6c2076657273696f6e3d22312e30223f3e0a3c78736c3a7374796c6573686565742076657273696f6e3d22312e302220786d6c6e733a78736c3d22687474703a2f2f7777772e77332e6f72672f313939392f58534c2f5472616e73666f726d223e0a0a3c78736c3a706172616d206e616d653d22736974652d70617468222073656c6563743d22736974652d7061746822202f3e0a3c78736c3a7661726961626c65206e616d653d22706f72746c65742d6964222073656c6563743d22706f72746c65742f706f72746c65742d696422202f3e0a202020200a3c78736c3a74656d706c617465206d617463683d22706f72746c6574223e0a093c64697620636c6173733d22626f78656432223e0a09093c68323e090a0909093c78736c3a696620746573743d226e6f7428737472696e6728646973706c61792d706f72746c65742d7469746c65293d27312729223e09090a090909093c78736c3a76616c75652d6f662064697361626c652d6f75747075742d6573636170696e673d22796573222073656c6563743d22706f72746c65742d6e616d6522202f3e090909090a0909093c2f78736c3a69663e0a0909093c78736c3a696620746573743d226e6f7428737472696e6728646973706c61792d706f72746c65742d7469746c65293d27302729223e09090a0909090926233136303b0a0909093c2f78736c3a69663e090909090a09093c2f68323e09090a20202020202020203c78736c3a6170706c792d74656d706c617465732073656c6563743d22646f63756d656e742d6c6973742d706f72746c657422202f3e0a202020203c2f6469763e0a3c2f78736c3a74656d706c6174653e0a0a0a3c78736c3a74656d706c617465206d617463683d22646f63756d656e742d6c6973742d706f72746c6574223e0a202020203c756c3e0a20202020202020203c78736c3a6170706c792d74656d706c617465732073656c6563743d22646f63756d656e7422202f3e0a202020203c2f756c3e0a3c2f78736c3a74656d706c6174653e0a0a0a3c78736c3a74656d706c617465206d617463683d22646f63756d656e74223e0a202020203c6c693e0a20202020202020203c6120687265663d227b24736974652d706174687d3f646f63756d656e745f69643d7b646f63756d656e742d69647d262333383b706f72746c65745f69643d7b24706f72746c65742d69647d22207461726765743d225f746f70223e0a2020202020202020202020203c78736c3a666f722d656163682073656c6563743d2264657363656e64616e743a3a2a223e0a202020202020202020202020202020203c78736c3a76616c75652d6f662073656c6563743d22646f63756d656e742d7469746c6522202f3e0a20202020202020202020203c2f78736c3a666f722d656163683e0a093c2f613e20202020202020202020200a20202020202020202020203c6272202f3e0a2020202020202020202020203c78736c3a666f722d656163682073656c6563743d2264657363656e64616e743a3a2a223e0a202020202020202020202020202020203c78736c3a76616c75652d6f662073656c6563743d22646f63756d656e742d73756d6d61727922202f3e0a2020202020202020202020203c2f78736c3a666f722d656163683e20202020200a2020202020202020202020203c6272202f3e0a0909093c6272202f3e090909090a0909093c78736c3a696620746573743d2228737472696e6728646f63756d656e742d69732d636f6d6d656e7461626c65293d27312729223e0a090909093c696d67207372633d22696d616765732f6c6f63616c2f736b696e2f706c7567696e732f646f63756d656e742f6e625f636f6d6d656e74732e706e672220616c743d224e6f6d62726520646520636f6d6d656e74616972657322207469746c653d224e6f6d62726520646520636f6d6d656e7461697265732220616c69676e3d226d6964646c65222f3e26233136303b3c78736c3a76616c75652d6f662073656c6563743d22646f63756d656e742d636f6d6d656e742d6e6222202f3e2020202020200a0909093c2f78736c3a69663e2020200909090a202020203c2f6c693e0a3c2f78736c3a74656d706c6174653e0a0a0a3c2f78736c3a7374796c6573686565743e0a0a);
INSERT INTO core_stylesheet (id_stylesheet, description, file_name, source) VALUES (403,'Rubrique Document simple - Type Acteur','portlet_document_actor.xsl',0x3C3F786D6C2076657273696F6E3D22312E30223F3E0D0A3C78736C3A7374796C6573686565742076657273696F6E3D22312E30220D0A09786D6C6E733A78736C3D22687474703A2F2F7777772E77332E6F72672F313939392F58534C2F5472616E73666F726D223E0D0A0D0A093C78736C3A706172616D206E616D653D22736974652D70617468222073656C6563743D22736974652D7061746822202F3E0D0A093C78736C3A7661726961626C65206E616D653D22706F72746C65742D6964222073656C6563743D22706F72746C65742F706F72746C65742D696422202F3E0D0A0D0A093C78736C3A74656D706C617465206D617463683D22706F72746C6574223E0D0A09093C64697620636C6173733D22706F72746C65742D6261636B67726F756E642D636F6C6F72656420617070656E642D626F74746F6D223E0D0A0909093C78736C3A696620746573743D226E6F7428737472696E6728646973706C61792D706F72746C65742D7469746C65293D27312729223E0D0A090909093C683320636C6173733D22706F72746C65742D6261636B67726F756E642D636F6C6F7265642D686561646572202D6C75746563652D626F726465722D7261646975732D746F70223E0D0A09090909093C78736C3A76616C75652D6F662064697361626C652D6F75747075742D6573636170696E673D22796573220D0A09090909090973656C6563743D22706F72746C65742D6E616D6522202F3E0D0A090909093C2F68333E0D0A0909093C2F78736C3A69663E0D0A0D0A0909093C78736C3A6170706C792D74656D706C617465732073656C6563743D22646F63756D656E742D706F72746C65742F646F63756D656E7422202F3E0D0A0909093C78736C3A696620746573743D22737472696E6728646F63756D656E742D706F72746C65742F646F63756D656E74293D2727223E0D0A090909093C78736C3A746578742064697361626C652D6F75747075742D6573636170696E673D22796573223E0D0A090909090926616D703B6E6273703B0D0A090909093C2F78736C3A746578743E0D0A0909093C2F78736C3A69663E0D0A0D0A09093C2F6469763E0D0A093C2F78736C3A74656D706C6174653E0D0A0D0A093C78736C3A74656D706C617465206D617463683D22646F63756D656E74223E0D0A09093C64697620636C6173733D22706F72746C65742D6261636B67726F756E642D636F6C6F7265642D636F6E74656E74202D6C75746563652D626F726465722D7261646975732D626F74746F6D223E0D0A0909093C78736C3A6F7574707574206D6574686F643D2268746D6C2220696E64656E743D2279657322202F3E0D0A0909093C78736C3A696620746573743D226E6F7428737472696E6728646F63756D656E742D786D6C2D636F6E74656E74293D276E756C6C2729223E0D0A090909093C78736C3A6170706C792D74656D706C617465730D0A090909090973656C6563743D22646F63756D656E742D786D6C2D636F6E74656E742F6163746F7222202F3E0D0A0909093C2F78736C3A69663E0D0A09093C2F6469763E0D0A093C2F78736C3A74656D706C6174653E0D0A0D0A093C78736C3A74656D706C617465206D617463683D226163746F72223E0D0A09093C703E0D0A0909093C78736C3A63686F6F73653E0D0A090909093C78736C3A7768656E20746573743D226163746F722D70686F746F2F66696C652D7265736F75726365213D2727223E0D0A09090909093C696D670D0A0909090909097372633D22646F63756D656E743F69643D7B6163746F722D70686F746F2F66696C652D7265736F757263652F7265736F757263652D646F63756D656E742D69647D26616D703B69645F6174747269627574653D7B6163746F722D70686F746F2F66696C652D7265736F757263652F7265736F757263652D6174747269627574652D69647D220D0A090909090909616C69676E3D226C656674222076616C69676E3D226D6964646C6522206873706163653D22323022202F3E0D0A090909093C2F78736C3A7768656E3E0D0A090909093C78736C3A6F74686572776973653E3C2F78736C3A6F74686572776973653E0D0A0909093C2F78736C3A63686F6F73653E0D0A0909093C7374726F6E673E0D0A090909093C78736C3A76616C75652D6F662073656C6563743D226163746F722D66697273746E616D6522202F3E0D0A0909090926233136303B0D0A090909093C78736C3A76616C75652D6F662073656C6563743D226163746F722D6C6173746E616D6522202F3E0D0A0909093C2F7374726F6E673E0D0A09093C2F703E0D0A09093C703E0D0A090909466F6E6374696F6E203A0D0A0909093C78736C3A76616C75652D6F662073656C6563743D226163746F722D66756E6374696F6E22202F3E0D0A09093C2F703E0D0A093C2F78736C3A74656D706C6174653E0D0A0D0A093C78736C3A74656D706C617465206D617463683D2266696C652D7265736F75726365223E0D0A09093C78736C3A63686F6F73653E0D0A0909093C78736C3A7768656E0D0A09090909746573743D22287265736F757263652D636F6E74656E742D747970653D27696D6167652F6A70656727206F72207265736F757263652D636F6E74656E742D747970653D27696D6167652F6A706727206F7220207265736F757263652D636F6E74656E742D747970653D27696D6167652F706A70656727206F72207265736F757263652D636F6E74656E742D747970653D27696D6167652F67696627206F72207265736F757263652D636F6E74656E742D747970653D27696D6167652F706E672729223E0D0A090909093C696D670D0A09090909097372633D22646F63756D656E743F69643D7B7265736F757263652D646F63756D656E742D69647D26616D703B69645F6174747269627574653D7B7265736F757263652D6174747269627574652D69647D220D0A0909090909616C69676E3D22726967687422202F3E0D0A0909093C2F78736C3A7768656E3E0D0A0909093C78736C3A6F74686572776973653E0D0A090909093C610D0A0909090909687265663D22646F63756D656E743F69643D7B7265736F757263652D646F63756D656E742D69647D26616D703B69645F6174747269627574653D7B7265736F757263652D6174747269627574652D69647D223E0D0A09090909093C696D670D0A0909090909097372633D22696D616765732F61646D696E2F736B696E2F706C7567696E732F646F63756D656E742F66696C6574797065732F66696C652E706E67220D0A090909090909626F726465723D223022202F3E0D0A090909093C2F613E0D0A0909093C2F78736C3A6F74686572776973653E0D0A09093C2F78736C3A63686F6F73653E0D0A093C2F78736C3A74656D706C6174653E0D0A3C2F78736C3A7374796C6573686565743E0D0A0D0A);
INSERT INTO core_stylesheet (id_stylesheet, description, file_name, source) VALUES (504,'Rubrique Document simple - Type Brève','portlet_document_shortarticle.xsl',0x3C3F786D6C2076657273696F6E3D22312E30223F3E0D0A3C78736C3A7374796C6573686565742076657273696F6E3D22312E30220D0A09786D6C6E733A78736C3D22687474703A2F2F7777772E77332E6F72672F313939392F58534C2F5472616E73666F726D223E0D0A0D0A093C78736C3A706172616D206E616D653D22736974652D70617468222073656C6563743D22736974652D7061746822202F3E0D0A093C78736C3A7661726961626C65206E616D653D22706F72746C65742D6964222073656C6563743D22706F72746C65742F706F72746C65742D696422202F3E0D0A0D0A093C78736C3A74656D706C617465206D617463683D22706F72746C6574223E0D0A09093C64697620636C6173733D22706F72746C65742D6261636B67726F756E642D636F6C6F726564223E0D0A0909093C78736C3A696620746573743D226E6F7428737472696E6728646973706C61792D706F72746C65742D7469746C65293D27312729223E0D0A090909093C683320636C6173733D22706F72746C65742D6261636B67726F756E642D636F6C6F7265642D686561646572202D6C75746563652D626F726465722D7261646975732D746F70223E0D0A09090909093C78736C3A76616C75652D6F662064697361626C652D6F75747075742D6573636170696E673D22796573220D0A09090909090973656C6563743D22706F72746C65742D6E616D6522202F3E0D0A090909093C2F68333E0D0A0909093C2F78736C3A69663E0D0A0D0A0909093C78736C3A6170706C792D74656D706C617465732073656C6563743D22646F63756D656E742D706F72746C65742F646F63756D656E7422202F3E0D0A0909093C78736C3A696620746573743D22737472696E6728646F63756D656E742D706F72746C65742F646F63756D656E74293D2727223E0D0A090909093C78736C3A746578742064697361626C652D6F75747075742D6573636170696E673D22796573223E0D0A090909090926616D703B6E6273703B0D0A090909093C2F78736C3A746578743E0D0A0909093C2F78736C3A69663E0D0A0D0A09093C2F6469763E0D0A093C2F78736C3A74656D706C6174653E0D0A0D0A093C78736C3A74656D706C617465206D617463683D22646F63756D656E74223E0D0A09093C64697620636C6173733D22706F72746C65742D6261636B67726F756E642D636F6C6F7265642D636F6E74656E74202D6C75746563652D626F726465722D7261646975732D626F74746F6D223E0D0A0909093C78736C3A6F7574707574206D6574686F643D2268746D6C2220696E64656E743D2279657322202F3E0D0A0909093C78736C3A696620746573743D226E6F7428737472696E6728646F63756D656E742D786D6C2D636F6E74656E74293D276E756C6C2729223E0D0A090909093C78736C3A6170706C792D74656D706C617465730D0A090909090973656C6563743D22646F63756D656E742D786D6C2D636F6E74656E742F73686F727461727469636C6522202F3E0D0A0909093C2F78736C3A69663E0D0A09093C2F6469763E0D0A093C2F78736C3A74656D706C6174653E0D0A0D0A093C78736C3A74656D706C617465206D617463683D2273686F727461727469636C65223E0D0A09093C703E0D0A0909093C7374726F6E673E0D0A090909093C78736C3A76616C75652D6F662073656C6563743D22646F63756D656E742D7469746C6522202F3E0D0A0909093C2F7374726F6E673E0D0A09093C2F703E0D0A09093C703E0D0A0909093C78736C3A76616C75652D6F662064697361626C652D6F75747075742D6573636170696E673D22796573220D0A0909090973656C6563743D22646F63756D656E742D73756D6D61727922202F3E0D0A09093C2F703E0D0A093C2F78736C3A74656D706C6174653E0D0A3C2F78736C3A7374796C6573686565743E0D0A0D0A);
INSERT INTO core_stylesheet (id_stylesheet, description, file_name, source) VALUES (505,'Rubrique Document simple - Type Article','portlet_document_article.xsl',0x3C3F786D6C2076657273696F6E3D22312E30223F3E0D0A3C78736C3A7374796C6573686565742076657273696F6E3D22312E30220D0A09786D6C6E733A78736C3D22687474703A2F2F7777772E77332E6F72672F313939392F58534C2F5472616E73666F726D223E0D0A0D0A093C78736C3A706172616D206E616D653D22736974652D70617468222073656C6563743D22736974652D7061746822202F3E0D0A093C78736C3A7661726961626C65206E616D653D22706F72746C65742D6964222073656C6563743D22706F72746C65742F706F72746C65742D696422202F3E0D0A0D0A093C78736C3A74656D706C617465206D617463683D22706F72746C6574223E0D0A09093C64697620636C6173733D22706F72746C65742D6261636B67726F756E642D636F6C6F72656420617070656E642D626F74746F6D223E0D0A0909093C78736C3A696620746573743D226E6F7428737472696E6728646973706C61792D706F72746C65742D7469746C65293D27312729223E0D0A090909093C683320636C6173733D22706F72746C65742D6261636B67726F756E642D636F6C6F7265642D686561646572202D6C75746563652D626F726465722D7261646975732D746F70223E0D0A09090909093C78736C3A76616C75652D6F662064697361626C652D6F75747075742D6573636170696E673D22796573220D0A09090909090973656C6563743D22706F72746C65742D6E616D6522202F3E0D0A090909093C2F68333E0D0A0909093C2F78736C3A69663E0D0A0D0A0909093C78736C3A6170706C792D74656D706C617465732073656C6563743D22646F63756D656E742D706F72746C65742F646F63756D656E7422202F3E0D0A0909093C78736C3A696620746573743D22737472696E6728646F63756D656E742D706F72746C65742F646F63756D656E74293D2727223E0D0A090909093C78736C3A746578742064697361626C652D6F75747075742D6573636170696E673D22796573223E26616D703B6E6273703B3C2F78736C3A746578743E0D0A0909093C2F78736C3A69663E0D0A0D0A09093C2F6469763E0D0A093C2F78736C3A74656D706C6174653E0D0A0D0A093C78736C3A74656D706C617465206D617463683D22646F63756D656E74223E0D0A09093C64697620636C6173733D22706F72746C65742D6261636B67726F756E642D636F6C6F7265642D636F6E74656E74202D6C75746563652D626F726465722D7261646975732D626F74746F6D223E0D0A0909093C78736C3A6F7574707574206D6574686F643D2268746D6C2220696E64656E743D2279657322202F3E0D0A0909093C78736C3A696620746573743D226E6F7428737472696E6728646F63756D656E742D786D6C2D636F6E74656E74293D276E756C6C2729223E0D0A090909093C78736C3A6170706C792D74656D706C617465730D0A090909090973656C6563743D22646F63756D656E742D786D6C2D636F6E74656E742F61727469636C6522202F3E0D0A0909093C2F78736C3A69663E0D0A09093C2F6469763E0D0A093C2F78736C3A74656D706C6174653E0D0A0D0A093C78736C3A74656D706C617465206D617463683D2261727469636C65223E0D0A09093C703E0D0A0909093C7374726F6E673E0D0A090909093C78736C3A76616C75652D6F662073656C6563743D22646F63756D656E742D7469746C6522202F3E0D0A0909093C2F7374726F6E673E0D0A09093C2F703E0D0A09093C703E0D0A0909093C78736C3A63686F6F73653E0D0A090909093C78736C3A7768656E20746573743D2261727469636C652D6174746163686D656E742F66696C652D7265736F75726365213D2727223E0D0A09090909093C78736C3A6170706C792D74656D706C617465730D0A09090909090973656C6563743D2261727469636C652D6174746163686D656E742F66696C652D7265736F7572636522202F3E0D0A090909093C2F78736C3A7768656E3E0D0A090909093C78736C3A6F74686572776973653E3C2F78736C3A6F74686572776973653E0D0A0909093C2F78736C3A63686F6F73653E0D0A09093C2F703E0D0A09093C703E0D0A0909093C78736C3A76616C75652D6F662064697361626C652D6F75747075742D6573636170696E673D22796573220D0A0909090973656C6563743D2261727469636C652D626F647922202F3E0D0A09093C2F703E0D0A093C2F78736C3A74656D706C6174653E0D0A0D0A093C78736C3A74656D706C617465206D617463683D2266696C652D7265736F75726365223E0D0A09093C78736C3A63686F6F73653E0D0A0909093C78736C3A7768656E0D0A09090909746573743D22287265736F757263652D636F6E74656E742D747970653D27696D6167652F6A70656727206F72207265736F757263652D636F6E74656E742D747970653D27696D6167652F6A706727206F7220207265736F757263652D636F6E74656E742D747970653D27696D6167652F706A70656727206F72207265736F757263652D636F6E74656E742D747970653D27696D6167652F67696627206F72207265736F757263652D636F6E74656E742D747970653D27696D6167652F706E672729223E0D0A090909093C696D670D0A09090909097372633D22646F63756D656E743F69643D7B7265736F757263652D646F63756D656E742D69647D26616D703B69645F6174747269627574653D7B7265736F757263652D6174747269627574652D69647D220D0A0909090909616C69676E3D22726967687422202F3E0D0A0909093C2F78736C3A7768656E3E0D0A0909093C78736C3A6F74686572776973653E0D0A090909093C610D0A0909090909687265663D22646F63756D656E743F69643D7B7265736F757263652D646F63756D656E742D69647D26616D703B69645F6174747269627574653D7B7265736F757263652D6174747269627574652D69647D223E0D0A09090909093C696D670D0A0909090909097372633D22696D616765732F61646D696E2F736B696E2F706C7567696E732F646F63756D656E742F66696C6574797065732F66696C652E706E67220D0A090909090909626F726465723D223022202F3E0D0A090909093C2F613E0D0A0909093C2F78736C3A6F74686572776973653E0D0A09093C2F78736C3A63686F6F73653E0D0A093C2F78736C3A74656D706C6174653E0D0A3C2F78736C3A7374796C6573686565743E0D0A0D0A);
INSERT INTO core_stylesheet (id_stylesheet, description, file_name, source) VALUES (506,'Rubrique Document simple - Type Image','portlet_document_image.xsl',0x3C3F786D6C2076657273696F6E3D22312E30223F3E0D0A3C78736C3A7374796C6573686565742076657273696F6E3D22312E30220D0A09786D6C6E733A78736C3D22687474703A2F2F7777772E77332E6F72672F313939392F58534C2F5472616E73666F726D223E0D0A0D0A093C78736C3A706172616D206E616D653D22736974652D70617468222073656C6563743D22736974652D7061746822202F3E0D0A093C78736C3A7661726961626C65206E616D653D22706F72746C65742D6964222073656C6563743D22706F72746C65742F706F72746C65742D696422202F3E0D0A0D0A093C78736C3A74656D706C617465206D617463683D22706F72746C6574223E0D0A09093C64697620636C6173733D22706F72746C65742D6261636B67726F756E642D636F6C6F72656420617070656E642D626F74746F6D223E0D0A0909093C78736C3A696620746573743D226E6F7428737472696E6728646973706C61792D706F72746C65742D7469746C65293D27312729223E0D0A090909093C683320636C6173733D22706F72746C65742D6261636B67726F756E642D636F6C6F7265642D686561646572202D6C75746563652D626F726465722D7261646975732D746F70223E0D0A09090909093C78736C3A76616C75652D6F662064697361626C652D6F75747075742D6573636170696E673D22796573222073656C6563743D22706F72746C65742D6E616D6522202F3E0D0A090909093C2F68333E0D0A0909093C2F78736C3A69663E0D0A0D0A0909093C78736C3A6170706C792D74656D706C617465732073656C6563743D22646F63756D656E742D706F72746C65742F646F63756D656E7422202F3E0D0A0909093C78736C3A696620746573743D22737472696E6728646F63756D656E742D706F72746C65742F646F63756D656E74293D2727223E0D0A090909093C78736C3A746578742064697361626C652D6F75747075742D6573636170696E673D22796573223E0D0A090909090926616D703B6E6273703B0D0A090909093C2F78736C3A746578743E0D0A0909093C2F78736C3A69663E0D0A0D0A09093C2F6469763E0D0A093C2F78736C3A74656D706C6174653E0D0A0D0A093C78736C3A74656D706C617465206D617463683D22646F63756D656E74223E0D0A09093C64697620636C6173733D22706F72746C65742D6261636B67726F756E642D636F6C6F7265642D636F6E74656E74202D6C75746563652D626F726465722D7261646975732D626F74746F6D223E0D0A0909093C78736C3A6F7574707574206D6574686F643D2268746D6C2220696E64656E743D2279657322202F3E0D0A0909093C78736C3A696620746573743D226E6F7428737472696E6728646F63756D656E742D786D6C2D636F6E74656E74293D276E756C6C2729223E0D0A090909093C78736C3A6170706C792D74656D706C617465730D0A090909090973656C6563743D22646F63756D656E742D786D6C2D636F6E74656E742F696D61676522202F3E0D0A0909093C2F78736C3A69663E0D0A09093C2F6469763E0D0A093C2F78736C3A74656D706C6174653E0D0A0D0A093C78736C3A74656D706C617465206D617463683D22696D616765223E0D0A09093C703E0D0A0909093C7374726F6E673E0D0A090909093C78736C3A76616C75652D6F662073656C6563743D22646F63756D656E742D7469746C6522202F3E0D0A0909093C2F7374726F6E673E0D0A09093C2F703E0D0A09093C703E0D0A0909093C78736C3A76616C75652D6F662073656C6563743D22646F63756D656E742D73756D6D61727922202F3E0D0A09093C2F703E0D0A09093C78736C3A63686F6F73653E0D0A0909093C78736C3A7768656E20746573743D22696D6167652D66696C652F66696C652D7265736F75726365213D2727223E0D0A090909093C696D670D0A09090909097372633D22646F63756D656E743F69643D7B696D6167652D66696C652F66696C652D7265736F757263652F7265736F757263652D646F63756D656E742D69647D26616D703B69645F6174747269627574653D7B696D6167652D66696C652F66696C652D7265736F757263652F7265736F757263652D6174747269627574652D69647D22202F3E0D0A0909093C2F78736C3A7768656E3E0D0A0909093C78736C3A6F74686572776973653E3C2F78736C3A6F74686572776973653E0D0A09093C2F78736C3A63686F6F73653E0D0A0D0A09093C703E0D0A0909093C656D3E3C78736C3A76616C75652D6F662064697361626C652D6F75747075742D6573636170696E673D22796573220D0A0909090973656C6563743D22696D6167652D6372656469747322202F3E3C2F656D3E0D0A09093C2F703E0D0A093C2F78736C3A74656D706C6174653E0D0A0D0A093C78736C3A74656D706C617465206D617463683D2266696C652D7265736F75726365223E0D0A09093C78736C3A63686F6F73653E0D0A0909093C78736C3A7768656E0D0A09090909746573743D22287265736F757263652D636F6E74656E742D747970653D27696D6167652F6A70656727206F72207265736F757263652D636F6E74656E742D747970653D27696D6167652F6A706727206F7220207265736F757263652D636F6E74656E742D747970653D27696D6167652F706A70656727206F72207265736F757263652D636F6E74656E742D747970653D27696D6167652F67696627206F72207265736F757263652D636F6E74656E742D747970653D27696D6167652F706E672729223E0D0A090909093C696D670D0A09090909097372633D22646F63756D656E743F69643D7B7265736F757263652D646F63756D656E742D69647D26616D703B69645F6174747269627574653D7B7265736F757263652D6174747269627574652D69647D220D0A0909090909616C69676E3D22726967687422202F3E0D0A0909093C2F78736C3A7768656E3E0D0A0909093C78736C3A6F74686572776973653E0D0A090909093C610D0A0909090909687265663D22646F63756D656E743F69643D7B7265736F757263652D646F63756D656E742D69647D26616D703B69645F6174747269627574653D7B7265736F757263652D6174747269627574652D69647D223E0D0A09090909093C696D670D0A0909090909097372633D22696D616765732F61646D696E2F736B696E2F706C7567696E732F646F63756D656E742F66696C6574797065732F66696C652E706E67220D0A090909090909626F726465723D223022202F3E0D0A090909093C2F613E0D0A0909093C2F78736C3A6F74686572776973653E0D0A09093C2F78736C3A63686F6F73653E0D0A093C2F78736C3A74656D706C6174653E0D0A3C2F78736C3A7374796C6573686565743E0D0A0D0A);
INSERT INTO core_stylesheet (id_stylesheet, description, file_name, source) VALUES (507,'Rubrique Document simple - Type Video','portlet_document_video.xsl',0x3C3F786D6C2076657273696F6E3D22312E30223F3E0D0A3C78736C3A7374796C6573686565742076657273696F6E3D22312E30220D0A09786D6C6E733A78736C3D22687474703A2F2F7777772E77332E6F72672F313939392F58534C2F5472616E73666F726D223E0D0A0D0A093C78736C3A706172616D206E616D653D22736974652D70617468222073656C6563743D22736974652D7061746822202F3E0D0A093C78736C3A7661726961626C65206E616D653D22706F72746C65742D6964222073656C6563743D22706F72746C65742F706F72746C65742D696422202F3E0D0A0D0A093C78736C3A74656D706C617465206D617463683D22706F72746C6574223E0D0A09093C64697620636C6173733D22706F72746C65742D6261636B67726F756E642D636F6C6F72656420617070656E642D626F74746F6D223E0D0A0909093C78736C3A696620746573743D226E6F7428737472696E6728646973706C61792D706F72746C65742D7469746C65293D27312729223E0D0A090909093C683320636C6173733D22706F72746C65742D6261636B67726F756E642D636F6C6F7265642D686561646572202D6C75746563652D626F726465722D7261646975732D746F70223E0D0A09090909093C78736C3A76616C75652D6F662064697361626C652D6F75747075742D6573636170696E673D22796573220D0A09090909090973656C6563743D22706F72746C65742D6E616D6522202F3E0D0A090909093C2F68333E0D0A0909093C2F78736C3A69663E0D0A0D0A0909093C78736C3A6170706C792D74656D706C617465732073656C6563743D22646F63756D656E742D706F72746C65742F646F63756D656E7422202F3E0D0A0909093C78736C3A696620746573743D22737472696E6728646F63756D656E742D706F72746C65742F646F63756D656E74293D2727223E0D0A090909093C78736C3A746578742064697361626C652D6F75747075742D6573636170696E673D22796573223E0D0A090909090926616D703B6E6273703B0D0A090909093C2F78736C3A746578743E0D0A0909093C2F78736C3A69663E0D0A0D0A09093C2F6469763E0D0A093C2F78736C3A74656D706C6174653E0D0A0D0A093C78736C3A74656D706C617465206D617463683D22646F63756D656E74223E0D0A09093C64697620636C6173733D22706F72746C65742D6261636B67726F756E642D636F6C6F7265642D636F6E74656E74202D6C75746563652D626F726465722D7261646975732D626F74746F6D223E0D0A0909093C78736C3A6F7574707574206D6574686F643D2268746D6C2220696E64656E743D2279657322202F3E0D0A0909093C78736C3A696620746573743D226E6F7428737472696E6728646F63756D656E742D786D6C2D636F6E74656E74293D276E756C6C2729223E0D0A090909093C78736C3A6170706C792D74656D706C617465730D0A090909090973656C6563743D22646F63756D656E742D786D6C2D636F6E74656E742F766964656F22202F3E0D0A0909093C2F78736C3A69663E0D0A09093C2F6469763E0D0A093C2F78736C3A74656D706C6174653E0D0A0D0A093C78736C3A74656D706C617465206D617463683D22766964656F223E0D0A09093C703E0D0A0909093C7374726F6E673E0D0A090909093C78736C3A76616C75652D6F662073656C6563743D22646F63756D656E742D7469746C6522202F3E0D0A0909093C2F7374726F6E673E0D0A09093C2F703E0D0A09093C703E0D0A0909093C78736C3A76616C75652D6F662064697361626C652D6F75747075742D6573636170696E673D22796573220D0A0909090973656C6563743D22646F63756D656E742D73756D6D61727922202F3E0D0A09093C2F703E0D0A09093C703E0D0A0909093C78736C3A63686F6F73653E0D0A090909093C78736C3A7768656E20746573743D22766964656F2D66696C652F66696C652D7265736F75726365213D2727223E0D0A09090909093C610D0A090909090909687265663D22646F63756D656E743F69643D7B766964656F2D66696C652F66696C652D7265736F757263652F7265736F757263652D646F63756D656E742D69647D26616D703B69645F6174747269627574653D7B766964656F2D66696C652F66696C652D7265736F757263652F7265736F757263652D6174747269627574652D69647D223E0D0A0909090909093C696D670D0A090909090909097372633D22696D616765732F61646D696E2F736B696E2F706C7567696E732F646F63756D656E742F66696C6574797065732F766964656F2E706E6722202F3E0D0A09090909093C2F613E0D0A090909093C2F78736C3A7768656E3E0D0A090909093C78736C3A6F74686572776973653E3C2F78736C3A6F74686572776973653E0D0A0909093C2F78736C3A63686F6F73653E0D0A09093C2F703E0D0A09093C703E0D0A0909093C78736C3A76616C75652D6F662064697361626C652D6F75747075742D6573636170696E673D22796573220D0A0909090973656C6563743D22766964656F2D636F6D6D656E747322202F3E0D0A09093C2F703E0D0A093C2F78736C3A74656D706C6174653E0D0A3C2F78736C3A7374796C6573686565743E0D0A0D0A);
INSERT INTO core_stylesheet (id_stylesheet, description, file_name, source) VALUES (408,'Rubrique Document simple - Type Pdf','portlet_document_pdf.xsl',0x3C3F786D6C2076657273696F6E3D22312E30223F3E0D0A3C78736C3A7374796C6573686565742076657273696F6E3D22312E30220D0A09786D6C6E733A78736C3D22687474703A2F2F7777772E77332E6F72672F313939392F58534C2F5472616E73666F726D223E0D0A0D0A093C78736C3A706172616D206E616D653D22736974652D70617468222073656C6563743D22736974652D7061746822202F3E0D0A093C78736C3A7661726961626C65206E616D653D22706F72746C65742D6964222073656C6563743D22706F72746C65742F706F72746C65742D696422202F3E0D0A0D0A093C78736C3A74656D706C617465206D617463683D22706F72746C6574223E0D0A09093C64697620636C6173733D22706F72746C65742D6261636B67726F756E642D636F6C6F72656420617070656E642D626F74746F6D223E0D0A0909093C78736C3A696620746573743D226E6F7428737472696E6728646973706C61792D706F72746C65742D7469746C65293D27312729223E0D0A090909093C683320636C6173733D22706F72746C65742D6261636B67726F756E642D636F6C6F7265642D686561646572202D6C75746563652D626F726465722D7261646975732D746F70223E0D0A09090909093C78736C3A76616C75652D6F662064697361626C652D6F75747075742D6573636170696E673D22796573220D0A09090909090973656C6563743D22706F72746C65742D6E616D6522202F3E0D0A090909093C2F68333E0D0A0909093C2F78736C3A69663E0D0A0D0A0909093C78736C3A6170706C792D74656D706C617465732073656C6563743D22646F63756D656E742D706F72746C65742F646F63756D656E7422202F3E0D0A0909093C78736C3A696620746573743D22737472696E6728646F63756D656E742D706F72746C65742F646F63756D656E74293D2727223E0D0A090909093C78736C3A746578742064697361626C652D6F75747075742D6573636170696E673D22796573223E0D0A090909090926616D703B6E6273703B0D0A090909093C2F78736C3A746578743E0D0A0909093C2F78736C3A69663E0D0A0D0A09093C2F6469763E0D0A093C2F78736C3A74656D706C6174653E0D0A0D0A093C78736C3A74656D706C617465206D617463683D22646F63756D656E74223E0D0A09093C64697620636C6173733D22706F72746C65742D6261636B67726F756E642D636F6C6F7265642D636F6E74656E74202D6C75746563652D626F726465722D7261646975732D626F74746F6D223E0D0A0909093C78736C3A6F7574707574206D6574686F643D2268746D6C2220696E64656E743D2279657322202F3E0D0A0909093C78736C3A696620746573743D226E6F7428737472696E6728646F63756D656E742D786D6C2D636F6E74656E74293D276E756C6C2729223E0D0A090909093C78736C3A6170706C792D74656D706C617465732073656C6563743D22646F63756D656E742D786D6C2D636F6E74656E742F70646622202F3E0D0A0909093C2F78736C3A69663E0D0A09093C2F6469763E0D0A093C2F78736C3A74656D706C6174653E0D0A0D0A093C78736C3A74656D706C617465206D617463683D22706466223E0D0A09093C703E0D0A0909093C7374726F6E673E0D0A090909093C78736C3A76616C75652D6F662073656C6563743D22646F63756D656E742D7469746C6522202F3E0D0A0909093C2F7374726F6E673E0D0A09093C2F703E0D0A09093C703E0D0A0909093C78736C3A76616C75652D6F662064697361626C652D6F75747075742D6573636170696E673D22796573220D0A0909090973656C6563743D22646F63756D656E742D73756D6D61727922202F3E0D0A09093C2F703E0D0A09093C703E0D0A0909093C78736C3A63686F6F73653E0D0A090909093C78736C3A7768656E20746573743D227064662D66696C652F66696C652D7265736F75726365213D2727223E0D0A09090909093C610D0A090909090909687265663D22646F63756D656E743F69643D7B7064662D66696C652F66696C652D7265736F757263652F7265736F757263652D646F63756D656E742D69647D26616D703B69645F6174747269627574653D7B7064662D66696C652F66696C652D7265736F757263652F7265736F757263652D6174747269627574652D69647D223E0D0A0909090909093C696D670D0A090909090909097372633D22696D616765732F61646D696E2F736B696E2F706C7567696E732F646F63756D656E742F66696C6574797065732F7064662E706E6722202F3E0D0A09090909093C2F613E0D0A090909093C2F78736C3A7768656E3E0D0A090909093C78736C3A6F74686572776973653E3C2F78736C3A6F74686572776973653E0D0A0909093C2F78736C3A63686F6F73653E0D0A09093C2F703E0D0A093C2F78736C3A74656D706C6174653E0D0A3C2F78736C3A7374796C6573686565743E0D0A0D0A);
INSERT INTO core_stylesheet (id_stylesheet, description, file_name, source) VALUES (409,'Rubrique Document simple - Type Son','portlet_document_sound.xsl',0x3C3F786D6C2076657273696F6E3D22312E30223F3E0D0A3C78736C3A7374796C6573686565742076657273696F6E3D22312E30220D0A09786D6C6E733A78736C3D22687474703A2F2F7777772E77332E6F72672F313939392F58534C2F5472616E73666F726D223E0D0A0D0A093C78736C3A706172616D206E616D653D22736974652D70617468222073656C6563743D22736974652D7061746822202F3E0D0A093C78736C3A7661726961626C65206E616D653D22706F72746C65742D6964222073656C6563743D22706F72746C65742F706F72746C65742D696422202F3E0D0A0D0A093C78736C3A74656D706C617465206D617463683D22706F72746C6574223E0D0A09093C64697620636C6173733D22706F72746C65742D6261636B67726F756E642D636F6C6F72656420617070656E642D626F74746F6D223E0D0A0909093C78736C3A696620746573743D226E6F7428737472696E6728646973706C61792D706F72746C65742D7469746C65293D27312729223E0D0A090909093C683320636C6173733D22706F72746C65742D6261636B67726F756E642D636F6C6F7265642D686561646572202D6C75746563652D626F726465722D7261646975732D746F70223E0D0A09090909093C78736C3A76616C75652D6F662064697361626C652D6F75747075742D6573636170696E673D22796573222073656C6563743D22706F72746C65742D6E616D6522202F3E0D0A090909093C2F68333E0D0A0909093C2F78736C3A69663E0D0A0D0A0909093C78736C3A6170706C792D74656D706C617465732073656C6563743D22646F63756D656E742D706F72746C65742F646F63756D656E7422202F3E0D0A0909093C78736C3A696620746573743D22737472696E6728646F63756D656E742D706F72746C65742F646F63756D656E74293D2727223E0D0A090909093C78736C3A746578742064697361626C652D6F75747075742D6573636170696E673D22796573223E0D0A090909090926616D703B6E6273703B0D0A090909093C2F78736C3A746578743E0D0A0909093C2F78736C3A69663E0D0A0D0A09093C2F6469763E0D0A093C2F78736C3A74656D706C6174653E0D0A0D0A093C78736C3A74656D706C617465206D617463683D22646F63756D656E74223E0D0A09093C64697620636C6173733D22706F72746C65742D6261636B67726F756E642D636F6C6F7265642D636F6E74656E74202D6C75746563652D626F726465722D7261646975732D626F74746F6D223E0D0A0909093C78736C3A6F7574707574206D6574686F643D2268746D6C2220696E64656E743D2279657322202F3E0D0A0909093C78736C3A696620746573743D226E6F7428737472696E6728646F63756D656E742D786D6C2D636F6E74656E74293D276E756C6C2729223E0D0A090909093C78736C3A6170706C792D74656D706C617465730D0A090909090973656C6563743D22646F63756D656E742D786D6C2D636F6E74656E742F736F756E6422202F3E0D0A0909093C2F78736C3A69663E0D0A09093C2F6469763E0D0A093C2F78736C3A74656D706C6174653E0D0A0D0A093C78736C3A74656D706C617465206D617463683D22736F756E64223E0D0A09093C703E0D0A0909093C7374726F6E673E0D0A090909093C78736C3A76616C75652D6F662073656C6563743D22646F63756D656E742D7469746C6522202F3E0D0A0909093C2F7374726F6E673E0D0A09093C2F703E0D0A09093C703E0D0A0909093C78736C3A76616C75652D6F662064697361626C652D6F75747075742D6573636170696E673D22796573220D0A0909090973656C6563743D22646F63756D656E742D73756D6D61727922202F3E0D0A09093C2F703E0D0A09093C703E0D0A0909093C78736C3A63686F6F73653E0D0A090909093C78736C3A7768656E20746573743D22736F756E642D66696C652F66696C652D7265736F75726365213D2727223E0D0A09090909093C610D0A090909090909687265663D22646F63756D656E743F69643D7B736F756E642D66696C652F66696C652D7265736F757263652F7265736F757263652D646F63756D656E742D69647D26616D703B69645F6174747269627574653D7B736F756E642D66696C652F66696C652D7265736F757263652F7265736F757263652D6174747269627574652D69647D223E0D0A0909090909093C696D670D0A090909090909097372633D22696D616765732F61646D696E2F736B696E2F706C7567696E732F646F63756D656E742F66696C6574797065732F617564696F2E706E6722202F3E0D0A09090909093C2F613E0D0A090909093C2F78736C3A7768656E3E0D0A090909093C78736C3A6F74686572776973653E3C2F78736C3A6F74686572776973653E0D0A0909093C2F78736C3A63686F6F73653E0D0A09093C2F703E0D0A09093C703E0D0A0909093C78736C3A76616C75652D6F662064697361626C652D6F75747075742D6573636170696E673D22796573220D0A0909090973656C6563743D22736F756E642D617574686F7222202F3E0D0A09093C2F703E0D0A093C2F78736C3A74656D706C6174653E0D0A3C2F78736C3A7374796C6573686565743E0D0A0D0A);
INSERT INTO core_stylesheet (id_stylesheet, description, file_name, source) VALUES (508,'Rubrique Liste de Documents - Type Flash','portlet_document_flash_list.xsl',0x3c3f786d6c2076657273696f6e3d22312e30223f3e0d0a3c78736c3a7374796c6573686565742076657273696f6e3d22312e302220786d6c6e733a78736c3d22687474703a2f2f7777772e77332e6f72672f313939392f58534c2f5472616e73666f726d223e0d0a0d0a3c78736c3a706172616d206e616d653d22736974652d70617468222073656c6563743d22736974652d7061746822202f3e0d0a3c78736c3a7661726961626c65206e616d653d22706f72746c65742d6964222073656c6563743d22706f72746c65742f706f72746c65742d696422202f3e0d0a0d0a3c78736c3a74656d706c617465206d617463683d22706f72746c6574223e0d0a202020203c64697620636c6173733d22706f72746c65742d6261636b67726f756e642d636f6c6f72656420617070656e642d626f74746f6d22203e0d0a20202020202020203c78736c3a696620746573743d226e6f7428737472696e6728646973706c61792d706f72746c65742d7469746c65293d27312729223e0d0a2020202020202020202020203c683320636c6173733d22706f72746c65742d6261636b67726f756e642d636f6c6f7265642d686561646572202d6c75746563652d626f726465722d7261646975732d746f70223e0d0a202020202020202020202020202020203c78736c3a76616c75652d6f662064697361626c652d6f75747075742d6573636170696e673d22796573222073656c6563743d22706f72746c65742d6e616d6522202f3e0d0a2020202020202020202020203c2f68333e0d0a20202020202020203c2f78736c3a69663e0d0a093c64697620636c6173733d22706f72746c65742d6261636b67726f756e642d636f6e74656e74202d6c75746563652d626f726465722d7261646975732d626f74746f6d22203e0d0a2020202020202020202020203c756c3e0d0a202020202020202020202020202020203c78736c3a6170706c792d74656d706c617465732073656c6563743d22646f63756d656e742d6c6973742d706f72746c65742f646f63756d656e7422202f3e0d0a2020202020202020202020203c2f756c3e0d0a093c2f6469763e0d0a202020203c2f6469763e0d0a3c2f78736c3a74656d706c6174653e0d0a0d0a0d0a3c78736c3a74656d706c617465206d617463683d22646f63756d656e74223e2020202020200d0a3c78736c3a696620746573743d226e6f7428737472696e6728646f63756d656e742d786d6c2d636f6e74656e74293d276e756c6c2729223e0d0a202020203c6c693e0d0a20202020202020203c6120687265663d227b24736974652d706174687d3f646f63756d656e745f69643d7b646f63756d656e742d69647d262333383b706f72746c65745f69643d7b24706f72746c65742d69647d22207461726765743d225f746f70223e200d0a2020202020202020202020203c78736c3a666f722d656163682073656c6563743d2264657363656e64616e743a3a2a223e2020200d0a202020202020202020202020202020203c78736c3a76616c75652d6f662073656c6563743d22646f63756d656e742d7469746c6522202f3e0d0a2020202020202020202020203c2f78736c3a666f722d656163683e202020200d0a20202020202020203c2f613e0d0a09093c78736c3a696620746573743d2228737472696e67287265736f757263652d69732d766f7461626c65293d27312729223e0d0a0909093c6272202f3e0d0a2020202020202020093c78736c3a7661726961626c65206e616d653d227265736f757263652d73636f7265222073656c6563743d227265736f757263652d73636f726522202f3e0d0a0920202020202020203c696d67207372633d22696d616765732f6c6f63616c2f736b696e2f706c7567696e732f726174696e672f73746172735f7b247265736f757263652d73636f72657d2e706e672220616c743d2253636f726522207469746c653d2253636f726522202f3e0d0a20202020202020203c2f78736c3a69663e2020200d0a20202020202020203c78736c3a696620746573743d2228737472696e672869732d646f776e6c6f61642d73746174293d27312729223e0d0a0909093c6272202f3e0d0a090909236931386e7b726174696e672e7265736f757263655f766f74652e6c6162656c446f776e6c6f6164436f756e747d203a203c78736c3a76616c75652d6f662073656c6563743d227265736f757263652d646f776e6c6f61642d7374617422202f3e0d0a09093c2f78736c3a69663e0d0a20202020202020203c6272202f3e0d0a20202020202020203c78736c3a666f722d656163682073656c6563743d2264657363656e64616e743a3a2a223e20202020202020202020200d0a2020202020202020202020203c78736c3a76616c75652d6f662073656c6563743d22646f63756d656e742d73756d6d61727922202f3e20202020202020202020202020202020200d0a20202020202020203c2f78736c3a666f722d656163683e20200d0a20202020202020203c6272202f3e2020202020202020202020200d0a20202020202020203c78736c3a696620746573743d2228737472696e6728646f63756d656e742d69732d636f6d6d656e7461626c65293d27312729223e0d0a2020202020202020202020204e6f6d62726520646520636f6d6d656e746169726573203a203c78736c3a76616c75652d6f662073656c6563743d22646f63756d656e742d636f6d6d656e742d6e6222202f3e2020202020200d0a20202020202020203c2f78736c3a69663e2020200d0a202020203c2f6c693e0d0a3c2f78736c3a69663e0d0a3c2f78736c3a74656d706c6174653e0d0a0d0a3c2f78736c3a7374796c6573686565743e0d0a0d0a);
INSERT INTO core_stylesheet (id_stylesheet, description, file_name, source) VALUES (509,'Rubrique Document simple - Type Flash','portlet_document_flash.xsl',0x3C3F786D6C2076657273696F6E3D22312E30223F3E0D0A3C78736C3A7374796C6573686565742076657273696F6E3D22312E30220D0A09786D6C6E733A78736C3D22687474703A2F2F7777772E77332E6F72672F313939392F58534C2F5472616E73666F726D223E0D0A0D0A093C78736C3A706172616D206E616D653D22736974652D70617468222073656C6563743D22736974652D7061746822202F3E0D0A093C78736C3A7661726961626C65206E616D653D22706F72746C65742D6964222073656C6563743D22706F72746C65742F706F72746C65742D696422202F3E0D0A0D0A093C78736C3A74656D706C617465206D617463683D22706F72746C6574223E0D0A09093C64697620636C6173733D22706F72746C65742D6261636B67726F756E642D636F6C6F72656420617070656E642D626F74746F6D223E0D0A0909093C78736C3A696620746573743D226E6F7428737472696E6728646973706C61792D706F72746C65742D7469746C65293D27312729223E0D0A090909093C683320636C6173733D22706F72746C65742D6261636B67726F756E642D636F6C6F7265642D686561646572202D6C75746563652D626F726465722D7261646975732D746F70223E0D0A09090909093C78736C3A76616C75652D6F662064697361626C652D6F75747075742D6573636170696E673D22796573220D0A09090909090973656C6563743D22706F72746C65742D6E616D6522202F3E0D0A090909093C2F68333E0D0A0909093C2F78736C3A69663E0D0A0D0A0909093C78736C3A6170706C792D74656D706C617465732073656C6563743D22646F63756D656E742D706F72746C65742F646F63756D656E7422202F3E0D0A0909093C78736C3A696620746573743D22737472696E6728646F63756D656E742D706F72746C65742F646F63756D656E74293D2727223E0D0A090909093C78736C3A746578742064697361626C652D6F75747075742D6573636170696E673D22796573223E0D0A090909090926616D703B6E6273703B0D0A090909093C2F78736C3A746578743E0D0A0909093C2F78736C3A69663E0D0A0D0A09093C2F6469763E0D0A093C2F78736C3A74656D706C6174653E0D0A0D0A093C78736C3A74656D706C617465206D617463683D22646F63756D656E74223E0D0A09093C64697620636C6173733D22706F72746C65742D6261636B67726F756E642D636F6C6F7265642D636F6E74656E74202D6C75746563652D626F726465722D7261646975732D626F74746F6D223E0D0A0909093C78736C3A6F7574707574206D6574686F643D2268746D6C2220696E64656E743D2279657322202F3E0D0A0909093C78736C3A696620746573743D226E6F7428737472696E6728646F63756D656E742D786D6C2D636F6E74656E74293D276E756C6C2729223E0D0A090909093C78736C3A6170706C792D74656D706C617465730D0A090909090973656C6563743D22646F63756D656E742D786D6C2D636F6E74656E742F666C61736822202F3E0D0A0909093C2F78736C3A69663E0D0A09093C2F6469763E0D0A093C2F78736C3A74656D706C6174653E0D0A0D0A093C78736C3A74656D706C617465206D617463683D22666C617368223E0D0A09093C68313E3C78736C3A76616C75652D6F662073656C6563743D22646F63756D656E742D7469746C6522202F3E3C2F68313E0D0A09093C703E0D0A0909093C78736C3A76616C75652D6F662073656C6563743D22646F63756D656E742D73756D6D61727922202F3E0D0A09093C2F703E0D0A09093C703E0D0A0909093C78736C3A63686F6F73653E0D0A090909093C78736C3A7768656E20746573743D2228666C6173682D6F626A6563742F66696C652D7265736F757263652F7265736F757263652D636F6E74656E742D747970653D276170706C69636174696F6E2F782D73686F636B776176652D666C617368272922203E0D0A09090909093C6F626A656374200D0A090909090909646174613D22646F63756D656E743F69643D7B666C6173682D6F626A6563742F66696C652D7265736F757263652F7265736F757263652D646F63756D656E742D69647D26616D703B69645F6174747269627574653D7B666C6173682D6F626A6563742F66696C652D7265736F757263652F7265736F757263652D6174747269627574652D69647D22200D0A090909090909747970653D226170706C69636174696F6E2F782D73686F636B776176652D666C61736822200D0A09090909090977696474683D227B666C6173682D77696474687D22200D0A0909090909096865696768743D227B666C6173682D6865696768747D220D0A090909090909616C69676E3D227B666C6173682D616C69676E7D220D0A090909090909636C61737369643D22636C7369643A44323743444236452D414536442D313163662D393642382D343434353533353430303030220D0A090909090909636F6465626173653D22687474703A2F2F646F776E6C6F61642E6D6163726F6D656469612E636F6D2F7075622F73686F636B776176652F636162732F666C6173682F7377666C6173682E6361622376657273696F6E3D362C302C302C30220D0A09090909093E0D0A0909090909093C706172616D206E616D653D224175746F7374617274222076616C75653D227B666C6173682D6175746F73746172747D22202F3E0D0A0909090909093C706172616D206E616D653D225175616C697479222076616C75653D227B666C6173682D7175616C6974797D22202F3E0D0A0909090909093C706172616D206E616D653D224C6F6F70222076616C75653D227B666C6173682D6C6F6F707D22202F3E0D0A0909090909093C706172616D206E616D653D226D656E75222076616C75653D227B666C6173682D6D656E757D22202F3E0D0A0909090909093C706172616D206E616D653D22616C6C6F77536372697074416363657373222076616C75653D2273616D65646F6D61696E22202F3E0D0A0909090909093C706172616D206E616D653D226D6F766965222076616C75653D22646F63756D656E743F69643D7B666C6173682D6F626A6563742F66696C652D7265736F757263652F7265736F757263652D646F63756D656E742D69647D26616D703B69645F6174747269627574653D7B666C6173682D6F626A6563742F66696C652D7265736F757263652F7265736F757263652D6174747269627574652D69647D22202F3E0D0A0909090909093C454D424544200D0A090909090909097372633D22646F63756D656E743F69643D7B666C6173682D6F626A6563742F66696C652D7265736F757263652F7265736F757263652D646F63756D656E742D69647D26616D703B69645F6174747269627574653D7B666C6173682D6F626A6563742F66696C652D7265736F757263652F7265736F757263652D6174747269627574652D69647D22200D0A09090909090909747970653D226170706C69636174696F6E2F782D73686F636B776176652D666C617368220D0A0909090909090977696474683D227B666C6173682D77696474687D22200D0A090909090909096865696768743D227B666C6173682D6865696768747D220D0A09090909090909616C69676E3D227B666C6173682D616C69676E7D220D0A090909090909097175616C6974793D227B666C6173682D7175616C6974797D220D0A090909090909096C6F6F703D227B666C6173682D6C6F6F707D220D0A090909090909096D656E753D227B666C6173682D6D656E757D220D0A09090909090909616C6C6F775363726970744163636573733D2273616D65646F6D61696E220D0A09090909090909706C7567696E73706163653D22687474703A2F2F7777772E6D6163726F6D656469612E636F6D2F73686F636B776176652F646F776E6C6F61642F696E6465782E6367693F50315F50726F645F56657273696F6E3D53686F636B77617665466C617368223E0D0A0909090909093C2F454D4245443E0D0A09090909093C2F6F626A6563743E0D0A090909093C2F78736C3A7768656E3E0D0A0909093C2F78736C3A63686F6F73653E0D0A09093C2F703E0D0A09093C626C6F636B71756F74653E0D0A0909093C78736C3A76616C75652D6F662064697361626C652D6F75747075742D6573636170696E673D22796573222073656C6563743D22666C6173682D6372656469747322202F3E0D0A09093C2F626C6F636B71756F74653E0D0A093C2F78736C3A74656D706C6174653E0D0A090D0A3C2F78736C3A7374796C6573686565743E);
INSERT INTO core_stylesheet (id_stylesheet, description, file_name, source) VALUES (510,'Rubrique Liste de Documents - Défaut Download','portlet_document_list_download.xsl',0x3c3f786d6c2076657273696f6e3d22312e30223f3e0d0a3c78736c3a7374796c6573686565742076657273696f6e3d22312e302220786d6c6e733a78736c3d22687474703a2f2f7777772e77332e6f72672f313939392f58534c2f5472616e73666f726d223e0d0a0d0a3c78736c3a706172616d206e616d653d22736974652d70617468222073656c6563743d22736974652d7061746822202f3e0d0a3c78736c3a7661726961626c65206e616d653d22706f72746c65742d6964222073656c6563743d22706f72746c65742f706f72746c65742d696422202f3e0d0a0d0a3c78736c3a74656d706c617465206d617463683d22706f72746c6574223e0d0a093c64697620636c6173733d22706f72746c65742d6261636b67726f756e642d636f6c6f72656420617070656e642d626f74746f6d22203e0d0a20202020202020203c78736c3a696620746573743d226e6f7428737472696e6728646973706c61792d706f72746c65742d7469746c65293d27312729223e0d0a0909093c683320636c6173733d22706f72746c65742d6261636b67726f756e642d636f6c6f7265642d686561646572202d6c75746563652d626f726465722d7261646975732d746f70223e0d0a090909093c78736c3a76616c75652d6f662064697361626c652d6f75747075742d6573636170696e673d22796573222073656c6563743d22706f72746c65742d6e616d6522202f3e0d0a0909093c2f68333e0d0a20202020202020203c2f78736c3a69663e0d0a09093c64697620636c6173733d22706f72746c65742d6261636b67726f756e642d636f6e74656e74202d6c75746563652d626f726465722d7261646975732d626f74746f6d22203e0d0a090920202020203c756c3e0d0a20202020202020202009202020202020203c78736c3a6170706c792d74656d706c617465732073656c6563743d22646f63756d656e742d6c6973742d706f72746c65742f646f63756d656e7422202f3e0d0a202020202020202020202020203c2f756c3e20200d0a09093c2f6469763e0d0a093c2f6469763e0d0a3c2f78736c3a74656d706c6174653e0d0a0d0a0d0a3c78736c3a74656d706c617465206d617463683d22646f63756d656e74223e2020202020200d0a3c78736c3a696620746573743d226e6f7428737472696e6728646f63756d656e742d786d6c2d636f6e74656e74293d276e756c6c2729223e0d0a202020203c6c693e0d0a20202020202020203c6120687265663d22646f63756d656e743f69643d7b646f63756d656e742d69647d26616d703b69645f6174747269627574653d343822207461726765743d225f626c616e6b223e2020202020200d0a2020202020202020093c78736c3a666f722d656163682073656c6563743d2264657363656e64616e743a3a2a223e0d0a202020202020202020202020202020203c78736c3a6170706c792d74656d706c617465732073656c6563743d2266696c652d7265736f7572636522202f3e0d0a20202020202020202020203c2f78736c3a666f722d656163683e20200d0a20202020202020202020093c78736c3a666f722d656163682073656c6563743d2264657363656e64616e743a3a2a223e0d0a202020202020202020202020202020203c78736c3a76616c75652d6f662073656c6563743d22646f63756d656e742d7469746c6522202f3e0d0a20202020202020202020203c2f78736c3a666f722d656163683e20200d0a20202020202020203c2f613e0d0a09093c78736c3a696620746573743d2228737472696e67287265736f757263652d69732d766f7461626c65293d27312729223e0d0a0909093c6272202f3e0d0a2020202020202020093c78736c3a7661726961626c65206e616d653d227265736f757263652d73636f7265222073656c6563743d227265736f757263652d73636f726522202f3e0d0a0920202020202020203c696d67207372633d22696d616765732f6c6f63616c2f736b696e2f706c7567696e732f726174696e672f73746172735f7b247265736f757263652d73636f72657d2e706e672220616c743d2253636f726522207469746c653d2253636f726522202f3e0d0a20202020202020203c2f78736c3a69663e202020200d0a20202020202020203c78736c3a696620746573743d2228737472696e672869732d646f776e6c6f61642d73746174293d27312729223e0d0a0909093c6272202f3e0d0a090909236931386e7b726174696e672e7265736f757263655f766f74652e6c6162656c446f776e6c6f6164436f756e747d203a203c78736c3a76616c75652d6f662073656c6563743d227265736f757263652d646f776e6c6f61642d7374617422202f3e0d0a09093c2f78736c3a69663e0d0a09093c6272202f3e0d0a09202020203c78736c3a666f722d656163682073656c6563743d2264657363656e64616e743a3a2a223e0d0a2020202020202020093c78736c3a76616c75652d6f662073656c6563743d22646f63756d656e742d73756d6d61727922202f3e0d0a20202020202020203c2f78736c3a666f722d656163683e0d0a202020203c2f6c693e0d0a3c2f78736c3a69663e0d0a3c2f78736c3a74656d706c6174653e0d0a0d0a3c78736c3a74656d706c617465206d617463683d2266696c652d7265736f75726365223e0d0a093c78736c3a63686f6f73653e0d0a09093c78736c3a7768656e20746573743d22287265736f757263652d636f6e74656e742d747970653d27696d6167652f6a70656727206f72207265736f757263652d636f6e74656e742d747970653d27696d6167652f6a706727206f72207265736f757263652d636f6e74656e742d747970653d27696d6167652f706a70656727206f72207265736f757263652d636f6e74656e742d747970653d27696d6167652f67696627206f72207265736f757263652d636f6e74656e742d747970653d27696d6167652f706e67272922203e0d0a0909093c696d67207372633d22696d616765732f6c6f63616c2f736b696e2f706c7567696e732f646f63756d656e742f66696c6574797065732f696d6167652e706e672220626f726465723d22302220616c743d22222077696474683d22333222206865696768743d223332222f3e0d0a09093c2f78736c3a7768656e3e0d0a09093c78736c3a7768656e20746573743d22287265736f757263652d636f6e74656e742d747970653d276170706c69636174696f6e2f706466272922203e0d0a0909093c696d67207372633d22696d616765732f6c6f63616c2f736b696e2f706c7567696e732f646f63756d656e742f66696c6574797065732f7064662e706e672220626f726465723d22302220616c743d22222077696474683d22333222206865696768743d22333222202f3e0d0a09093c2f78736c3a7768656e3e0d0a09093c78736c3a7768656e20746573743d22287265736f757263652d636f6e74656e742d747970653d276170706c69636174696f6e2f6d73776f726427206f72207265736f757263652d636f6e74656e742d747970653d276170706c69636174696f6e2f766e642e6f617369732e6f70656e646f63756d656e742e74657874272922203e0d0a0909093c696d67207372633d22696d616765732f6c6f63616c2f736b696e2f706c7567696e732f646f63756d656e742f66696c6574797065732f746578742e706e672220626f726465723d22302220616c743d22222077696474683d22333222206865696768743d22333222202f3e0d0a09093c2f78736c3a7768656e3e0d0a09093c78736c3a7768656e20746573743d22287265736f757263652d636f6e74656e742d747970653d276170706c69636174696f6e2f657863656c27206f72207265736f757263652d636f6e74656e742d747970653d276170706c69636174696f6e2f766e642e6d732d657863656c27206f72207265736f757263652d636f6e74656e742d747970653d276170706c69636174696f6e2f766e642e6f617369732e6f70656e646f63756d656e742e7370726561647368656574272922203e0d0a0909093c696d67207372633d22696d616765732f6c6f63616c2f736b696e2f706c7567696e732f646f63756d656e742f66696c6574797065732f73707265616473686565742e706e672220626f726465723d22302220616c743d22222077696474683d22333222206865696768743d22333222202f3e0d0a09093c2f78736c3a7768656e3e0d0a09093c78736c3a6f74686572776973653e0d0a09092020203c696d67207372633d22696d616765732f6c6f63616c2f736b696e2f706c7567696e732f646f63756d656e742f66696c6574797065732f66696c652e706e672220626f726465723d22302220616c743d22222077696474683d22333222206865696768743d223332222f3e0d0a09093c2f78736c3a6f74686572776973653e20202020202020200d0a093c2f78736c3a63686f6f73653e0d0a3c2f78736c3a74656d706c6174653e20202020202020202020202020200d0a0d0a0d0a3c2f78736c3a7374796c6573686565743e0d0a0d0a);

--
-- Dumping data for table core_user_right
--
INSERT INTO core_user_right (id_right,id_user) VALUES ('DOCUMENT_MANAGEMENT',2);
INSERT INTO core_user_right (id_right,id_user) VALUES ('DOCUMENT_MANAGEMENT',3);
INSERT INTO core_user_right (id_right,id_user) VALUES ('DOCUMENT_MANAGEMENT',4);
INSERT INTO core_user_right (id_right,id_user) VALUES ('DOCUMENT_RULES_MANAGEMENT',1);
INSERT INTO core_user_right (id_right,id_user) VALUES ('DOCUMENT_RULES_MANAGEMENT',2);
INSERT INTO core_user_right (id_right,id_user) VALUES ('DOCUMENT_TYPES_MANAGEMENT',1);
INSERT INTO core_user_right (id_right,id_user) VALUES ('DOCUMENT_CATEGORY_MANAGEMENT',1);

--
-- Dumping data for table core_user_role
--
INSERT INTO core_user_role (role_key,id_user) VALUES ('content_contributor',1);
INSERT INTO core_user_role (role_key,id_user) VALUES ('content_contributor',2);
INSERT INTO core_user_role (role_key,id_user) VALUES ('content_contributor',3);
INSERT INTO core_user_role (role_key,id_user) VALUES ('content_publisher',1);
INSERT INTO core_user_role (role_key,id_user) VALUES ('content_publisher',2);
INSERT INTO core_user_role (role_key,id_user) VALUES ('content_validator',1);
INSERT INTO core_user_role (role_key,id_user) VALUES ('content_validator',2);
INSERT INTO core_user_role (role_key,id_user) VALUES ('content_validator',4);
INSERT INTO core_user_role (role_key,id_user) VALUES ('manage_spaces',1);
INSERT INTO core_user_role (role_key,id_user) VALUES ('manage_spaces',2);
INSERT INTO core_user_role (role_key,id_user) VALUES ('manage_spaces',5);
INSERT INTO core_user_role (role_key,id_user) VALUES ('view_space_validation',4);
INSERT INTO core_user_role (role_key,id_user) VALUES ('view_space_work',3);
INSERT INTO core_user_role (role_key,id_user) VALUES ('view_spaces_all',1);
INSERT INTO core_user_role (role_key,id_user) VALUES ('view_spaces_all',2);

--
-- Init  table core_dashboard
--
INSERT INTO core_dashboard(dashboard_name, dashboard_column, dashboard_order) VALUES('DOCUMENT', 3, 1);
