--
-- Dumping data for table document_attr_type
--
INSERT INTO document_attr_type (code_attr_type,name_key,description_key,manager_class) VALUES 
('file','document.attributeType.file.name','document.attributeType.file.description','fr.paris.lutece.plugins.document.service.attributes.FileManager');
INSERT INTO document_attr_type (code_attr_type,name_key,description_key,manager_class) VALUES 
('image','document.attributeType.image.name','document.attributeType.image.description','fr.paris.lutece.plugins.document.service.attributes.ImageFileManager');
INSERT INTO document_attr_type (code_attr_type,name_key,description_key,manager_class) VALUES 
('listbox','document.attributeType.listbox.name','document.attributeType.listbox.description','fr.paris.lutece.plugins.document.service.attributes.ListBoxManager');
INSERT INTO document_attr_type (code_attr_type,name_key,description_key,manager_class) VALUES 
('multiline','document.attributeType.multiline.name','document.attributeType.multiline.description','fr.paris.lutece.plugins.document.service.attributes.MultilineManager');
INSERT INTO document_attr_type (code_attr_type,name_key,description_key,manager_class) VALUES 
('richtext','document.attributeType.richtext.name','document.attributeType.richtext.description','fr.paris.lutece.plugins.document.service.attributes.RichTextManager');
INSERT INTO document_attr_type (code_attr_type,name_key,description_key,manager_class) VALUES 
('text','document.attributeType.text.name','document.attributeType.text.description','fr.paris.lutece.plugins.document.service.attributes.TextManager');
INSERT INTO document_attr_type (code_attr_type,name_key,description_key,manager_class) VALUES 
('url','document.attributeType.url.name','document.attributeType.url.description','fr.paris.lutece.plugins.document.service.attributes.UrlManager');
INSERT INTO document_attr_type (code_attr_type,name_key,description_key,manager_class) VALUES 
('date','document.attributeType.date.name','document.attributeType.date.description','fr.paris.lutece.plugins.document.service.attributes.DateManager');
INSERT INTO document_attr_type (code_attr_type,name_key,description_key,manager_class) VALUES 
('numerictext','document.attributeType.numerictext.name','document.attributeType.numerictext.description','fr.paris.lutece.plugins.document.service.attributes.NumerictextManager');
INSERT INTO document_attr_type (code_attr_type,name_key,description_key,manager_class) VALUES 
('internallink','document.attributeType.internallink.name','document.attributeType.internallink.description','fr.paris.lutece.plugins.document.service.attributes.InternalLinkManager');

--
-- Dumping data for table document_attr_type_parameter
--
INSERT INTO document_attr_type_parameter (code_attr_type,parameter_name,parameter_label_key,parameter_index,parameter_description_key,parameter_default_value) VALUES 
('text','size','document.attributeType.text.parameter.size.label',1,'document.attributeType.text.parameter.size.description','50');
INSERT INTO document_attr_type_parameter (code_attr_type,parameter_name,parameter_label_key,parameter_index,parameter_description_key,parameter_default_value) VALUES 
('text','maxlength','document.attributeType.text.parameter.maxlength.label',2,'document.attributeType.text.parameter.maxlength.description','60');
INSERT INTO document_attr_type_parameter (code_attr_type,parameter_name,parameter_label_key,parameter_index,parameter_description_key,parameter_default_value) VALUES 
('listbox','items','document.attributeType.listbox.parameter.items.label',2,'document.attributeType.listbox.parameter.items.description','');
INSERT INTO document_attr_type_parameter (code_attr_type,parameter_name,parameter_label_key,parameter_index,parameter_description_key,parameter_default_value) VALUES 
('listbox','value','document.attributeType.listbox.parameter.defaultvalue.label',1,'document.attributeType.listbox.parameter.defaultvalue.description','');
INSERT INTO document_attr_type_parameter (code_attr_type,parameter_name,parameter_label_key,parameter_index,parameter_description_key,parameter_default_value) VALUES 
('numerictext','size','document.attributeType.numerictext.parameter.size.label',1,'document.attributeType.numerictext.parameter.size.description','5');
INSERT INTO document_attr_type_parameter (code_attr_type,parameter_name,parameter_label_key,parameter_index,parameter_description_key,parameter_default_value) VALUES 
('numerictext','maxlength','document.attributeType.numerictext.parameter.maxlength.label',2,'document.attributeType.numerictext.parameter.maxlength.description','5');
INSERT INTO document_attr_type_parameter (code_attr_type,parameter_name,parameter_label_key,parameter_index,parameter_description_key,parameter_default_value) VALUES 
('date','defaultvalue','document.attributeType.date.parameter.defaultvalue.label',1,'document.attributeType.date.parameter.defaultvalue.description','');
INSERT INTO document_attr_type_parameter (code_attr_type,parameter_name,parameter_label_key,parameter_index,parameter_description_key,parameter_default_value) VALUES 
('date','currentdate','document.attributeType.date.parameter.currentdate.label',2,'document.attributeType.date.parameter.currentdate.description','');

--
-- Dumping data for table document_page_template
--
INSERT INTO document_page_template (id_page_template_document,page_template_path,picture_path,description) VALUES 
(0,'/skin/plugins/document/document_content_service.html','images/admin/skin/plugins/document/page_templates/page_template_document0.png','Défaut');
INSERT INTO document_page_template (id_page_template_document,page_template_path,picture_path,description) VALUES 
(1,'/skin/plugins/document/page_templates/page_template_document1.html','images/admin/skin/plugins/document/page_templates/page_template_document1.png','Pleine page');
INSERT INTO document_page_template (id_page_template_document,page_template_path,picture_path,description) VALUES 
(2,'/skin/plugins/document/page_templates/page_template_document2.html','images/admin/skin/plugins/document/page_templates/page_template_document2.png','Rubrique en-dessous');

--
-- Dumping data for table document_rule
--
INSERT INTO document_rule (id_rule,rule_type) VALUES (3,'moveSpace');
INSERT INTO document_rule (id_rule,rule_type) VALUES (2,'moveSpace');
INSERT INTO document_rule (id_rule,rule_type) VALUES (1,'moveSpace');
INSERT INTO document_rule (id_rule,rule_type) VALUES (4,'moveSpace');
INSERT INTO document_rule (id_rule,rule_type) VALUES (6,'moveSpace');

--
-- Dumping data for table document_rule_attr
--
INSERT INTO document_rule_attr (id_rule,attr_name,attr_value) VALUES (3,'id_state','4');
INSERT INTO document_rule_attr (id_rule,attr_name,attr_value) VALUES (2,'id_state','3');
INSERT INTO document_rule_attr (id_rule,attr_name,attr_value) VALUES (3,'id_space_source','3');
INSERT INTO document_rule_attr (id_rule,attr_name,attr_value) VALUES (3,'id_space_destination','2');
INSERT INTO document_rule_attr (id_rule,attr_name,attr_value) VALUES (1,'id_space_destination','3');
INSERT INTO document_rule_attr (id_rule,attr_name,attr_value) VALUES (1,'id_state','2');
INSERT INTO document_rule_attr (id_rule,attr_name,attr_value) VALUES (2,'id_space_source','3');
INSERT INTO document_rule_attr (id_rule,attr_name,attr_value) VALUES (2,'id_space_destination','4');
INSERT INTO document_rule_attr (id_rule,attr_name,attr_value) VALUES (1,'id_space_source','2');
INSERT INTO document_rule_attr (id_rule,attr_name,attr_value) VALUES (4,'id_space_source','4');
INSERT INTO document_rule_attr (id_rule,attr_name,attr_value) VALUES (4,'id_space_destination','15');
INSERT INTO document_rule_attr (id_rule,attr_name,attr_value) VALUES (4,'id_state','5');
INSERT INTO document_rule_attr (id_rule,attr_name,attr_value) VALUES (6,'id_space_source','15');
INSERT INTO document_rule_attr (id_rule,attr_name,attr_value) VALUES (6,'id_space_destination','4');
INSERT INTO document_rule_attr (id_rule,attr_name,attr_value) VALUES (6,'id_state','3');

--
-- Dumping data for table document_space
--
INSERT INTO document_space (id_space,id_parent,document_space_name,description,document_space_view,id_space_icon,space_order,document_creation_allowed) VALUES 
(0,-1,'Racine des contenus','Racine des contenus','detail',1,0,NULL);
INSERT INTO document_space (id_space,id_parent,document_space_name,description,document_space_view,id_space_icon,space_order,document_creation_allowed) VALUES 
(2,1,'Espace de travail','Espace de travail','detail',10,0,1);
INSERT INTO document_space (id_space,id_parent,document_space_name,description,document_space_view,id_space_icon,space_order,document_creation_allowed) VALUES 
(3,1,'Espace de validation','Espace de validation','detail',11,1,0);
INSERT INTO document_space (id_space,id_parent,document_space_name,description,document_space_view,id_space_icon,space_order,document_creation_allowed) VALUES 
(4,1,'Espace de publication','Espace de publication','detail',12,2,0);
INSERT INTO document_space (id_space,id_parent,document_space_name,description,document_space_view,id_space_icon,space_order,document_creation_allowed) VALUES 
(6,5,'Images','Images','thumbnail',2,0,1);
INSERT INTO document_space (id_space,id_parent,document_space_name,description,document_space_view,id_space_icon,space_order,document_creation_allowed) VALUES 
(5,0,'Bibliotheque multimedia','Bibliotheque multimedia','detail',1,1,NULL);
INSERT INTO document_space (id_space,id_parent,document_space_name,description,document_space_view,id_space_icon,space_order,document_creation_allowed) VALUES 
(1,0,'Contenu Editorial','Contenu Editorial','detail',1,0,NULL);
INSERT INTO document_space (id_space,id_parent,document_space_name,description,document_space_view,id_space_icon,space_order,document_creation_allowed) VALUES 
(7,0,'Fichiers en telechargement','Fichiers en telechargement','detail',1,2,NULL);
INSERT INTO document_space (id_space,id_parent,document_space_name,description,document_space_view,id_space_icon,space_order,document_creation_allowed) VALUES 
(8,7,'Fichiers PDF','Fichiers PDF','detail',4,0,1);
INSERT INTO document_space (id_space,id_parent,document_space_name,description,document_space_view,id_space_icon,space_order,document_creation_allowed) VALUES 
(15,1,'Archives','Archives','detail',9,4,0);
INSERT INTO document_space (id_space,id_parent,document_space_name,description,document_space_view,id_space_icon,space_order,document_creation_allowed) VALUES 
(14,0,'Acteurs locaux','Contient les fiches acteurs locaux','detail',5,3,1);
INSERT INTO document_space (id_space,id_parent,document_space_name,description,document_space_view,id_space_icon,space_order,document_creation_allowed) VALUES 
(16,5,'Fichiers son','Fichiers son','detail',8,1,1);
INSERT INTO document_space (id_space,id_parent,document_space_name,description,document_space_view,id_space_icon,space_order,document_creation_allowed) VALUES 
(17,5,'Video','Video','detail',7,2,1);
INSERT INTO document_space (id_space,id_parent,document_space_name,description,document_space_view,id_space_icon,space_order,document_creation_allowed) VALUES 
(18,5,'Icones et pictos','Icones et pictos','detail',2,NULL,1);
INSERT INTO document_space (id_space,id_parent,document_space_name,description,document_space_view,id_space_icon,space_order,document_creation_allowed) VALUES 
(19,5,'Bannières','banner','detail',2,NULL,1);
INSERT INTO document_space (id_space,id_parent,document_space_name,description,document_space_view,id_space_icon,space_order,document_creation_allowed) VALUES 
(20,5,'Flash','Objets Flash','detail',6,NULL,1);

--
-- Dumping data for table document_space_action
--
--
-- Table document_space_action
--
INSERT INTO document_space_action (id_action, name_key, description_key, action_url, icon_url, action_permission) VALUES (1,'document.spaces.action.createSpace.name','document.spaces.action.createSpace.description','jsp/admin/plugins/document/CreateSpace.jsp','icon-plus-sign','CREATE');
INSERT INTO document_space_action (id_action, name_key, description_key, action_url, icon_url, action_permission) VALUES (2,'document.spaces.action.deleteSpace.name','document.spaces.action.deleteSpace.description','jsp/admin/plugins/document/DeleteSpace.jsp','icon-trash','DELETE');
INSERT INTO document_space_action (id_action, name_key, description_key, action_url, icon_url, action_permission) VALUES (3,'document.spaces.action.modifySpace.name','document.spaces.action.modifySpace.description','jsp/admin/plugins/document/ModifySpace.jsp','icon-pencil','MODIFY');
INSERT INTO document_space_action (id_action, name_key, description_key, action_url, icon_url, action_permission) VALUES (4,'document.spaces.action.manageUsers.name','document.spaces.action.manageUsers.description','jsp/admin/plugins/document/ManageSpaceUsers.jsp','icon-user','USERS');
INSERT INTO document_space_action (id_action, name_key, description_key, action_url, icon_url, action_permission) VALUES (5,'document.spaces.action.moveSpace.name','document.spaces.action.moveSpace.description','jsp/admin/plugins/document/MoveSpace.jsp','icon-move','MOVE');
--
-- Dumping data for table document_space_document_type
--
INSERT INTO document_space_document_type (id_space,code_document_type) VALUES (2,'article');
INSERT INTO document_space_document_type (id_space,code_document_type) VALUES (2,'dvd');
INSERT INTO document_space_document_type (id_space,code_document_type) VALUES (2,'shortarticle');
INSERT INTO document_space_document_type (id_space,code_document_type) VALUES (3,'article');
INSERT INTO document_space_document_type (id_space,code_document_type) VALUES (3,'dvd');
INSERT INTO document_space_document_type (id_space,code_document_type) VALUES (3,'shortarticle');
INSERT INTO document_space_document_type (id_space,code_document_type) VALUES (4,'article');
INSERT INTO document_space_document_type (id_space,code_document_type) VALUES (4,'dvd');
INSERT INTO document_space_document_type (id_space,code_document_type) VALUES (4,'shortarticle');
INSERT INTO document_space_document_type (id_space,code_document_type) VALUES (6,'image');
INSERT INTO document_space_document_type (id_space,code_document_type) VALUES (8,'pdf');
INSERT INTO document_space_document_type (id_space,code_document_type) VALUES (14,'actor');
INSERT INTO document_space_document_type (id_space,code_document_type) VALUES (15,'article');
INSERT INTO document_space_document_type (id_space,code_document_type) VALUES (15,'dvd');
INSERT INTO document_space_document_type (id_space,code_document_type) VALUES (15,'shortarticle');
INSERT INTO document_space_document_type (id_space,code_document_type) VALUES (16,'sound');
INSERT INTO document_space_document_type (id_space,code_document_type) VALUES (17,'video');
INSERT INTO document_space_document_type (id_space,code_document_type) VALUES (18,'image');
INSERT INTO document_space_document_type (id_space,code_document_type) VALUES (19,'banner');
INSERT INTO document_space_document_type (id_space,code_document_type) VALUES (20,'flash');

--
-- Dumping data for table document_space_icon
--
INSERT INTO document_space_icon (id_space_icon,icon_url) VALUES (1,'images/admin/skin/plugins/document/spaces/space.png');
INSERT INTO document_space_icon (id_space_icon,icon_url) VALUES (2,'images/admin/skin/plugins/document/spaces/space_images.png');
INSERT INTO document_space_icon (id_space_icon,icon_url) VALUES (3,'images/admin/skin/plugins/document/spaces/space_download.png');
INSERT INTO document_space_icon (id_space_icon,icon_url) VALUES (4,'images/admin/skin/plugins/document/spaces/space_pdf.png');
INSERT INTO document_space_icon (id_space_icon,icon_url) VALUES (5,'images/admin/skin/plugins/document/spaces/space_users.png');
INSERT INTO document_space_icon (id_space_icon,icon_url) VALUES (6,'images/admin/skin/plugins/document/spaces/space_multimedia.png');
INSERT INTO document_space_icon (id_space_icon,icon_url) VALUES (7,'images/admin/skin/plugins/document/spaces/space_video.png');
INSERT INTO document_space_icon (id_space_icon,icon_url) VALUES (8,'images/admin/skin/plugins/document/spaces/space_sound.png');
INSERT INTO document_space_icon (id_space_icon,icon_url) VALUES (9,'images/admin/skin/plugins/document/spaces/space_archive.png');
INSERT INTO document_space_icon (id_space_icon,icon_url) VALUES (10,'images/admin/skin/plugins/document/spaces/space_working.png');
INSERT INTO document_space_icon (id_space_icon,icon_url) VALUES (11,'images/admin/skin/plugins/document/spaces/space_validation.png');
INSERT INTO document_space_icon (id_space_icon,icon_url) VALUES (12,'images/admin/skin/plugins/document/spaces/space_published.png');

--
-- Dumping data for table document_type
--
INSERT INTO document_type (code_document_type,document_type_name,description,thumbnail_attr_id,default_thumbnail_url,admin_xsl,content_service_xsl,metadata_handler) VALUES 
('actor','Fiche acteur','Fiche acteur local',41,'',NULL,0x3C3F786D6C2076657273696F6E3D22312E30223F3E0D0A0D0A3C78736C3A7374796C6573686565742076657273696F6E3D22312E302220786D6C6E733A78736C3D22687474703A2F2F7777772E77332E6F72672F313939392F58534C2F5472616E73666F726D223E0D0A0D0A093C78736C3A706172616D206E616D653D227075626C69636174696F6E2D64617465222073656C6563743D227075626C69636174696F6E2D6461746522202F3E0D0A093C212D2D0D0A09486F7720746F20646973706C617920746865207075626C69636174696F6E2064617465203A0D0A093C78736C3A76616C75652D6F662073656C6563743D22247075626C69636174696F6E2D6461746522202F3E0D0A092D2D3E0D0A090D0A202020203C78736C3A6F7574707574206D6574686F643D2268746D6C2220696E64656E743D22796573222F3E0D0A0D0A20202020203C78736C3A74656D706C617465206D617463683D226163746F72223E0D0A20202020202020203C703E0D0A2020202020202020202020203C78736C3A63686F6F73653E0D0A202020202020202020202020202020203C78736C3A7768656E20746573743D226163746F722D70686F746F2F66696C652D7265736F75726365213D2727223E0D0A202020202020202020202020202020202020202020203C696D67207372633D22646F63756D656E743F69643D7B6163746F722D70686F746F2F66696C652D7265736F757263652F7265736F757263652D646F63756D656E742D69647D26616D703B69645F6174747269627574653D7B6163746F722D70686F746F2F66696C652D7265736F757263652F7265736F757263652D6174747269627574652D69647D2220616C69676E3D226C656674222076616C69676E3D226D6964646C6522206873706163653D22323022202F3E0D0A202020202020202020202020202020203C2F78736C3A7768656E3E0D0A202020202020202020202020202020203C78736C3A6F74686572776973653E2020202020202020202020202020200D0A2020202020202020202020202020203C2F78736C3A6F74686572776973653E20202020202020200D0A2020202020202020202020203C2F78736C3A63686F6F73653E0D0A202020202020202020202020203C7374726F6E673E203C78736C3A76616C75652D6F662073656C6563743D226163746F722D66697273746E616D6522202F3E2026233136303B203C78736C3A76616C75652D6F662073656C6563743D226163746F722D6C6173746E616D6522202F3E3C2F7374726F6E673E0D0A20202020202020203C2F703E0D0A20202020202020203C703E0D0A2020202020202020202020202020202020466F6E6374696F6E203A203C78736C3A76616C75652D6F662073656C6563743D226163746F722D66756E6374696F6E22202F3E0D0A20202020202020203C2F703E0D0A20202020202020203C6272202F3E0D0A20202020202020203C6272202F3E0D0A20202020202020203C6272202F3E0D0A20202020202020203C6272202F3E0D0A20202020203C2F78736C3A74656D706C6174653E0D0A0D0A200D0A2020203C78736C3A74656D706C617465206D617463683D2266696C652D7265736F75726365223E0D0A20202020202020203C78736C3A63686F6F73653E0D0A2020202020202020202020203C78736C3A7768656E20746573743D22287265736F757263652D636F6E74656E742D747970653D27696D6167652F6A70656727206F72207265736F757263652D636F6E74656E742D747970653D27696D6167652F6A706727206F7220207265736F757263652D636F6E74656E742D747970653D27696D6167652F706A70656727206F72207265736F757263652D636F6E74656E742D747970653D27696D6167652F67696627206F72207265736F757263652D636F6E74656E742D747970653D27696D6167652F706E67272922203E0D0A202020202020202020202020202020203C696D67207372633D22646F63756D656E743F69643D7B7265736F757263652D646F63756D656E742D69647D26616D703B69645F6174747269627574653D7B7265736F757263652D6174747269627574652D69647D2220616C69676E3D22726967687422202F3E0D0A2020202020202020202020203C2F78736C3A7768656E3E0D0A2020202020202020202020203C78736C3A6F74686572776973653E0D0A202020202020202020202020202020203C6120687265663D22646F63756D656E743F69643D7B7265736F757263652D646F63756D656E742D69647D26616D703B69645F6174747269627574653D7B7265736F757263652D6174747269627574652D69647D223E200D0A20202020202020202020202020202020202020203C696D67207372633D22696D616765732F61646D696E2F736B696E2F706C7567696E732F646F63756D656E742F66696C6574797065732F66696C652E706E672220626F726465723D223022202F3E0D0A202020202020202020202020202020203C2F613E0D0A2020202020202020202020203C2F78736C3A6F74686572776973653E20202020202020200D0A20202020202020203C2F78736C3A63686F6F73653E0D0A202020203C2F78736C3A74656D706C6174653E0D0A3C2F78736C3A7374796C6573686565743E0D0A0D0A200D0A0D0A,'dublincore');
INSERT INTO document_type (code_document_type,document_type_name,description,thumbnail_attr_id,default_thumbnail_url,admin_xsl,content_service_xsl,metadata_handler) VALUES 
('article','Article','Article',0,'',0x3C3F786D6C2076657273696F6E3D22312E30223F3E0D0A0D0A3C78736C3A7374796C6573686565742076657273696F6E3D22312E302220786D6C6E733A78736C3D22687474703A2F2F7777772E77332E6F72672F313939392F58534C2F5472616E73666F726D223E0D0A0D0A200D0A0D0A202020203C78736C3A6F7574707574206D6574686F643D2268746D6C2220696E64656E743D22796573222F3E0D0A0D0A20202020203C78736C3A74656D706C617465206D617463683D2261727469636C65223E0D0A20202020202020203C703E0D0A2020202020202020202020203C7374726F6E673E236931386E7B646F63756D656E742E646F63756D656E745F61646D696E5F64656661756C745F78736C2E6C6162656C5469746C657D203A20203C2F7374726F6E673E0D0A2020202020202020202020203C78736C3A76616C75652D6F662073656C6563743D22646F63756D656E742D7469746C6522202F3E0D0A20202020202020203C2F703E0D0A20202020202020203C703E0D0A2020202020202020202020203C7374726F6E673E236931386E7B646F63756D656E742E646F63756D656E745F61646D696E5F64656661756C745F78736C2E6C6162656C53756D6D6172797D203A20203C2F7374726F6E673E0D0A2020202020202020202020203C78736C3A76616C75652D6F662073656C6563743D22646F63756D656E742D73756D6D61727922202F3E0D0A20202020202020203C2F703E0D0A20202020202020203C703E0D0A2020202020202020202020203C7374726F6E673E46696368696572203A203C2F7374726F6E673E200D0A2020202020202020203C2F703E0D0A2020202020202020203C703E2020200D0A2020202020202020202020203C78736C3A63686F6F73653E0D0A202020202020202020202020202020203C78736C3A7768656E20746573743D2261727469636C652D6174746163686D656E742F66696C652D7265736F75726365213D2727223E0D0A20202020202020202020202020202020202020202020203C78736C3A6170706C792D74656D706C617465732073656C6563743D2261727469636C652D6174746163686D656E742F66696C652D7265736F7572636522202F3E0D0A202020202020202020202020202020203C2F78736C3A7768656E3E0D0A202020202020202020202020202020203C78736C3A6F74686572776973653E2020202020202020202020202020200D0A2020202020202020202020202020203C2F78736C3A6F74686572776973653E20202020202020200D0A2020202020202020202020203C2F78736C3A63686F6F73653E0D0A20202020202020203C2F703E20202020202020200D0A092020202020203C703E0D0A20202020202020202020202020203C78736C3A76616C75652D6F662064697361626C652D6F75747075742D6573636170696E673D22796573222073656C6563743D2261727469636C652D626F647922202F3E200D0A0920202020203C2F703E090D0A20202020202020203C6272202F3E0D0A20202020202020203C6272202F3E0D0A20202020202020203C6272202F3E0D0A20202020202020203C6272202F3E0D0A20202020203C2F78736C3A74656D706C6174653E0D0A0D0A200D0A2020203C78736C3A74656D706C617465206D617463683D2266696C652D7265736F75726365223E0D0A20202020202020203C78736C3A63686F6F73653E0D0A2020202020202020202020203C78736C3A7768656E20746573743D22287265736F757263652D636F6E74656E742D747970653D27696D6167652F6A70656727206F72207265736F757263652D636F6E74656E742D747970653D27696D6167652F6A706727206F7220207265736F757263652D636F6E74656E742D747970653D27696D6167652F706A70656727206F72207265736F757263652D636F6E74656E742D747970653D27696D6167652F67696627206F72207265736F757263652D636F6E74656E742D747970653D27696D6167652F706E67272922203E0D0A202020202020202020202020202020203C696D67207372633D22646F63756D656E743F69643D7B7265736F757263652D646F63756D656E742D69647D26616D703B69645F6174747269627574653D7B7265736F757263652D6174747269627574652D69647D2220616C69676E3D22726967687422202F3E0D0A2020202020202020202020203C2F78736C3A7768656E3E2020202020202020202020202020202020202020202020202020202020202020202020202020202020202020202020202020202020202020202020202020202020202020202020202020200D0A2020202020202020202020203C78736C3A6F74686572776973653E0D0A202020202020202020202020202020203C6120687265663D22646F63756D656E743F69643D7B7265736F757263652D646F63756D656E742D69647D26616D703B69645F6174747269627574653D7B7265736F757263652D6174747269627574652D69647D223E200D0A20202020202020202020202020202020202020203C696D67207372633D22696D616765732F61646D696E2F736B696E2F706C7567696E732F646F63756D656E742F66696C6574797065732F66696C652E706E672220626F726465723D223022202F3E0D0A202020202020202020202020202020203C2F613E0D0A2020202020202020202020203C2F78736C3A6F74686572776973653E20202020202020200D0A20202020202020203C2F78736C3A63686F6F73653E0D0A202020203C2F78736C3A74656D706C6174653E0D0A3C2F78736C3A7374796C6573686565743E0D0A,0x3C3F786D6C2076657273696F6E3D22312E30223F3E0D0A0D0A3C78736C3A7374796C6573686565742076657273696F6E3D22312E302220786D6C6E733A78736C3D22687474703A2F2F7777772E77332E6F72672F313939392F58534C2F5472616E73666F726D223E0D0A0D0A093C78736C3A706172616D206E616D653D227075626C69636174696F6E2D64617465222073656C6563743D227075626C69636174696F6E2D6461746522202F3E0D0A093C212D2D0D0A09486F7720746F20646973706C617920746865207075626C69636174696F6E2064617465203A0D0A093C78736C3A76616C75652D6F662073656C6563743D22247075626C69636174696F6E2D6461746522202F3E0D0A092D2D3E0D0A090D0A202020203C78736C3A6F7574707574206D6574686F643D2268746D6C2220696E64656E743D22796573222F3E0D0A0D0A20202020203C78736C3A74656D706C617465206D617463683D2261727469636C65223E0D0A20202020202020203C703E0D0A2020202020202020202020203C7374726F6E673E3C78736C3A76616C75652D6F662073656C6563743D22646F63756D656E742D7469746C6522202F3E3C2F7374726F6E673E0D0A20202020202020203C2F703E0D0A20202020202020203C703E0D0A2020202020202020202020203C78736C3A63686F6F73653E0D0A202020202020202020202020202020203C78736C3A7768656E20746573743D2261727469636C652D6174746163686D656E742F66696C652D7265736F75726365213D2727223E0D0A20202020202020202020202020202020202020202020203C78736C3A6170706C792D74656D706C617465732073656C6563743D2261727469636C652D6174746163686D656E742F66696C652D7265736F7572636522202F3E0D0A202020202020202020202020202020203C2F78736C3A7768656E3E0D0A202020202020202020202020202020203C78736C3A6F74686572776973653E2020202020202020202020202020200D0A2020202020202020202020202020203C2F78736C3A6F74686572776973653E20202020202020200D0A2020202020202020202020203C2F78736C3A63686F6F73653E0D0A20202020202020203C2F703E202020200D0A0920203C703E0D0A20202020202020202020202020203C78736C3A76616C75652D6F662064697361626C652D6F75747075742D6573636170696E673D22796573222073656C6563743D2261727469636C652D626F647922202F3E200D0A0920203C2F703E090D0A20202020202020203C6272202F3E0D0A20202020202020203C6272202F3E0D0A20202020202020203C6272202F3E0D0A20202020202020203C6272202F3E0D0A20202020203C2F78736C3A74656D706C6174653E0D0A0D0A200D0A2020203C78736C3A74656D706C617465206D617463683D2266696C652D7265736F75726365223E0D0A20202020202020203C78736C3A63686F6F73653E0D0A2020202020202020202020203C78736C3A7768656E20746573743D22287265736F757263652D636F6E74656E742D747970653D27696D6167652F6A70656727206F72207265736F757263652D636F6E74656E742D747970653D27696D6167652F6A706727206F7220207265736F757263652D636F6E74656E742D747970653D27696D6167652F706A70656727206F72207265736F757263652D636F6E74656E742D747970653D27696D6167652F67696627206F72207265736F757263652D636F6E74656E742D747970653D27696D6167652F706E67272922203E0D0A202020202020202020202020202020203C696D67207372633D22646F63756D656E743F69643D7B7265736F757263652D646F63756D656E742D69647D26616D703B69645F6174747269627574653D7B7265736F757263652D6174747269627574652D69647D2220616C69676E3D22726967687422202F3E0D0A2020202020202020202020203C2F78736C3A7768656E3E0D0A2020202020202020202020203C78736C3A6F74686572776973653E0D0A202020202020202020202020202020203C6120687265663D22646F63756D656E743F69643D7B7265736F757263652D646F63756D656E742D69647D26616D703B69645F6174747269627574653D7B7265736F757263652D6174747269627574652D69647D223E200D0A20202020202020202020202020202020202020203C696D67207372633D22696D616765732F61646D696E2F736B696E2F706C7567696E732F646F63756D656E742F66696C6574797065732F66696C652E706E672220626F726465723D223022202F3E0D0A202020202020202020202020202020203C2F613E0D0A2020202020202020202020203C2F78736C3A6F74686572776973653E20202020202020200D0A20202020202020203C2F78736C3A63686F6F73653E0D0A202020203C2F78736C3A74656D706C6174653E0D0A3C2F78736C3A7374796C6573686565743E,'dublincore');
INSERT INTO document_type (code_document_type,document_type_name,description,thumbnail_attr_id,default_thumbnail_url,admin_xsl,content_service_xsl,metadata_handler) VALUES 
('shortarticle','Brèves','Brèves',0,'',NULL,NULL,'none');
INSERT INTO document_type (code_document_type,document_type_name,description,thumbnail_attr_id,default_thumbnail_url,admin_xsl,content_service_xsl,metadata_handler) VALUES 
('image','Image','Image',43,'',NULL,0x3C3F786D6C2076657273696F6E3D22312E30223F3E0D0A0D0A3C78736C3A7374796C6573686565742076657273696F6E3D22312E302220786D6C6E733A78736C3D22687474703A2F2F7777772E77332E6F72672F313939392F58534C2F5472616E73666F726D223E0D0A0D0A093C78736C3A706172616D206E616D653D227075626C69636174696F6E2D64617465222073656C6563743D227075626C69636174696F6E2D6461746522202F3E0D0A093C212D2D0D0A09486F7720746F20646973706C617920746865207075626C69636174696F6E2064617465203A0D0A093C78736C3A76616C75652D6F662073656C6563743D22247075626C69636174696F6E2D6461746522202F3E0D0A092D2D3E0D0A0D0A202020203C78736C3A6F7574707574206D6574686F643D2268746D6C2220696E64656E743D22796573222F3E0D0A0D0A20202020203C78736C3A74656D706C617465206D617463683D22696D616765223E0D0A093C703E0D0A09202020203C7374726F6E673E203C78736C3A76616C75652D6F662073656C6563743D22646F63756D656E742D7469746C6522202F3E3C2F7374726F6E673E0D0A093C2F703E0D0A0D0A2020202020202020202020203C78736C3A63686F6F73653E0D0A202020202020202020202020202020203C78736C3A7768656E20746573743D22696D6167652D66696C652F66696C652D7265736F75726365213D2727223E0D0A20202020202020202020202020202020202020202020202020202020203C696D67207372633D22646F63756D656E743F69643D7B696D6167652D66696C652F66696C652D7265736F757263652F7265736F757263652D646F63756D656E742D69647D26616D703B69645F6174747269627574653D7B696D6167652D66696C652F66696C652D7265736F757263652F7265736F757263652D6174747269627574652D69647D2220202F3E0D0A202020202020202020202020202020203C2F78736C3A7768656E3E0D0A202020202020202020202020202020203C78736C3A6F74686572776973653E2020202020202020202020202020200D0A2020202020202020202020202020203C2F78736C3A6F74686572776973653E20202020202020200D0A2020202020202020202020203C2F78736C3A63686F6F73653E0D0A093C703E0D0A202020202020093C78736C3A76616C75652D6F662073656C6563743D22646F63756D656E742D73756D6D61727922202F3E0D0A093C2F703E0D0A0920203C703E0D0A20202020202020202020202020203C78736C3A76616C75652D6F662064697361626C652D6F75747075742D6573636170696E673D22796573222073656C6563743D22696D6167652D6372656469747322202F3E200D0A093C2F703E090D0A20202020202020203C6272202F3E0D0A20202020202020203C6272202F3E0D0A20202020202020203C6272202F3E0D0A20202020202020203C6272202F3E0D0A0D0A20202020203C2F78736C3A74656D706C6174653E0D0A0D0A200D0A2020203C78736C3A74656D706C617465206D617463683D2266696C652D7265736F75726365223E0D0A20202020202020203C78736C3A63686F6F73653E0D0A2020202020202020202020203C78736C3A7768656E20746573743D22287265736F757263652D636F6E74656E742D747970653D27696D6167652F6A70656727206F72207265736F757263652D636F6E74656E742D747970653D27696D6167652F6A706727206F72207265736F757263652D636F6E74656E742D747970653D27696D6167652F706A70656727206F72207265736F757263652D636F6E74656E742D747970653D27696D6167652F67696627206F72207265736F757263652D636F6E74656E742D747970653D27696D6167652F706E67272922203E0D0A202020202020202020202020202020203C696D67207372633D22646F63756D656E743F69643D7B7265736F757263652D646F63756D656E742D69647D26616D703B69645F6174747269627574653D7B7265736F757263652D6174747269627574652D69647D2220616C69676E3D22726967687422202F3E0D0A2020202020202020202020203C2F78736C3A7768656E3E0D0A2020202020202020202020203C78736C3A6F74686572776973653E0D0A202020202020202020202020202020203C6120687265663D22646F63756D656E743F69643D7B7265736F757263652D646F63756D656E742D69647D26616D703B69645F6174747269627574653D7B7265736F757263652D6174747269627574652D69647D223E200D0A20202020202020202020202020202020202020203C696D67207372633D22696D616765732F61646D696E2F736B696E2F706C7567696E732F646F63756D656E742F66696C6574797065732F66696C652E706E672220626F726465723D223022202F3E0D0A202020202020202020202020202020203C2F613E0D0A2020202020202020202020203C2F78736C3A6F74686572776973653E20202020202020200D0A20202020202020203C2F78736C3A63686F6F73653E0D0A202020203C2F78736C3A74656D706C6174653E0D0A3C2F78736C3A7374796C6573686565743E,'dublincore');
INSERT INTO document_type (code_document_type,document_type_name,description,thumbnail_attr_id,default_thumbnail_url,admin_xsl,content_service_xsl,metadata_handler) VALUES 
('video','Video','Video',0,'',NULL,NULL,'dublincore');
INSERT INTO document_type (code_document_type,document_type_name,description,thumbnail_attr_id,default_thumbnail_url,admin_xsl,content_service_xsl,metadata_handler) VALUES 
('pdf','PDF','Fichier PDF',0,'images/admin/skin/plugins/document/filetypes/pdf.png',NULL,NULL,'dublincore');
INSERT INTO document_type (code_document_type,document_type_name,description,thumbnail_attr_id,default_thumbnail_url,admin_xsl,content_service_xsl,metadata_handler) VALUES 
('sound','Enregistrement sonore','Enregistrement sonore',0,'',NULL,NULL,'dublincore');
INSERT INTO document_type (code_document_type,document_type_name,description,thumbnail_attr_id,default_thumbnail_url,admin_xsl,content_service_xsl,metadata_handler) VALUES 
('banner','Bannières','Bannières du site',0,'',NULL,NULL,'none');
INSERT INTO document_type (code_document_type,document_type_name,description,thumbnail_attr_id,default_thumbnail_url,admin_xsl,content_service_xsl,metadata_handler) VALUES 
('flash','Flash','Flash',0,'',NULL,0x3C3F786D6C2076657273696F6E3D22312E30223F3E0D0A0D0A3C78736C3A7374796C6573686565742076657273696F6E3D22312E302220786D6C6E733A78736C3D22687474703A2F2F7777772E77332E6F72672F313939392F58534C2F5472616E73666F726D223E0D0A0D0A093C78736C3A706172616D206E616D653D227075626C69636174696F6E2D64617465222073656C6563743D227075626C69636174696F6E2D6461746522202F3E0D0A093C212D2D0D0A09486F7720746F20646973706C617920746865207075626C69636174696F6E2064617465203A0D0A093C78736C3A76616C75652D6F662073656C6563743D22247075626C69636174696F6E2D6461746522202F3E0D0A092D2D3E0D0A090D0A093C78736C3A6F7574707574206D6574686F643D2268746D6C2220696E64656E743D22796573222F3E0D0A093C78736C3A74656D706C617465206D617463683D22666C617368223E0D0A09093C68313E3C78736C3A76616C75652D6F662073656C6563743D22646F63756D656E742D7469746C6522202F3E3C2F68313E0D0A09093C703E0D0A0909093C78736C3A76616C75652D6F662073656C6563743D22646F63756D656E742D73756D6D61727922202F3E0D0A09093C2F703E0D0A09093C703E0D0A0909093C78736C3A63686F6F73653E0D0A090909093C78736C3A7768656E20746573743D2228666C6173682D6F626A6563742F66696C652D7265736F757263652F7265736F757263652D636F6E74656E742D747970653D276170706C69636174696F6E2F782D73686F636B776176652D666C617368272922203E0D0A09090909093C6F626A656374200D0A090909090909646174613D22646F63756D656E743F69643D7B666C6173682D6F626A6563742F66696C652D7265736F757263652F7265736F757263652D646F63756D656E742D69647D26616D703B69645F6174747269627574653D7B666C6173682D6F626A6563742F66696C652D7265736F757263652F7265736F757263652D6174747269627574652D69647D22200D0A090909090909747970653D226170706C69636174696F6E2F782D73686F636B776176652D666C61736822200D0A09090909090977696474683D227B666C6173682D77696474687D22200D0A0909090909096865696768743D227B666C6173682D6865696768747D220D0A090909090909616C69676E3D227B666C6173682D616C69676E7D220D0A090909090909636C61737369643D22636C7369643A44323743444236452D414536442D313163662D393642382D343434353533353430303030220D0A090909090909636F6465626173653D22687474703A2F2F646F776E6C6F61642E6D6163726F6D656469612E636F6D2F7075622F73686F636B776176652F636162732F666C6173682F7377666C6173682E6361622376657273696F6E3D362C302C302C30220D0A09090909093E0D0A0909090909093C706172616D206E616D653D224175746F7374617274222076616C75653D227B666C6173682D6175746F73746172747D22202F3E0D0A0909090909093C706172616D206E616D653D225175616C697479222076616C75653D227B666C6173682D7175616C6974797D22202F3E0D0A0909090909093C706172616D206E616D653D224C6F6F70222076616C75653D227B666C6173682D6C6F6F707D22202F3E0D0A0909090909093C706172616D206E616D653D226D656E75222076616C75653D227B666C6173682D6D656E757D22202F3E0D0A0909090909093C706172616D206E616D653D22616C6C6F77536372697074416363657373222076616C75653D2273616D65646F6D61696E22202F3E0D0A0909090909093C706172616D206E616D653D226D6F766965222076616C75653D22646F63756D656E743F69643D7B666C6173682D6F626A6563742F66696C652D7265736F757263652F7265736F757263652D646F63756D656E742D69647D26616D703B69645F6174747269627574653D7B666C6173682D6F626A6563742F66696C652D7265736F757263652F7265736F757263652D6174747269627574652D69647D22202F3E0D0A0909090909093C454D424544200D0A090909090909097372633D22646F63756D656E743F69643D7B666C6173682D6F626A6563742F66696C652D7265736F757263652F7265736F757263652D646F63756D656E742D69647D26616D703B69645F6174747269627574653D7B666C6173682D6F626A6563742F66696C652D7265736F757263652F7265736F757263652D6174747269627574652D69647D22200D0A09090909090909747970653D226170706C69636174696F6E2F782D73686F636B776176652D666C617368220D0A0909090909090977696474683D227B666C6173682D77696474687D22200D0A090909090909096865696768743D227B666C6173682D6865696768747D220D0A09090909090909616C69676E3D227B666C6173682D616C69676E7D220D0A090909090909097175616C6974793D227B666C6173682D7175616C6974797D220D0A090909090909096C6F6F703D227B666C6173682D6C6F6F707D220D0A090909090909096D656E753D227B666C6173682D6D656E757D220D0A09090909090909616C6C6F775363726970744163636573733D2273616D65646F6D61696E220D0A09090909090909706C7567696E73706163653D22687474703A2F2F7777772E6D6163726F6D656469612E636F6D2F73686F636B776176652F646F776E6C6F61642F696E6465782E6367693F50315F50726F645F56657273696F6E3D53686F636B77617665466C617368223E0D0A0909090909093C2F454D4245443E0D0A09090909093C2F6F626A6563743E0D0A090909093C2F78736C3A7768656E3E0D0A0909093C2F78736C3A63686F6F73653E0D0A09093C2F703E0D0A09093C626C6F636B71756F74653E0D0A0909093C78736C3A76616C75652D6F662064697361626C652D6F75747075742D6573636170696E673D22796573222073656C6563743D22666C6173682D6372656469747322202F3E0D0A09093C2F626C6F636B71756F74653E0D0A093C2F78736C3A74656D706C6174653E0D0A200D0A093C78736C3A74656D706C617465206D617463683D2266696C652D7265736F75726365223E0D0A202020203C2F78736C3A74656D706C6174653E0D0A3C2F78736C3A7374796C6573686565743E0D0A,'none');

--
-- Dumping data for table document_type_attr
--
INSERT INTO document_type_attr (id_document_attr,code_document_type,code_attr_type,code,document_type_attr_name,description,attr_order,required,searchable) VALUES 
(12,'article','richtext','body','Corps','Corps de l''article',5,1,1);
INSERT INTO document_type_attr (id_document_attr,code_document_type,code_attr_type,code,document_type_attr_name,description,attr_order,required,searchable) VALUES 
(8,'dossier','multiline','body','corps','Corps du dossier',0,1,1);
INSERT INTO document_type_attr (id_document_attr,code_document_type,code_attr_type,code,document_type_attr_name,description,attr_order,required,searchable) VALUES 
(11,'article','file','attachment','Piece jointe','Piece jointe',4,0,0);
INSERT INTO document_type_attr (id_document_attr,code_document_type,code_attr_type,code,document_type_attr_name,description,attr_order,required,searchable) VALUES 
(10,'article','url','url','Url','Url liée à l''article',2,0,0);
INSERT INTO document_type_attr (id_document_attr,code_document_type,code_attr_type,code,document_type_attr_name,description,attr_order,required,searchable) VALUES 
(18,'dvd','url','url','URL','URL du site du Film',3,0,0);
INSERT INTO document_type_attr (id_document_attr,code_document_type,code_attr_type,code,document_type_attr_name,description,attr_order,required,searchable) VALUES 
(20,'dvd','image','cover','Pochette','Image de la jaquette',4,0,0);
INSERT INTO document_type_attr (id_document_attr,code_document_type,code_attr_type,code,document_type_attr_name,description,attr_order,required,searchable) VALUES 
(30,'actor','text','firstname','Prenom','Prenom',1,1,1);
INSERT INTO document_type_attr (id_document_attr,code_document_type,code_attr_type,code,document_type_attr_name,description,attr_order,required,searchable) VALUES 
(31,'actor','text','lastname','Nom','Nom',2,1,1);
INSERT INTO document_type_attr (id_document_attr,code_document_type,code_attr_type,code,document_type_attr_name,description,attr_order,required,searchable) VALUES 
(32,'actor','multiline','function','Fontion','Fonction',3,0,0);
INSERT INTO document_type_attr (id_document_attr,code_document_type,code_attr_type,code,document_type_attr_name,description,attr_order,required,searchable) VALUES 
(39,'video','multiline','comments','commentaires','Commentaires sur la video',2,1,1);
INSERT INTO document_type_attr (id_document_attr,code_document_type,code_attr_type,code,document_type_attr_name,description,attr_order,required,searchable) VALUES 
(40,'video','file','file','Fichier video','Fichier video',3,1,0);
INSERT INTO document_type_attr (id_document_attr,code_document_type,code_attr_type,code,document_type_attr_name,description,attr_order,required,searchable) VALUES 
(41,'actor','image','photo','Photo','Photo',4,0,0);
INSERT INTO document_type_attr (id_document_attr,code_document_type,code_attr_type,code,document_type_attr_name,description,attr_order,required,searchable) VALUES 
(43,'image','image','file','Fichier','Fichier image',2,1,0);
INSERT INTO document_type_attr (id_document_attr,code_document_type,code_attr_type,code,document_type_attr_name,description,attr_order,required,searchable) VALUES 
(44,'image','text','credits','Credits','Credits',3,1,0);
INSERT INTO document_type_attr (id_document_attr,code_document_type,code_attr_type,code,document_type_attr_name,description,attr_order,required,searchable) VALUES 
(48,'pdf','file','file','Fichier','Fichier',2,1,1);
INSERT INTO document_type_attr (id_document_attr,code_document_type,code_attr_type,code,document_type_attr_name,description,attr_order,required,searchable) VALUES 
(50,'sound','file','file','Fichier','Fichier son',2,1,0);
INSERT INTO document_type_attr (id_document_attr,code_document_type,code_attr_type,code,document_type_attr_name,description,attr_order,required,searchable) VALUES 
(51,'sound','text','author','Auteur','Auteur',3,0,1);
INSERT INTO document_type_attr (id_document_attr,code_document_type,code_attr_type,code,document_type_attr_name,description,attr_order,required,searchable) VALUES 
(52,'banner','image','image','Image','Bannière en image',1,1,0);
INSERT INTO document_type_attr (id_document_attr,code_document_type,code_attr_type,code,document_type_attr_name,description,attr_order,required,searchable) VALUES 
(53,'banner','text','description','Description','Description de la bannière',2,1,0);
INSERT INTO document_type_attr (id_document_attr,code_document_type,code_attr_type,code,document_type_attr_name,description,attr_order,required,searchable) VALUES 
(54,'flash','file','object','Objet','Objet Flash',1,1,0);
INSERT INTO document_type_attr (id_document_attr,code_document_type,code_attr_type,code,document_type_attr_name,description,attr_order,required,searchable) VALUES 
(55,'flash','text','credits','Crédits','Crédits',2,1,1);
INSERT INTO document_type_attr (id_document_attr,code_document_type,code_attr_type,code,document_type_attr_name,description,attr_order,required,searchable) VALUES 
(56,'flash','numerictext','height','Hauteur','Hauteur de l''animation',3,1,0);
INSERT INTO document_type_attr (id_document_attr,code_document_type,code_attr_type,code,document_type_attr_name,description,attr_order,required,searchable) VALUES 
(57,'flash','numerictext','width','Largeur','Largeur de l''animation',4,1,0);
INSERT INTO document_type_attr (id_document_attr,code_document_type,code_attr_type,code,document_type_attr_name,description,attr_order,required,searchable) VALUES 
(58,'flash','listbox','autostart','Autostart','Démarrage automatique de l''animation',5,1,0);
INSERT INTO document_type_attr (id_document_attr,code_document_type,code_attr_type,code,document_type_attr_name,description,attr_order,required,searchable) VALUES 
(59,'flash','listbox','quality','Qualité','Qualité de l''animation',6,1,0);
INSERT INTO document_type_attr (id_document_attr,code_document_type,code_attr_type,code,document_type_attr_name,description,attr_order,required,searchable) VALUES 
(60,'flash','listbox','loop','Boucle','Jouer en boucle l''animation',7,1,0);
INSERT INTO document_type_attr (id_document_attr,code_document_type,code_attr_type,code,document_type_attr_name,description,attr_order,required,searchable) VALUES 
(61,'flash','listbox','align','Alignement','Alignement de l''animation',8,1,0);
INSERT INTO document_type_attr (id_document_attr,code_document_type,code_attr_type,code,document_type_attr_name,description,attr_order,required,searchable) VALUES (62,'flash','listbox','menu','Menu','Affichage du menu',9,1,0);
INSERT INTO document_type_attr (id_document_attr, code_document_type, code_attr_type, code, document_type_attr_name, description, attr_order, required, searchable) VALUES (63,'image','richtext','htmltitle','HtmlTitle','Html title',3,1,1);
--
-- Dumping data for table document_type_attr_parameters
--
INSERT INTO document_type_attr_parameters (id_document_attr,parameter_name,id_list_parameter,parameter_value) VALUES (30,'maxlength',1,'50');
INSERT INTO document_type_attr_parameters (id_document_attr,parameter_name,id_list_parameter,parameter_value) VALUES (30,'size',1,'50');
INSERT INTO document_type_attr_parameters (id_document_attr,parameter_name,id_list_parameter,parameter_value) VALUES (31,'maxlength',1,'50');
INSERT INTO document_type_attr_parameters (id_document_attr,parameter_name,id_list_parameter,parameter_value) VALUES (31,'size',1,'50');
INSERT INTO document_type_attr_parameters (id_document_attr,parameter_name,id_list_parameter,parameter_value) VALUES (44,'size',1,'60');
INSERT INTO document_type_attr_parameters (id_document_attr,parameter_name,id_list_parameter,parameter_value) VALUES (44,'maxlength',1,'100');
INSERT INTO document_type_attr_parameters (id_document_attr,parameter_name,id_list_parameter,parameter_value) VALUES (51,'size',1,'60');
INSERT INTO document_type_attr_parameters (id_document_attr,parameter_name,id_list_parameter,parameter_value) VALUES (51,'maxlength',1,'60');
INSERT INTO document_type_attr_parameters (id_document_attr,parameter_name,id_list_parameter,parameter_value) VALUES (53,'size',0,'50');
INSERT INTO document_type_attr_parameters (id_document_attr,parameter_name,id_list_parameter,parameter_value) VALUES (53,'maxlength',0,'60');
INSERT INTO document_type_attr_parameters (id_document_attr,parameter_name,id_list_parameter,parameter_value) VALUES (55,'size',0,'50');
INSERT INTO document_type_attr_parameters (id_document_attr,parameter_name,id_list_parameter,parameter_value) VALUES (55,'maxlength',0,'60');
INSERT INTO document_type_attr_parameters (id_document_attr,parameter_name,id_list_parameter,parameter_value) VALUES (56,'size',0,'4');
INSERT INTO document_type_attr_parameters (id_document_attr,parameter_name,id_list_parameter,parameter_value) VALUES (56,'maxlength',0,'4');
INSERT INTO document_type_attr_parameters (id_document_attr,parameter_name,id_list_parameter,parameter_value) VALUES (57,'size',0,'4');
INSERT INTO document_type_attr_parameters (id_document_attr,parameter_name,id_list_parameter,parameter_value) VALUES (57,'maxlength',0,'4');
INSERT INTO document_type_attr_parameters (id_document_attr,parameter_name,id_list_parameter,parameter_value) VALUES (58,'value',0,'true');
INSERT INTO document_type_attr_parameters (id_document_attr,parameter_name,id_list_parameter,parameter_value) VALUES (58,'items',0,'true');
INSERT INTO document_type_attr_parameters (id_document_attr,parameter_name,id_list_parameter,parameter_value) VALUES (58,'items',1,'false');
INSERT INTO document_type_attr_parameters (id_document_attr,parameter_name,id_list_parameter,parameter_value) VALUES (59,'value',0,'high');
INSERT INTO document_type_attr_parameters (id_document_attr,parameter_name,id_list_parameter,parameter_value) VALUES (59,'items',0,'low');
INSERT INTO document_type_attr_parameters (id_document_attr,parameter_name,id_list_parameter,parameter_value) VALUES (59,'items',1,'high');
INSERT INTO document_type_attr_parameters (id_document_attr,parameter_name,id_list_parameter,parameter_value) VALUES (59,'items',2,'autolow');
INSERT INTO document_type_attr_parameters (id_document_attr,parameter_name,id_list_parameter,parameter_value) VALUES (59,'items',3,'autohigh');
INSERT INTO document_type_attr_parameters (id_document_attr,parameter_name,id_list_parameter,parameter_value) VALUES (59,'items',4,'best');
INSERT INTO document_type_attr_parameters (id_document_attr,parameter_name,id_list_parameter,parameter_value) VALUES (60,'value',0,'true');
INSERT INTO document_type_attr_parameters (id_document_attr,parameter_name,id_list_parameter,parameter_value) VALUES (60,'items',0,'true');
INSERT INTO document_type_attr_parameters (id_document_attr,parameter_name,id_list_parameter,parameter_value) VALUES (60,'items',1,'false');
INSERT INTO document_type_attr_parameters (id_document_attr,parameter_name,id_list_parameter,parameter_value) VALUES (61,'value',0,'top');
INSERT INTO document_type_attr_parameters (id_document_attr,parameter_name,id_list_parameter,parameter_value) VALUES (61,'items',1,'right');
INSERT INTO document_type_attr_parameters (id_document_attr,parameter_name,id_list_parameter,parameter_value) VALUES (61,'items',0,'left');
INSERT INTO document_type_attr_parameters (id_document_attr,parameter_name,id_list_parameter,parameter_value) VALUES (61,'items',2,'top');
INSERT INTO document_type_attr_parameters (id_document_attr,parameter_name,id_list_parameter,parameter_value) VALUES (61,'items',3,'bottom');
INSERT INTO document_type_attr_parameters (id_document_attr,parameter_name,id_list_parameter,parameter_value) VALUES (62,'value',0,'true');
INSERT INTO document_type_attr_parameters (id_document_attr,parameter_name,id_list_parameter,parameter_value) VALUES (62,'items',0,'true');
INSERT INTO document_type_attr_parameters (id_document_attr,parameter_name,id_list_parameter,parameter_value) VALUES (62,'items',1,'false');

--
-- Dumping data for table document_view
--
INSERT INTO document_view (code_view,name_key) VALUES ('detail','document.view.detail');
INSERT INTO document_view (code_view,name_key) VALUES ('thumbnail','document.view.thumbnail');

--
-- Dumping data for table document_workflow_action
--
--
-- Table document_workflow_action
--
INSERT INTO document_workflow_action (id_action, name_key, description_key, action_url, icon_url, action_permission, id_finish_state) VALUES (1,'document.workflow.action.deleteDocument.name','document.workflow.action.deleteDocument.description','jsp/admin/plugins/document/DeleteDocument.jsp?','icon-trash','DELETE',NULL);
INSERT INTO document_workflow_action (id_action, name_key, description_key, action_url, icon_url, action_permission, id_finish_state) VALUES (2,'document.workflow.action.modifyDocument.name','document.workflow.action.modifyDocument.description','jsp/admin/plugins/document/ModifyDocument.jsp?','icon-edit','MODIFY',NULL);
INSERT INTO document_workflow_action (id_action, name_key, description_key, action_url, icon_url, action_permission, id_finish_state) VALUES (3,'document.workflow.action.submitForApproval.name','document.workflow.action.submitForApproval.description','jsp/admin/plugins/document/DoChangeState.jsp?id_state=2&amp;','icon-x-thin-right-arrow icon-x-white','SUBMIT',2);
INSERT INTO document_workflow_action (id_action, name_key, description_key, action_url, icon_url, action_permission, id_finish_state) VALUES (4,'document.workflow.action.approveDocument.name','document.workflow.action.approveDocument.description','jsp/admin/plugins/document/DoValidateDocument.jsp?id_state=3&amp;','icon-ok-sign','VALIDATE',3);
INSERT INTO document_workflow_action (id_action, name_key, description_key, action_url, icon_url, action_permission, id_finish_state) VALUES (5,'document.workflow.action.assignDocument.name','document.workflow.action.assignDocument.description','jsp/admin/plugins/document/ManageDocumentPublishing.jsp?','icon-globe','ASSIGN',NULL);
INSERT INTO document_workflow_action (id_action, name_key, description_key, action_url, icon_url, action_permission, id_finish_state) VALUES (6,'document.workflow.action.rejectDocument.name','document.workflow.action.rejectDocument.description','jsp/admin/plugins/document/DoChangeState.jsp?id_state=4&amp;','icon-minus-sign','VALIDATE',4);
INSERT INTO document_workflow_action (id_action, name_key, description_key, action_url, icon_url, action_permission, id_finish_state) VALUES (7,'document.workflow.action.submitAgain.name','document.workflow.action.submitAgain.description','jsp/admin/plugins/document/DoChangeState.jsp?id_state=2&amp;','icon-ok-sign','SUBMIT',2);
INSERT INTO document_workflow_action (id_action, name_key, description_key, action_url, icon_url, action_permission, id_finish_state) VALUES (8,'document.workflow.action.archiveDocument.name','document.workflow.action.archiveDocument.description','jsp/admin/plugins/document/DoConfirmArchiveDocument.jsp?id_state=5&amp;','icon-download','ARCHIVE',5);
INSERT INTO document_workflow_action (id_action, name_key, description_key, action_url, icon_url, action_permission, id_finish_state) VALUES (9,'document.workflow.action.changeDocument.name','document.workflow.action.changeDocument.description','jsp/admin/plugins/document/ModifyDocument.jsp?id_state=6&amp;','icon-edit','CHANGE',6);
INSERT INTO document_workflow_action (id_action, name_key, description_key, action_url, icon_url, action_permission, id_finish_state) VALUES (10,'document.workflow.action.submitChanges.name','document.workflow.action.submitChanges.description','jsp/admin/plugins/document/DoChangeState.jsp?id_state=7&amp;','icon-cog','SUBMIT',7);
INSERT INTO document_workflow_action (id_action, name_key, description_key, action_url, icon_url, action_permission, id_finish_state) VALUES (11,'document.workflow.action.rejectChanges.name','document.workflow.action.rejectChanges.description','jsp/admin/plugins/document/DoChangeState.jsp?id_state=6&amp;','icon-ok-sign','VALIDATE',6);
INSERT INTO document_workflow_action (id_action, name_key, description_key, action_url, icon_url, action_permission, id_finish_state) VALUES (12,'document.workflow.action.approveChanges.name','document.workflow.action.approveChanges.description','jsp/admin/plugins/document/DoValidateDocument.jsp?id_state=3&amp;','icon-ok-sign','VALIDATE',3);
INSERT INTO document_workflow_action (id_action, name_key, description_key, action_url, icon_url, action_permission, id_finish_state) VALUES (13,'document.workflow.action.unarchiveDocument.name','document.workflow.action.unarchiveDocument.description','jsp/admin/plugins/document/DoChangeState.jsp?id_state=3&amp;','icon-upload','ARCHIVE',3);
INSERT INTO document_workflow_action (id_action, name_key, description_key, action_url, icon_url, action_permission, id_finish_state) VALUES (14,'document.workflow.action.history.name','document.workflow.action.history.description','jsp/admin/plugins/document/DocumentHistory.jsp?','icon-list','VIEW_HISTORY',NULL);
INSERT INTO document_workflow_action (id_action, name_key, description_key, action_url, icon_url, action_permission, id_finish_state) VALUES (15,'document.workflow.action.previewDocument.name','document.workflow.action.previewDocument.description','jsp/admin/plugins/document/PreviewDocument.jsp?','icon-eye-open','VIEW',NULL);
INSERT INTO document_workflow_action (id_action, name_key, description_key, action_url, icon_url, action_permission, id_finish_state) VALUES (16,'document.workflow.action.moveDocument.name','document.workflow.action.moveDocument.description','jsp/admin/plugins/document/MoveDocument.jsp?','icon-move','MOVE',NULL);
INSERT INTO document_workflow_action (id_action, name_key, description_key, action_url, icon_url, action_permission, id_finish_state) VALUES (17,'document.workflow.action.commentDocument.name','document.workflow.action.commentDocument.description','jsp/admin/plugins/document/modules/comment/ManageDocumentComments.jsp?','icon-comment','COMMENT',NULL);
INSERT INTO document_workflow_action (id_action, name_key, description_key, action_url, icon_url, action_permission, id_finish_state) VALUES (18,'document.workflow.action.publishDocument.name','document.workflow.action.publishDocument.description',NULL,'icon-globe','PUBLISH',NULL);

--
-- Dumping data for table document_workflow_state
--
INSERT INTO document_workflow_state (id_state,name_key,description_key,state_order) VALUES 
(1,'document.workflow.state.writing.name','document.workflow.state.writing.description',1);
INSERT INTO document_workflow_state (id_state,name_key,description_key,state_order) VALUES 
(2,'document.workflow.state.waitingForApproval.name','document.workflow.state.waitingForApproval.description',2);
INSERT INTO document_workflow_state (id_state,name_key,description_key,state_order) VALUES 
(3,'document.workflow.state.approved.name','document.workflow.state.approved.description',3);
INSERT INTO document_workflow_state (id_state,name_key,description_key,state_order) VALUES 
(4,'document.workflow.state.rejected.name','document.workflow.state.rejected.description',4);
INSERT INTO document_workflow_state (id_state,name_key,description_key,state_order) VALUES 
(5,'document.workflow.state.archived.name','document.workflow.state.archived.description',5);
INSERT INTO document_workflow_state (id_state,name_key,description_key,state_order) VALUES 
(6,'document.workflow.state.inChange.name','document.workflow.state.inChange.description',6);
INSERT INTO document_workflow_state (id_state,name_key,description_key,state_order) VALUES 
(7,'document.workflow.state.waitingForChangesApproval.name','document.workflow.state.waitingForChangesApproval.name',7);

--
-- Dumping data for table document_workflow_transition
--
INSERT INTO document_workflow_transition (id_state,id_action) VALUES (1,1);
INSERT INTO document_workflow_transition (id_state,id_action) VALUES (1,2);
INSERT INTO document_workflow_transition (id_state,id_action) VALUES (1,3);
INSERT INTO document_workflow_transition (id_state,id_action) VALUES (1,14);
INSERT INTO document_workflow_transition (id_state,id_action) VALUES (1,15);
INSERT INTO document_workflow_transition (id_state,id_action) VALUES (1,16);
INSERT INTO document_workflow_transition (id_state,id_action) VALUES (2,2);
INSERT INTO document_workflow_transition (id_state,id_action) VALUES (2,4);
INSERT INTO document_workflow_transition (id_state,id_action) VALUES (2,6);
INSERT INTO document_workflow_transition (id_state,id_action) VALUES (2,14);
INSERT INTO document_workflow_transition (id_state,id_action) VALUES (2,15);
INSERT INTO document_workflow_transition (id_state,id_action) VALUES (2,16);
INSERT INTO document_workflow_transition (id_state,id_action) VALUES (3,0);
INSERT INTO document_workflow_transition (id_state,id_action) VALUES (3,5);
INSERT INTO document_workflow_transition (id_state,id_action) VALUES (3,8);
INSERT INTO document_workflow_transition (id_state,id_action) VALUES (3,9);
INSERT INTO document_workflow_transition (id_state,id_action) VALUES (3,14);
INSERT INTO document_workflow_transition (id_state,id_action) VALUES (3,15);
INSERT INTO document_workflow_transition (id_state,id_action) VALUES (4,1);
INSERT INTO document_workflow_transition (id_state,id_action) VALUES (4,2);
INSERT INTO document_workflow_transition (id_state,id_action) VALUES (4,7);
INSERT INTO document_workflow_transition (id_state,id_action) VALUES (4,14);
INSERT INTO document_workflow_transition (id_state,id_action) VALUES (4,15);
INSERT INTO document_workflow_transition (id_state,id_action) VALUES (4,16);
INSERT INTO document_workflow_transition (id_state,id_action) VALUES (5,1);
INSERT INTO document_workflow_transition (id_state,id_action) VALUES (5,13);
INSERT INTO document_workflow_transition (id_state,id_action) VALUES (5,14);
INSERT INTO document_workflow_transition (id_state,id_action) VALUES (5,15);
INSERT INTO document_workflow_transition (id_state,id_action) VALUES (6,9);
INSERT INTO document_workflow_transition (id_state,id_action) VALUES (6,10);
INSERT INTO document_workflow_transition (id_state,id_action) VALUES (6,14);
INSERT INTO document_workflow_transition (id_state,id_action) VALUES (6,15);
INSERT INTO document_workflow_transition (id_state,id_action) VALUES (6,16);
INSERT INTO document_workflow_transition (id_state,id_action) VALUES (7,11);
INSERT INTO document_workflow_transition (id_state,id_action) VALUES (7,12);
INSERT INTO document_workflow_transition (id_state,id_action) VALUES (7,14);
INSERT INTO document_workflow_transition (id_state,id_action) VALUES (7,15);
INSERT INTO document_workflow_transition (id_state,id_action) VALUES (7,16);
INSERT INTO document_workflow_transition (id_state,id_action) VALUES (3,17);
INSERT INTO document_workflow_transition (id_state,id_action) VALUES (3,18);